ISO-10303-21;
HEADER;
FILE_DESCRIPTION(('STEP AP214'),
    '1');
FILE_NAME('A002.101.00 BOT Cover v1.0',
    '',
    ('UNSPECIFIED'),
    ('UNSPECIFIED'),
    'ASCON STEP Converter 1.6',
    'ASCON Math Kernel',
    '');
FILE_SCHEMA(('AUTOMOTIVE_DESIGN { 1 0 10303 214 3 1 1}'));
ENDSEC;

DATA;
#1=SHAPE_REPRESENTATION('NONE',(#2),#6);
#2=AXIS2_PLACEMENT_3D('',#3,#4,#5);
#3=CARTESIAN_POINT('',(0.,0.,0.));
#4=DIRECTION('',(0.,0.,1.));
#5=DIRECTION('',(1.,0.,0.));
#6=(GEOMETRIC_REPRESENTATION_CONTEXT(3)GLOBAL_UNCERTAINTY_ASSIGNED_CONTEXT((#8))
GLOBAL_UNIT_ASSIGNED_CONTEXT((#7,#9,#10))REPRESENTATION_CONTEXT('NONE','NONE'));
#7=(LENGTH_UNIT()NAMED_UNIT(*)SI_UNIT(.MILLI.,.METRE.));
#8=UNCERTAINTY_MEASURE_WITH_UNIT(LENGTH_MEASURE(1.E-005),#7,'NONE','NONE');
#9=(NAMED_UNIT(*)PLANE_ANGLE_UNIT()SI_UNIT($,.RADIAN.));
#10=(NAMED_UNIT(*)SI_UNIT($,.STERADIAN.)SOLID_ANGLE_UNIT());
#11=SHAPE_DEFINITION_REPRESENTATION(#12,#1);
#12=PRODUCT_DEFINITION_SHAPE('NONE','NONE',#13);
#13=PRODUCT_DEFINITION('','UNSPECIFIED',#14,#22);
#14=PRODUCT_DEFINITION_FORMATION_WITH_SPECIFIED_SOURCE('ANY','UNSPECIFIED',#15,.NOT_KNOWN.);
#15=PRODUCT('A002.101.00','BOT Cover v1.0','NONE',(#25));
#16=PERSON('UNSPECIFIED','bitrate897@outlook.com','UNSPECIFIED',('UNSPECIFIED'),
('UNSPECIFIED'),('UNSPECIFIED'));
#17=ORGANIZATION('UNSPECIFIED','UNSPECIFIED','UNSPECIFIED');
#18=PERSON_AND_ORGANIZATION(#16,#17);
#19=PERSON_AND_ORGANIZATION_ROLE('design_owner');
#20=CC_DESIGN_PERSON_AND_ORGANIZATION_ASSIGNMENT(#18,#19,(#15));
#21=PRODUCT_RELATED_PRODUCT_CATEGORY('detail','',(#15));
#22=DESIGN_CONTEXT('detailed design',#23,'design');
#23=APPLICATION_CONTEXT('configuration controlled 3d designs of mechanical parts and assemblies');
#24=APPLICATION_PROTOCOL_DEFINITION('international standard','automotive_design',
2011,#23);
#25=MECHANICAL_CONTEXT('NONE',#23,'mechanical');
#26=CC_DESIGN_DATE_AND_TIME_ASSIGNMENT(#27,#31,(#13));
#27=DATE_AND_TIME(#28,#29);
#28=CALENDAR_DATE(0,1,1);
#29=LOCAL_TIME(0,0,0.,#30);
#30=COORDINATED_UNIVERSAL_TIME_OFFSET(0,0,.AHEAD.);
#31=DATE_TIME_ROLE('creation_date');
#32=CC_DESIGN_APPROVAL(#33,(#13));
#33=APPROVAL(#34,'UNSPECIFIED');
#34=APPROVAL_STATUS('not_yet_approved');
#35=APPROVAL_DATE_TIME(#36,#33);
#36=DATE_AND_TIME(#37,#38);
#37=CALENDAR_DATE(0,1,1);
#38=LOCAL_TIME(0,0,0.,#39);
#39=COORDINATED_UNIVERSAL_TIME_OFFSET(0,0,.AHEAD.);
#40=MANIFOLD_SOLID_BREP('',#41);
#41=CLOSED_SHELL('',(#53,#62,#71,#80,#89,#98,#107,#116,#125,#134,#143,#152,#161,
#170,#179,#188,#197,#206,#215,#224,#233,#242,#251,#260,#269,#278,#287,#296,#305,
#314,#323,#332,#341,#350,#359,#368,#377,#386,#395,#404,#413,#422,#431,#440,#449,
#458,#467,#476,#485,#494,#503,#512,#521,#530,#539,#548,#557,#566,#575,#584,#593,
#602,#611,#620,#629,#638,#647,#656,#665,#674,#683,#692,#701,#710,#719,#728,#737,
#746,#755));
#42=COLOUR_RGB('',0.564705882352941,0.564705882352941,0.564705882352941);
#43=FILL_AREA_STYLE_COLOUR('',#42);
#44=FILL_AREA_STYLE($,(#43));
#45=SURFACE_STYLE_FILL_AREA(#44);
#46=SURFACE_SIDE_STYLE('',(#45));
#47=SURFACE_STYLE_USAGE(.BOTH.,#46);
#48=PRESENTATION_STYLE_ASSIGNMENT((#47));
#49=MECHANICAL_DESIGN_GEOMETRIC_PRESENTATION_REPRESENTATION('NONE',(#50,#61,#70,
#79,#88,#97,#106,#115,#124,#133,#142,#151,#160,#169,#178,#187,#196,#205,#214,#223,
#232,#241,#250,#259,#268,#277,#286,#295,#304,#313,#322,#331,#340,#349,#358,#367,
#376,#385,#394,#403,#412,#421,#430,#439,#448,#457,#466,#475,#484,#493,#502,#511,
#520,#529,#538,#547,#556,#565,#574,#583,#592,#601,#610,#619,#628,#637,#646,#655,
#664,#673,#682,#691,#700,#709,#718,#727,#736,#745,#754,#763),#6);
#50=STYLED_ITEM('',(#48),#40);
#51=ADVANCED_BREP_SHAPE_REPRESENTATION('NONE',(#40),#6);
#52=SHAPE_REPRESENTATION_RELATIONSHIP('','',#1,#51);
#53=ADVANCED_FACE('',(#764),#766,.F.);
#54=COLOUR_RGB('',0.564705882352941,0.564705882352941,0.564705882352941);
#55=FILL_AREA_STYLE_COLOUR('',#54);
#56=FILL_AREA_STYLE($,(#55));
#57=SURFACE_STYLE_FILL_AREA(#56);
#58=SURFACE_SIDE_STYLE('',(#57));
#59=SURFACE_STYLE_USAGE(.BOTH.,#58);
#60=PRESENTATION_STYLE_ASSIGNMENT((#59));
#61=STYLED_ITEM('',(#60),#53);
#62=ADVANCED_FACE('',(#771),#773,.F.);
#63=COLOUR_RGB('',0.564705882352941,0.564705882352941,0.564705882352941);
#64=FILL_AREA_STYLE_COLOUR('',#63);
#65=FILL_AREA_STYLE($,(#64));
#66=SURFACE_STYLE_FILL_AREA(#65);
#67=SURFACE_SIDE_STYLE('',(#66));
#68=SURFACE_STYLE_USAGE(.BOTH.,#67);
#69=PRESENTATION_STYLE_ASSIGNMENT((#68));
#70=STYLED_ITEM('',(#69),#62);
#71=ADVANCED_FACE('',(#778),#780,.F.);
#72=COLOUR_RGB('',0.564705882352941,0.564705882352941,0.564705882352941);
#73=FILL_AREA_STYLE_COLOUR('',#72);
#74=FILL_AREA_STYLE($,(#73));
#75=SURFACE_STYLE_FILL_AREA(#74);
#76=SURFACE_SIDE_STYLE('',(#75));
#77=SURFACE_STYLE_USAGE(.BOTH.,#76);
#78=PRESENTATION_STYLE_ASSIGNMENT((#77));
#79=STYLED_ITEM('',(#78),#71);
#80=ADVANCED_FACE('',(#785),#787,.F.);
#81=COLOUR_RGB('',0.564705882352941,0.564705882352941,0.564705882352941);
#82=FILL_AREA_STYLE_COLOUR('',#81);
#83=FILL_AREA_STYLE($,(#82));
#84=SURFACE_STYLE_FILL_AREA(#83);
#85=SURFACE_SIDE_STYLE('',(#84));
#86=SURFACE_STYLE_USAGE(.BOTH.,#85);
#87=PRESENTATION_STYLE_ASSIGNMENT((#86));
#88=STYLED_ITEM('',(#87),#80);
#89=ADVANCED_FACE('',(#792),#794,.F.);
#90=COLOUR_RGB('',0.564705882352941,0.564705882352941,0.564705882352941);
#91=FILL_AREA_STYLE_COLOUR('',#90);
#92=FILL_AREA_STYLE($,(#91));
#93=SURFACE_STYLE_FILL_AREA(#92);
#94=SURFACE_SIDE_STYLE('',(#93));
#95=SURFACE_STYLE_USAGE(.BOTH.,#94);
#96=PRESENTATION_STYLE_ASSIGNMENT((#95));
#97=STYLED_ITEM('',(#96),#89);
#98=ADVANCED_FACE('',(#799),#801,.F.);
#99=COLOUR_RGB('',0.564705882352941,0.564705882352941,0.564705882352941);
#100=FILL_AREA_STYLE_COLOUR('',#99);
#101=FILL_AREA_STYLE($,(#100));
#102=SURFACE_STYLE_FILL_AREA(#101);
#103=SURFACE_SIDE_STYLE('',(#102));
#104=SURFACE_STYLE_USAGE(.BOTH.,#103);
#105=PRESENTATION_STYLE_ASSIGNMENT((#104));
#106=STYLED_ITEM('',(#105),#98);
#107=ADVANCED_FACE('',(#806),#808,.F.);
#108=COLOUR_RGB('',0.564705882352941,0.564705882352941,0.564705882352941);
#109=FILL_AREA_STYLE_COLOUR('',#108);
#110=FILL_AREA_STYLE($,(#109));
#111=SURFACE_STYLE_FILL_AREA(#110);
#112=SURFACE_SIDE_STYLE('',(#111));
#113=SURFACE_STYLE_USAGE(.BOTH.,#112);
#114=PRESENTATION_STYLE_ASSIGNMENT((#113));
#115=STYLED_ITEM('',(#114),#107);
#116=ADVANCED_FACE('',(#813),#815,.F.);
#117=COLOUR_RGB('',0.564705882352941,0.564705882352941,0.564705882352941);
#118=FILL_AREA_STYLE_COLOUR('',#117);
#119=FILL_AREA_STYLE($,(#118));
#120=SURFACE_STYLE_FILL_AREA(#119);
#121=SURFACE_SIDE_STYLE('',(#120));
#122=SURFACE_STYLE_USAGE(.BOTH.,#121);
#123=PRESENTATION_STYLE_ASSIGNMENT((#122));
#124=STYLED_ITEM('',(#123),#116);
#125=ADVANCED_FACE('',(#820),#822,.F.);
#126=COLOUR_RGB('',0.564705882352941,0.564705882352941,0.564705882352941);
#127=FILL_AREA_STYLE_COLOUR('',#126);
#128=FILL_AREA_STYLE($,(#127));
#129=SURFACE_STYLE_FILL_AREA(#128);
#130=SURFACE_SIDE_STYLE('',(#129));
#131=SURFACE_STYLE_USAGE(.BOTH.,#130);
#132=PRESENTATION_STYLE_ASSIGNMENT((#131));
#133=STYLED_ITEM('',(#132),#125);
#134=ADVANCED_FACE('',(#827),#829,.T.);
#135=COLOUR_RGB('',0.564705882352941,0.564705882352941,0.564705882352941);
#136=FILL_AREA_STYLE_COLOUR('',#135);
#137=FILL_AREA_STYLE($,(#136));
#138=SURFACE_STYLE_FILL_AREA(#137);
#139=SURFACE_SIDE_STYLE('',(#138));
#140=SURFACE_STYLE_USAGE(.BOTH.,#139);
#141=PRESENTATION_STYLE_ASSIGNMENT((#140));
#142=STYLED_ITEM('',(#141),#134);
#143=ADVANCED_FACE('',(#834),#836,.F.);
#144=COLOUR_RGB('',0.564705882352941,0.564705882352941,0.564705882352941);
#145=FILL_AREA_STYLE_COLOUR('',#144);
#146=FILL_AREA_STYLE($,(#145));
#147=SURFACE_STYLE_FILL_AREA(#146);
#148=SURFACE_SIDE_STYLE('',(#147));
#149=SURFACE_STYLE_USAGE(.BOTH.,#148);
#150=PRESENTATION_STYLE_ASSIGNMENT((#149));
#151=STYLED_ITEM('',(#150),#143);
#152=ADVANCED_FACE('',(#841,#843,#845,#847,#849,#851,#853,#855,#857,#859),#861,.F.);
#153=COLOUR_RGB('',0.564705882352941,0.564705882352941,0.564705882352941);
#154=FILL_AREA_STYLE_COLOUR('',#153);
#155=FILL_AREA_STYLE($,(#154));
#156=SURFACE_STYLE_FILL_AREA(#155);
#157=SURFACE_SIDE_STYLE('',(#156));
#158=SURFACE_STYLE_USAGE(.BOTH.,#157);
#159=PRESENTATION_STYLE_ASSIGNMENT((#158));
#160=STYLED_ITEM('',(#159),#152);
#161=ADVANCED_FACE('',(#866),#868,.F.);
#162=COLOUR_RGB('',0.564705882352941,0.564705882352941,0.564705882352941);
#163=FILL_AREA_STYLE_COLOUR('',#162);
#164=FILL_AREA_STYLE($,(#163));
#165=SURFACE_STYLE_FILL_AREA(#164);
#166=SURFACE_SIDE_STYLE('',(#165));
#167=SURFACE_STYLE_USAGE(.BOTH.,#166);
#168=PRESENTATION_STYLE_ASSIGNMENT((#167));
#169=STYLED_ITEM('',(#168),#161);
#170=ADVANCED_FACE('',(#873),#875,.T.);
#171=COLOUR_RGB('',0.564705882352941,0.564705882352941,0.564705882352941);
#172=FILL_AREA_STYLE_COLOUR('',#171);
#173=FILL_AREA_STYLE($,(#172));
#174=SURFACE_STYLE_FILL_AREA(#173);
#175=SURFACE_SIDE_STYLE('',(#174));
#176=SURFACE_STYLE_USAGE(.BOTH.,#175);
#177=PRESENTATION_STYLE_ASSIGNMENT((#176));
#178=STYLED_ITEM('',(#177),#170);
#179=ADVANCED_FACE('',(#880),#882,.F.);
#180=COLOUR_RGB('',0.564705882352941,0.564705882352941,0.564705882352941);
#181=FILL_AREA_STYLE_COLOUR('',#180);
#182=FILL_AREA_STYLE($,(#181));
#183=SURFACE_STYLE_FILL_AREA(#182);
#184=SURFACE_SIDE_STYLE('',(#183));
#185=SURFACE_STYLE_USAGE(.BOTH.,#184);
#186=PRESENTATION_STYLE_ASSIGNMENT((#185));
#187=STYLED_ITEM('',(#186),#179);
#188=ADVANCED_FACE('',(#887),#889,.F.);
#189=COLOUR_RGB('',0.564705882352941,0.564705882352941,0.564705882352941);
#190=FILL_AREA_STYLE_COLOUR('',#189);
#191=FILL_AREA_STYLE($,(#190));
#192=SURFACE_STYLE_FILL_AREA(#191);
#193=SURFACE_SIDE_STYLE('',(#192));
#194=SURFACE_STYLE_USAGE(.BOTH.,#193);
#195=PRESENTATION_STYLE_ASSIGNMENT((#194));
#196=STYLED_ITEM('',(#195),#188);
#197=ADVANCED_FACE('',(#894),#896,.T.);
#198=COLOUR_RGB('',0.564705882352941,0.564705882352941,0.564705882352941);
#199=FILL_AREA_STYLE_COLOUR('',#198);
#200=FILL_AREA_STYLE($,(#199));
#201=SURFACE_STYLE_FILL_AREA(#200);
#202=SURFACE_SIDE_STYLE('',(#201));
#203=SURFACE_STYLE_USAGE(.BOTH.,#202);
#204=PRESENTATION_STYLE_ASSIGNMENT((#203));
#205=STYLED_ITEM('',(#204),#197);
#206=ADVANCED_FACE('',(#901),#903,.F.);
#207=COLOUR_RGB('',0.564705882352941,0.564705882352941,0.564705882352941);
#208=FILL_AREA_STYLE_COLOUR('',#207);
#209=FILL_AREA_STYLE($,(#208));
#210=SURFACE_STYLE_FILL_AREA(#209);
#211=SURFACE_SIDE_STYLE('',(#210));
#212=SURFACE_STYLE_USAGE(.BOTH.,#211);
#213=PRESENTATION_STYLE_ASSIGNMENT((#212));
#214=STYLED_ITEM('',(#213),#206);
#215=ADVANCED_FACE('',(#908),#910,.F.);
#216=COLOUR_RGB('',0.564705882352941,0.564705882352941,0.564705882352941);
#217=FILL_AREA_STYLE_COLOUR('',#216);
#218=FILL_AREA_STYLE($,(#217));
#219=SURFACE_STYLE_FILL_AREA(#218);
#220=SURFACE_SIDE_STYLE('',(#219));
#221=SURFACE_STYLE_USAGE(.BOTH.,#220);
#222=PRESENTATION_STYLE_ASSIGNMENT((#221));
#223=STYLED_ITEM('',(#222),#215);
#224=ADVANCED_FACE('',(#915),#917,.F.);
#225=COLOUR_RGB('',0.564705882352941,0.564705882352941,0.564705882352941);
#226=FILL_AREA_STYLE_COLOUR('',#225);
#227=FILL_AREA_STYLE($,(#226));
#228=SURFACE_STYLE_FILL_AREA(#227);
#229=SURFACE_SIDE_STYLE('',(#228));
#230=SURFACE_STYLE_USAGE(.BOTH.,#229);
#231=PRESENTATION_STYLE_ASSIGNMENT((#230));
#232=STYLED_ITEM('',(#231),#224);
#233=ADVANCED_FACE('',(#922),#924,.F.);
#234=COLOUR_RGB('',0.564705882352941,0.564705882352941,0.564705882352941);
#235=FILL_AREA_STYLE_COLOUR('',#234);
#236=FILL_AREA_STYLE($,(#235));
#237=SURFACE_STYLE_FILL_AREA(#236);
#238=SURFACE_SIDE_STYLE('',(#237));
#239=SURFACE_STYLE_USAGE(.BOTH.,#238);
#240=PRESENTATION_STYLE_ASSIGNMENT((#239));
#241=STYLED_ITEM('',(#240),#233);
#242=ADVANCED_FACE('',(#929),#931,.T.);
#243=COLOUR_RGB('',0.564705882352941,0.564705882352941,0.564705882352941);
#244=FILL_AREA_STYLE_COLOUR('',#243);
#245=FILL_AREA_STYLE($,(#244));
#246=SURFACE_STYLE_FILL_AREA(#245);
#247=SURFACE_SIDE_STYLE('',(#246));
#248=SURFACE_STYLE_USAGE(.BOTH.,#247);
#249=PRESENTATION_STYLE_ASSIGNMENT((#248));
#250=STYLED_ITEM('',(#249),#242);
#251=ADVANCED_FACE('',(#936),#938,.T.);
#252=COLOUR_RGB('',0.564705882352941,0.564705882352941,0.564705882352941);
#253=FILL_AREA_STYLE_COLOUR('',#252);
#254=FILL_AREA_STYLE($,(#253));
#255=SURFACE_STYLE_FILL_AREA(#254);
#256=SURFACE_SIDE_STYLE('',(#255));
#257=SURFACE_STYLE_USAGE(.BOTH.,#256);
#258=PRESENTATION_STYLE_ASSIGNMENT((#257));
#259=STYLED_ITEM('',(#258),#251);
#260=ADVANCED_FACE('',(#943),#945,.T.);
#261=COLOUR_RGB('',0.564705882352941,0.564705882352941,0.564705882352941);
#262=FILL_AREA_STYLE_COLOUR('',#261);
#263=FILL_AREA_STYLE($,(#262));
#264=SURFACE_STYLE_FILL_AREA(#263);
#265=SURFACE_SIDE_STYLE('',(#264));
#266=SURFACE_STYLE_USAGE(.BOTH.,#265);
#267=PRESENTATION_STYLE_ASSIGNMENT((#266));
#268=STYLED_ITEM('',(#267),#260);
#269=ADVANCED_FACE('',(#950),#952,.T.);
#270=COLOUR_RGB('',0.564705882352941,0.564705882352941,0.564705882352941);
#271=FILL_AREA_STYLE_COLOUR('',#270);
#272=FILL_AREA_STYLE($,(#271));
#273=SURFACE_STYLE_FILL_AREA(#272);
#274=SURFACE_SIDE_STYLE('',(#273));
#275=SURFACE_STYLE_USAGE(.BOTH.,#274);
#276=PRESENTATION_STYLE_ASSIGNMENT((#275));
#277=STYLED_ITEM('',(#276),#269);
#278=ADVANCED_FACE('',(#957,#959),#961,.F.);
#279=COLOUR_RGB('',0.564705882352941,0.564705882352941,0.564705882352941);
#280=FILL_AREA_STYLE_COLOUR('',#279);
#281=FILL_AREA_STYLE($,(#280));
#282=SURFACE_STYLE_FILL_AREA(#281);
#283=SURFACE_SIDE_STYLE('',(#282));
#284=SURFACE_STYLE_USAGE(.BOTH.,#283);
#285=PRESENTATION_STYLE_ASSIGNMENT((#284));
#286=STYLED_ITEM('',(#285),#278);
#287=ADVANCED_FACE('',(#966,#968),#970,.F.);
#288=COLOUR_RGB('',0.564705882352941,0.564705882352941,0.564705882352941);
#289=FILL_AREA_STYLE_COLOUR('',#288);
#290=FILL_AREA_STYLE($,(#289));
#291=SURFACE_STYLE_FILL_AREA(#290);
#292=SURFACE_SIDE_STYLE('',(#291));
#293=SURFACE_STYLE_USAGE(.BOTH.,#292);
#294=PRESENTATION_STYLE_ASSIGNMENT((#293));
#295=STYLED_ITEM('',(#294),#287);
#296=ADVANCED_FACE('',(#975),#977,.F.);
#297=COLOUR_RGB('',0.564705882352941,0.564705882352941,0.564705882352941);
#298=FILL_AREA_STYLE_COLOUR('',#297);
#299=FILL_AREA_STYLE($,(#298));
#300=SURFACE_STYLE_FILL_AREA(#299);
#301=SURFACE_SIDE_STYLE('',(#300));
#302=SURFACE_STYLE_USAGE(.BOTH.,#301);
#303=PRESENTATION_STYLE_ASSIGNMENT((#302));
#304=STYLED_ITEM('',(#303),#296);
#305=ADVANCED_FACE('',(#982),#984,.F.);
#306=COLOUR_RGB('',0.564705882352941,0.564705882352941,0.564705882352941);
#307=FILL_AREA_STYLE_COLOUR('',#306);
#308=FILL_AREA_STYLE($,(#307));
#309=SURFACE_STYLE_FILL_AREA(#308);
#310=SURFACE_SIDE_STYLE('',(#309));
#311=SURFACE_STYLE_USAGE(.BOTH.,#310);
#312=PRESENTATION_STYLE_ASSIGNMENT((#311));
#313=STYLED_ITEM('',(#312),#305);
#314=ADVANCED_FACE('',(#989),#991,.F.);
#315=COLOUR_RGB('',0.564705882352941,0.564705882352941,0.564705882352941);
#316=FILL_AREA_STYLE_COLOUR('',#315);
#317=FILL_AREA_STYLE($,(#316));
#318=SURFACE_STYLE_FILL_AREA(#317);
#319=SURFACE_SIDE_STYLE('',(#318));
#320=SURFACE_STYLE_USAGE(.BOTH.,#319);
#321=PRESENTATION_STYLE_ASSIGNMENT((#320));
#322=STYLED_ITEM('',(#321),#314);
#323=ADVANCED_FACE('',(#996),#998,.F.);
#324=COLOUR_RGB('',0.564705882352941,0.564705882352941,0.564705882352941);
#325=FILL_AREA_STYLE_COLOUR('',#324);
#326=FILL_AREA_STYLE($,(#325));
#327=SURFACE_STYLE_FILL_AREA(#326);
#328=SURFACE_SIDE_STYLE('',(#327));
#329=SURFACE_STYLE_USAGE(.BOTH.,#328);
#330=PRESENTATION_STYLE_ASSIGNMENT((#329));
#331=STYLED_ITEM('',(#330),#323);
#332=ADVANCED_FACE('',(#1003),#1005,.F.);
#333=COLOUR_RGB('',0.564705882352941,0.564705882352941,0.564705882352941);
#334=FILL_AREA_STYLE_COLOUR('',#333);
#335=FILL_AREA_STYLE($,(#334));
#336=SURFACE_STYLE_FILL_AREA(#335);
#337=SURFACE_SIDE_STYLE('',(#336));
#338=SURFACE_STYLE_USAGE(.BOTH.,#337);
#339=PRESENTATION_STYLE_ASSIGNMENT((#338));
#340=STYLED_ITEM('',(#339),#332);
#341=ADVANCED_FACE('',(#1010),#1012,.F.);
#342=COLOUR_RGB('',0.564705882352941,0.564705882352941,0.564705882352941);
#343=FILL_AREA_STYLE_COLOUR('',#342);
#344=FILL_AREA_STYLE($,(#343));
#345=SURFACE_STYLE_FILL_AREA(#344);
#346=SURFACE_SIDE_STYLE('',(#345));
#347=SURFACE_STYLE_USAGE(.BOTH.,#346);
#348=PRESENTATION_STYLE_ASSIGNMENT((#347));
#349=STYLED_ITEM('',(#348),#341);
#350=ADVANCED_FACE('',(#1017),#1019,.F.);
#351=COLOUR_RGB('',0.564705882352941,0.564705882352941,0.564705882352941);
#352=FILL_AREA_STYLE_COLOUR('',#351);
#353=FILL_AREA_STYLE($,(#352));
#354=SURFACE_STYLE_FILL_AREA(#353);
#355=SURFACE_SIDE_STYLE('',(#354));
#356=SURFACE_STYLE_USAGE(.BOTH.,#355);
#357=PRESENTATION_STYLE_ASSIGNMENT((#356));
#358=STYLED_ITEM('',(#357),#350);
#359=ADVANCED_FACE('',(#1024),#1026,.F.);
#360=COLOUR_RGB('',0.564705882352941,0.564705882352941,0.564705882352941);
#361=FILL_AREA_STYLE_COLOUR('',#360);
#362=FILL_AREA_STYLE($,(#361));
#363=SURFACE_STYLE_FILL_AREA(#362);
#364=SURFACE_SIDE_STYLE('',(#363));
#365=SURFACE_STYLE_USAGE(.BOTH.,#364);
#366=PRESENTATION_STYLE_ASSIGNMENT((#365));
#367=STYLED_ITEM('',(#366),#359);
#368=ADVANCED_FACE('',(#1031),#1033,.F.);
#369=COLOUR_RGB('',0.564705882352941,0.564705882352941,0.564705882352941);
#370=FILL_AREA_STYLE_COLOUR('',#369);
#371=FILL_AREA_STYLE($,(#370));
#372=SURFACE_STYLE_FILL_AREA(#371);
#373=SURFACE_SIDE_STYLE('',(#372));
#374=SURFACE_STYLE_USAGE(.BOTH.,#373);
#375=PRESENTATION_STYLE_ASSIGNMENT((#374));
#376=STYLED_ITEM('',(#375),#368);
#377=ADVANCED_FACE('',(#1038),#1040,.F.);
#378=COLOUR_RGB('',0.564705882352941,0.564705882352941,0.564705882352941);
#379=FILL_AREA_STYLE_COLOUR('',#378);
#380=FILL_AREA_STYLE($,(#379));
#381=SURFACE_STYLE_FILL_AREA(#380);
#382=SURFACE_SIDE_STYLE('',(#381));
#383=SURFACE_STYLE_USAGE(.BOTH.,#382);
#384=PRESENTATION_STYLE_ASSIGNMENT((#383));
#385=STYLED_ITEM('',(#384),#377);
#386=ADVANCED_FACE('',(#1045),#1047,.F.);
#387=COLOUR_RGB('',0.564705882352941,0.564705882352941,0.564705882352941);
#388=FILL_AREA_STYLE_COLOUR('',#387);
#389=FILL_AREA_STYLE($,(#388));
#390=SURFACE_STYLE_FILL_AREA(#389);
#391=SURFACE_SIDE_STYLE('',(#390));
#392=SURFACE_STYLE_USAGE(.BOTH.,#391);
#393=PRESENTATION_STYLE_ASSIGNMENT((#392));
#394=STYLED_ITEM('',(#393),#386);
#395=ADVANCED_FACE('',(#1052),#1054,.F.);
#396=COLOUR_RGB('',0.564705882352941,0.564705882352941,0.564705882352941);
#397=FILL_AREA_STYLE_COLOUR('',#396);
#398=FILL_AREA_STYLE($,(#397));
#399=SURFACE_STYLE_FILL_AREA(#398);
#400=SURFACE_SIDE_STYLE('',(#399));
#401=SURFACE_STYLE_USAGE(.BOTH.,#400);
#402=PRESENTATION_STYLE_ASSIGNMENT((#401));
#403=STYLED_ITEM('',(#402),#395);
#404=ADVANCED_FACE('',(#1059),#1061,.F.);
#405=COLOUR_RGB('',0.564705882352941,0.564705882352941,0.564705882352941);
#406=FILL_AREA_STYLE_COLOUR('',#405);
#407=FILL_AREA_STYLE($,(#406));
#408=SURFACE_STYLE_FILL_AREA(#407);
#409=SURFACE_SIDE_STYLE('',(#408));
#410=SURFACE_STYLE_USAGE(.BOTH.,#409);
#411=PRESENTATION_STYLE_ASSIGNMENT((#410));
#412=STYLED_ITEM('',(#411),#404);
#413=ADVANCED_FACE('',(#1066),#1068,.F.);
#414=COLOUR_RGB('',0.564705882352941,0.564705882352941,0.564705882352941);
#415=FILL_AREA_STYLE_COLOUR('',#414);
#416=FILL_AREA_STYLE($,(#415));
#417=SURFACE_STYLE_FILL_AREA(#416);
#418=SURFACE_SIDE_STYLE('',(#417));
#419=SURFACE_STYLE_USAGE(.BOTH.,#418);
#420=PRESENTATION_STYLE_ASSIGNMENT((#419));
#421=STYLED_ITEM('',(#420),#413);
#422=ADVANCED_FACE('',(#1073),#1075,.F.);
#423=COLOUR_RGB('',0.564705882352941,0.564705882352941,0.564705882352941);
#424=FILL_AREA_STYLE_COLOUR('',#423);
#425=FILL_AREA_STYLE($,(#424));
#426=SURFACE_STYLE_FILL_AREA(#425);
#427=SURFACE_SIDE_STYLE('',(#426));
#428=SURFACE_STYLE_USAGE(.BOTH.,#427);
#429=PRESENTATION_STYLE_ASSIGNMENT((#428));
#430=STYLED_ITEM('',(#429),#422);
#431=ADVANCED_FACE('',(#1080),#1082,.F.);
#432=COLOUR_RGB('',0.564705882352941,0.564705882352941,0.564705882352941);
#433=FILL_AREA_STYLE_COLOUR('',#432);
#434=FILL_AREA_STYLE($,(#433));
#435=SURFACE_STYLE_FILL_AREA(#434);
#436=SURFACE_SIDE_STYLE('',(#435));
#437=SURFACE_STYLE_USAGE(.BOTH.,#436);
#438=PRESENTATION_STYLE_ASSIGNMENT((#437));
#439=STYLED_ITEM('',(#438),#431);
#440=ADVANCED_FACE('',(#1087),#1089,.F.);
#441=COLOUR_RGB('',0.564705882352941,0.564705882352941,0.564705882352941);
#442=FILL_AREA_STYLE_COLOUR('',#441);
#443=FILL_AREA_STYLE($,(#442));
#444=SURFACE_STYLE_FILL_AREA(#443);
#445=SURFACE_SIDE_STYLE('',(#444));
#446=SURFACE_STYLE_USAGE(.BOTH.,#445);
#447=PRESENTATION_STYLE_ASSIGNMENT((#446));
#448=STYLED_ITEM('',(#447),#440);
#449=ADVANCED_FACE('',(#1094),#1096,.F.);
#450=COLOUR_RGB('',0.564705882352941,0.564705882352941,0.564705882352941);
#451=FILL_AREA_STYLE_COLOUR('',#450);
#452=FILL_AREA_STYLE($,(#451));
#453=SURFACE_STYLE_FILL_AREA(#452);
#454=SURFACE_SIDE_STYLE('',(#453));
#455=SURFACE_STYLE_USAGE(.BOTH.,#454);
#456=PRESENTATION_STYLE_ASSIGNMENT((#455));
#457=STYLED_ITEM('',(#456),#449);
#458=ADVANCED_FACE('',(#1101),#1103,.F.);
#459=COLOUR_RGB('',0.564705882352941,0.564705882352941,0.564705882352941);
#460=FILL_AREA_STYLE_COLOUR('',#459);
#461=FILL_AREA_STYLE($,(#460));
#462=SURFACE_STYLE_FILL_AREA(#461);
#463=SURFACE_SIDE_STYLE('',(#462));
#464=SURFACE_STYLE_USAGE(.BOTH.,#463);
#465=PRESENTATION_STYLE_ASSIGNMENT((#464));
#466=STYLED_ITEM('',(#465),#458);
#467=ADVANCED_FACE('',(#1108),#1110,.F.);
#468=COLOUR_RGB('',0.564705882352941,0.564705882352941,0.564705882352941);
#469=FILL_AREA_STYLE_COLOUR('',#468);
#470=FILL_AREA_STYLE($,(#469));
#471=SURFACE_STYLE_FILL_AREA(#470);
#472=SURFACE_SIDE_STYLE('',(#471));
#473=SURFACE_STYLE_USAGE(.BOTH.,#472);
#474=PRESENTATION_STYLE_ASSIGNMENT((#473));
#475=STYLED_ITEM('',(#474),#467);
#476=ADVANCED_FACE('',(#1115),#1117,.F.);
#477=COLOUR_RGB('',0.564705882352941,0.564705882352941,0.564705882352941);
#478=FILL_AREA_STYLE_COLOUR('',#477);
#479=FILL_AREA_STYLE($,(#478));
#480=SURFACE_STYLE_FILL_AREA(#479);
#481=SURFACE_SIDE_STYLE('',(#480));
#482=SURFACE_STYLE_USAGE(.BOTH.,#481);
#483=PRESENTATION_STYLE_ASSIGNMENT((#482));
#484=STYLED_ITEM('',(#483),#476);
#485=ADVANCED_FACE('',(#1122),#1124,.F.);
#486=COLOUR_RGB('',0.564705882352941,0.564705882352941,0.564705882352941);
#487=FILL_AREA_STYLE_COLOUR('',#486);
#488=FILL_AREA_STYLE($,(#487));
#489=SURFACE_STYLE_FILL_AREA(#488);
#490=SURFACE_SIDE_STYLE('',(#489));
#491=SURFACE_STYLE_USAGE(.BOTH.,#490);
#492=PRESENTATION_STYLE_ASSIGNMENT((#491));
#493=STYLED_ITEM('',(#492),#485);
#494=ADVANCED_FACE('',(#1129,#1131),#1133,.F.);
#495=COLOUR_RGB('',0.564705882352941,0.564705882352941,0.564705882352941);
#496=FILL_AREA_STYLE_COLOUR('',#495);
#497=FILL_AREA_STYLE($,(#496));
#498=SURFACE_STYLE_FILL_AREA(#497);
#499=SURFACE_SIDE_STYLE('',(#498));
#500=SURFACE_STYLE_USAGE(.BOTH.,#499);
#501=PRESENTATION_STYLE_ASSIGNMENT((#500));
#502=STYLED_ITEM('',(#501),#494);
#503=ADVANCED_FACE('',(#1138,#1140),#1142,.F.);
#504=COLOUR_RGB('',0.564705882352941,0.564705882352941,0.564705882352941);
#505=FILL_AREA_STYLE_COLOUR('',#504);
#506=FILL_AREA_STYLE($,(#505));
#507=SURFACE_STYLE_FILL_AREA(#506);
#508=SURFACE_SIDE_STYLE('',(#507));
#509=SURFACE_STYLE_USAGE(.BOTH.,#508);
#510=PRESENTATION_STYLE_ASSIGNMENT((#509));
#511=STYLED_ITEM('',(#510),#503);
#512=ADVANCED_FACE('',(#1147,#1149),#1151,.F.);
#513=COLOUR_RGB('',0.564705882352941,0.564705882352941,0.564705882352941);
#514=FILL_AREA_STYLE_COLOUR('',#513);
#515=FILL_AREA_STYLE($,(#514));
#516=SURFACE_STYLE_FILL_AREA(#515);
#517=SURFACE_SIDE_STYLE('',(#516));
#518=SURFACE_STYLE_USAGE(.BOTH.,#517);
#519=PRESENTATION_STYLE_ASSIGNMENT((#518));
#520=STYLED_ITEM('',(#519),#512);
#521=ADVANCED_FACE('',(#1156,#1158),#1160,.F.);
#522=COLOUR_RGB('',0.564705882352941,0.564705882352941,0.564705882352941);
#523=FILL_AREA_STYLE_COLOUR('',#522);
#524=FILL_AREA_STYLE($,(#523));
#525=SURFACE_STYLE_FILL_AREA(#524);
#526=SURFACE_SIDE_STYLE('',(#525));
#527=SURFACE_STYLE_USAGE(.BOTH.,#526);
#528=PRESENTATION_STYLE_ASSIGNMENT((#527));
#529=STYLED_ITEM('',(#528),#521);
#530=ADVANCED_FACE('',(#1165,#1167),#1169,.F.);
#531=COLOUR_RGB('',0.564705882352941,0.564705882352941,0.564705882352941);
#532=FILL_AREA_STYLE_COLOUR('',#531);
#533=FILL_AREA_STYLE($,(#532));
#534=SURFACE_STYLE_FILL_AREA(#533);
#535=SURFACE_SIDE_STYLE('',(#534));
#536=SURFACE_STYLE_USAGE(.BOTH.,#535);
#537=PRESENTATION_STYLE_ASSIGNMENT((#536));
#538=STYLED_ITEM('',(#537),#530);
#539=ADVANCED_FACE('',(#1174,#1176),#1178,.F.);
#540=COLOUR_RGB('',0.564705882352941,0.564705882352941,0.564705882352941);
#541=FILL_AREA_STYLE_COLOUR('',#540);
#542=FILL_AREA_STYLE($,(#541));
#543=SURFACE_STYLE_FILL_AREA(#542);
#544=SURFACE_SIDE_STYLE('',(#543));
#545=SURFACE_STYLE_USAGE(.BOTH.,#544);
#546=PRESENTATION_STYLE_ASSIGNMENT((#545));
#547=STYLED_ITEM('',(#546),#539);
#548=ADVANCED_FACE('',(#1183),#1185,.F.);
#549=COLOUR_RGB('',0.564705882352941,0.564705882352941,0.564705882352941);
#550=FILL_AREA_STYLE_COLOUR('',#549);
#551=FILL_AREA_STYLE($,(#550));
#552=SURFACE_STYLE_FILL_AREA(#551);
#553=SURFACE_SIDE_STYLE('',(#552));
#554=SURFACE_STYLE_USAGE(.BOTH.,#553);
#555=PRESENTATION_STYLE_ASSIGNMENT((#554));
#556=STYLED_ITEM('',(#555),#548);
#557=ADVANCED_FACE('',(#1190,#1192,#1194,#1196,#1198,#1200,#1202,#1204,#1206),#1208,
.T.);
#558=COLOUR_RGB('',0.564705882352941,0.564705882352941,0.564705882352941);
#559=FILL_AREA_STYLE_COLOUR('',#558);
#560=FILL_AREA_STYLE($,(#559));
#561=SURFACE_STYLE_FILL_AREA(#560);
#562=SURFACE_SIDE_STYLE('',(#561));
#563=SURFACE_STYLE_USAGE(.BOTH.,#562);
#564=PRESENTATION_STYLE_ASSIGNMENT((#563));
#565=STYLED_ITEM('',(#564),#557);
#566=ADVANCED_FACE('',(#1213,#1215),#1217,.F.);
#567=COLOUR_RGB('',0.564705882352941,0.564705882352941,0.564705882352941);
#568=FILL_AREA_STYLE_COLOUR('',#567);
#569=FILL_AREA_STYLE($,(#568));
#570=SURFACE_STYLE_FILL_AREA(#569);
#571=SURFACE_SIDE_STYLE('',(#570));
#572=SURFACE_STYLE_USAGE(.BOTH.,#571);
#573=PRESENTATION_STYLE_ASSIGNMENT((#572));
#574=STYLED_ITEM('',(#573),#566);
#575=ADVANCED_FACE('',(#1222,#1224),#1226,.F.);
#576=COLOUR_RGB('',0.564705882352941,0.564705882352941,0.564705882352941);
#577=FILL_AREA_STYLE_COLOUR('',#576);
#578=FILL_AREA_STYLE($,(#577));
#579=SURFACE_STYLE_FILL_AREA(#578);
#580=SURFACE_SIDE_STYLE('',(#579));
#581=SURFACE_STYLE_USAGE(.BOTH.,#580);
#582=PRESENTATION_STYLE_ASSIGNMENT((#581));
#583=STYLED_ITEM('',(#582),#575);
#584=ADVANCED_FACE('',(#1231),#1233,.F.);
#585=COLOUR_RGB('',0.564705882352941,0.564705882352941,0.564705882352941);
#586=FILL_AREA_STYLE_COLOUR('',#585);
#587=FILL_AREA_STYLE($,(#586));
#588=SURFACE_STYLE_FILL_AREA(#587);
#589=SURFACE_SIDE_STYLE('',(#588));
#590=SURFACE_STYLE_USAGE(.BOTH.,#589);
#591=PRESENTATION_STYLE_ASSIGNMENT((#590));
#592=STYLED_ITEM('',(#591),#584);
#593=ADVANCED_FACE('',(#1238),#1240,.F.);
#594=COLOUR_RGB('',0.564705882352941,0.564705882352941,0.564705882352941);
#595=FILL_AREA_STYLE_COLOUR('',#594);
#596=FILL_AREA_STYLE($,(#595));
#597=SURFACE_STYLE_FILL_AREA(#596);
#598=SURFACE_SIDE_STYLE('',(#597));
#599=SURFACE_STYLE_USAGE(.BOTH.,#598);
#600=PRESENTATION_STYLE_ASSIGNMENT((#599));
#601=STYLED_ITEM('',(#600),#593);
#602=ADVANCED_FACE('',(#1245,#1247),#1249,.F.);
#603=COLOUR_RGB('',0.564705882352941,0.564705882352941,0.564705882352941);
#604=FILL_AREA_STYLE_COLOUR('',#603);
#605=FILL_AREA_STYLE($,(#604));
#606=SURFACE_STYLE_FILL_AREA(#605);
#607=SURFACE_SIDE_STYLE('',(#606));
#608=SURFACE_STYLE_USAGE(.BOTH.,#607);
#609=PRESENTATION_STYLE_ASSIGNMENT((#608));
#610=STYLED_ITEM('',(#609),#602);
#611=ADVANCED_FACE('',(#1254,#1256),#1258,.F.);
#612=COLOUR_RGB('',0.564705882352941,0.564705882352941,0.564705882352941);
#613=FILL_AREA_STYLE_COLOUR('',#612);
#614=FILL_AREA_STYLE($,(#613));
#615=SURFACE_STYLE_FILL_AREA(#614);
#616=SURFACE_SIDE_STYLE('',(#615));
#617=SURFACE_STYLE_USAGE(.BOTH.,#616);
#618=PRESENTATION_STYLE_ASSIGNMENT((#617));
#619=STYLED_ITEM('',(#618),#611);
#620=ADVANCED_FACE('',(#1263,#1265),#1267,.F.);
#621=COLOUR_RGB('',0.564705882352941,0.564705882352941,0.564705882352941);
#622=FILL_AREA_STYLE_COLOUR('',#621);
#623=FILL_AREA_STYLE($,(#622));
#624=SURFACE_STYLE_FILL_AREA(#623);
#625=SURFACE_SIDE_STYLE('',(#624));
#626=SURFACE_STYLE_USAGE(.BOTH.,#625);
#627=PRESENTATION_STYLE_ASSIGNMENT((#626));
#628=STYLED_ITEM('',(#627),#620);
#629=ADVANCED_FACE('',(#1272,#1274),#1276,.F.);
#630=COLOUR_RGB('',0.564705882352941,0.564705882352941,0.564705882352941);
#631=FILL_AREA_STYLE_COLOUR('',#630);
#632=FILL_AREA_STYLE($,(#631));
#633=SURFACE_STYLE_FILL_AREA(#632);
#634=SURFACE_SIDE_STYLE('',(#633));
#635=SURFACE_STYLE_USAGE(.BOTH.,#634);
#636=PRESENTATION_STYLE_ASSIGNMENT((#635));
#637=STYLED_ITEM('',(#636),#629);
#638=ADVANCED_FACE('',(#1281,#1283),#1285,.F.);
#639=COLOUR_RGB('',0.564705882352941,0.564705882352941,0.564705882352941);
#640=FILL_AREA_STYLE_COLOUR('',#639);
#641=FILL_AREA_STYLE($,(#640));
#642=SURFACE_STYLE_FILL_AREA(#641);
#643=SURFACE_SIDE_STYLE('',(#642));
#644=SURFACE_STYLE_USAGE(.BOTH.,#643);
#645=PRESENTATION_STYLE_ASSIGNMENT((#644));
#646=STYLED_ITEM('',(#645),#638);
#647=ADVANCED_FACE('',(#1290,#1292),#1294,.F.);
#648=COLOUR_RGB('',0.564705882352941,0.564705882352941,0.564705882352941);
#649=FILL_AREA_STYLE_COLOUR('',#648);
#650=FILL_AREA_STYLE($,(#649));
#651=SURFACE_STYLE_FILL_AREA(#650);
#652=SURFACE_SIDE_STYLE('',(#651));
#653=SURFACE_STYLE_USAGE(.BOTH.,#652);
#654=PRESENTATION_STYLE_ASSIGNMENT((#653));
#655=STYLED_ITEM('',(#654),#647);
#656=ADVANCED_FACE('',(#1299,#1301),#1303,.F.);
#657=COLOUR_RGB('',0.564705882352941,0.564705882352941,0.564705882352941);
#658=FILL_AREA_STYLE_COLOUR('',#657);
#659=FILL_AREA_STYLE($,(#658));
#660=SURFACE_STYLE_FILL_AREA(#659);
#661=SURFACE_SIDE_STYLE('',(#660));
#662=SURFACE_STYLE_USAGE(.BOTH.,#661);
#663=PRESENTATION_STYLE_ASSIGNMENT((#662));
#664=STYLED_ITEM('',(#663),#656);
#665=ADVANCED_FACE('',(#1308,#1310),#1312,.F.);
#666=COLOUR_RGB('',0.564705882352941,0.564705882352941,0.564705882352941);
#667=FILL_AREA_STYLE_COLOUR('',#666);
#668=FILL_AREA_STYLE($,(#667));
#669=SURFACE_STYLE_FILL_AREA(#668);
#670=SURFACE_SIDE_STYLE('',(#669));
#671=SURFACE_STYLE_USAGE(.BOTH.,#670);
#672=PRESENTATION_STYLE_ASSIGNMENT((#671));
#673=STYLED_ITEM('',(#672),#665);
#674=ADVANCED_FACE('',(#1317,#1319),#1321,.F.);
#675=COLOUR_RGB('',0.564705882352941,0.564705882352941,0.564705882352941);
#676=FILL_AREA_STYLE_COLOUR('',#675);
#677=FILL_AREA_STYLE($,(#676));
#678=SURFACE_STYLE_FILL_AREA(#677);
#679=SURFACE_SIDE_STYLE('',(#678));
#680=SURFACE_STYLE_USAGE(.BOTH.,#679);
#681=PRESENTATION_STYLE_ASSIGNMENT((#680));
#682=STYLED_ITEM('',(#681),#674);
#683=ADVANCED_FACE('',(#1326,#1328),#1330,.F.);
#684=COLOUR_RGB('',0.564705882352941,0.564705882352941,0.564705882352941);
#685=FILL_AREA_STYLE_COLOUR('',#684);
#686=FILL_AREA_STYLE($,(#685));
#687=SURFACE_STYLE_FILL_AREA(#686);
#688=SURFACE_SIDE_STYLE('',(#687));
#689=SURFACE_STYLE_USAGE(.BOTH.,#688);
#690=PRESENTATION_STYLE_ASSIGNMENT((#689));
#691=STYLED_ITEM('',(#690),#683);
#692=ADVANCED_FACE('',(#1335,#1337),#1339,.F.);
#693=COLOUR_RGB('',0.564705882352941,0.564705882352941,0.564705882352941);
#694=FILL_AREA_STYLE_COLOUR('',#693);
#695=FILL_AREA_STYLE($,(#694));
#696=SURFACE_STYLE_FILL_AREA(#695);
#697=SURFACE_SIDE_STYLE('',(#696));
#698=SURFACE_STYLE_USAGE(.BOTH.,#697);
#699=PRESENTATION_STYLE_ASSIGNMENT((#698));
#700=STYLED_ITEM('',(#699),#692);
#701=ADVANCED_FACE('',(#1344,#1346),#1348,.F.);
#702=COLOUR_RGB('',0.564705882352941,0.564705882352941,0.564705882352941);
#703=FILL_AREA_STYLE_COLOUR('',#702);
#704=FILL_AREA_STYLE($,(#703));
#705=SURFACE_STYLE_FILL_AREA(#704);
#706=SURFACE_SIDE_STYLE('',(#705));
#707=SURFACE_STYLE_USAGE(.BOTH.,#706);
#708=PRESENTATION_STYLE_ASSIGNMENT((#707));
#709=STYLED_ITEM('',(#708),#701);
#710=ADVANCED_FACE('',(#1353,#1355),#1357,.F.);
#711=COLOUR_RGB('',0.564705882352941,0.564705882352941,0.564705882352941);
#712=FILL_AREA_STYLE_COLOUR('',#711);
#713=FILL_AREA_STYLE($,(#712));
#714=SURFACE_STYLE_FILL_AREA(#713);
#715=SURFACE_SIDE_STYLE('',(#714));
#716=SURFACE_STYLE_USAGE(.BOTH.,#715);
#717=PRESENTATION_STYLE_ASSIGNMENT((#716));
#718=STYLED_ITEM('',(#717),#710);
#719=ADVANCED_FACE('',(#1362,#1364),#1366,.F.);
#720=COLOUR_RGB('',0.564705882352941,0.564705882352941,0.564705882352941);
#721=FILL_AREA_STYLE_COLOUR('',#720);
#722=FILL_AREA_STYLE($,(#721));
#723=SURFACE_STYLE_FILL_AREA(#722);
#724=SURFACE_SIDE_STYLE('',(#723));
#725=SURFACE_STYLE_USAGE(.BOTH.,#724);
#726=PRESENTATION_STYLE_ASSIGNMENT((#725));
#727=STYLED_ITEM('',(#726),#719);
#728=ADVANCED_FACE('',(#1371,#1373),#1375,.F.);
#729=COLOUR_RGB('',0.564705882352941,0.564705882352941,0.564705882352941);
#730=FILL_AREA_STYLE_COLOUR('',#729);
#731=FILL_AREA_STYLE($,(#730));
#732=SURFACE_STYLE_FILL_AREA(#731);
#733=SURFACE_SIDE_STYLE('',(#732));
#734=SURFACE_STYLE_USAGE(.BOTH.,#733);
#735=PRESENTATION_STYLE_ASSIGNMENT((#734));
#736=STYLED_ITEM('',(#735),#728);
#737=ADVANCED_FACE('',(#1380,#1382),#1384,.F.);
#738=COLOUR_RGB('',0.564705882352941,0.564705882352941,0.564705882352941);
#739=FILL_AREA_STYLE_COLOUR('',#738);
#740=FILL_AREA_STYLE($,(#739));
#741=SURFACE_STYLE_FILL_AREA(#740);
#742=SURFACE_SIDE_STYLE('',(#741));
#743=SURFACE_STYLE_USAGE(.BOTH.,#742);
#744=PRESENTATION_STYLE_ASSIGNMENT((#743));
#745=STYLED_ITEM('',(#744),#737);
#746=ADVANCED_FACE('',(#1389,#1391),#1393,.F.);
#747=COLOUR_RGB('',0.564705882352941,0.564705882352941,0.564705882352941);
#748=FILL_AREA_STYLE_COLOUR('',#747);
#749=FILL_AREA_STYLE($,(#748));
#750=SURFACE_STYLE_FILL_AREA(#749);
#751=SURFACE_SIDE_STYLE('',(#750));
#752=SURFACE_STYLE_USAGE(.BOTH.,#751);
#753=PRESENTATION_STYLE_ASSIGNMENT((#752));
#754=STYLED_ITEM('',(#753),#746);
#755=ADVANCED_FACE('',(#1398,#1400),#1402,.F.);
#756=COLOUR_RGB('',0.564705882352941,0.564705882352941,0.564705882352941);
#757=FILL_AREA_STYLE_COLOUR('',#756);
#758=FILL_AREA_STYLE($,(#757));
#759=SURFACE_STYLE_FILL_AREA(#758);
#760=SURFACE_SIDE_STYLE('',(#759));
#761=SURFACE_STYLE_USAGE(.BOTH.,#760);
#762=PRESENTATION_STYLE_ASSIGNMENT((#761));
#763=STYLED_ITEM('',(#762),#755);
#764=FACE_BOUND('',#765,.T.);
#765=EDGE_LOOP('',(#1407,#1408,#1409,#1410,#1411,#1412));
#766=PLANE('',#767);
#767=AXIS2_PLACEMENT_3D('',#768,#769,#770);
#768=CARTESIAN_POINT('',(12.4,14.9,0.));
#769=DIRECTION('',(-1.,3.0010036385476E-016,0.));
#770=DIRECTION('',(-3.0010036385476E-016,-1.,0.));
#771=FACE_BOUND('',#772,.T.);
#772=EDGE_LOOP('',(#1413,#1414,#1415,#1416));
#773=CYLINDRICAL_SURFACE('',#774,2.);
#774=AXIS2_PLACEMENT_3D('',#775,#776,#777);
#775=CARTESIAN_POINT('',(14.4,12.9,-8.));
#776=DIRECTION('',(-0.,-0.,-1.));
#777=DIRECTION('',(-1.,0.,0.));
#778=FACE_BOUND('',#779,.T.);
#779=EDGE_LOOP('',(#1417,#1418,#1419,#1420,#1421,#1422));
#780=PLANE('',#781);
#781=AXIS2_PLACEMENT_3D('',#782,#783,#784);
#782=CARTESIAN_POINT('',(24.2,14.9,0.));
#783=DIRECTION('',(2.73003395118146E-016,1.,0.));
#784=DIRECTION('',(-1.,2.73003395118146E-016,0.));
#785=FACE_BOUND('',#786,.T.);
#786=EDGE_LOOP('',(#1423,#1424,#1425,#1426,#1427,#1428));
#787=CYLINDRICAL_SURFACE('',#788,2.);
#788=AXIS2_PLACEMENT_3D('',#789,#790,#791);
#789=CARTESIAN_POINT('',(22.2,12.9,-8.));
#790=DIRECTION('',(-0.,-0.,-1.));
#791=DIRECTION('',(0.,1.,0.));
#792=FACE_BOUND('',#793,.T.);
#793=EDGE_LOOP('',(#1429,#1430,#1431,#1432,#1433,#1434));
#794=PLANE('',#795);
#795=AXIS2_PLACEMENT_3D('',#796,#797,#798);
#796=CARTESIAN_POINT('',(24.2,4.89999999999999,0.));
#797=DIRECTION('',(1.,-4.77736047794785E-016,0.));
#798=DIRECTION('',(4.77736047794785E-016,1.,0.));
#799=FACE_BOUND('',#800,.T.);
#800=EDGE_LOOP('',(#1435,#1436,#1437,#1438,#1439,#1440));
#801=CYLINDRICAL_SURFACE('',#802,2.);
#802=AXIS2_PLACEMENT_3D('',#803,#804,#805);
#803=CARTESIAN_POINT('',(22.2,6.89999999999999,-8.));
#804=DIRECTION('',(-0.,-0.,-1.));
#805=DIRECTION('',(1.,0.,0.));
#806=FACE_BOUND('',#807,.T.);
#807=EDGE_LOOP('',(#1441,#1442,#1443,#1444));
#808=PLANE('',#809);
#809=AXIS2_PLACEMENT_3D('',#810,#811,#812);
#810=CARTESIAN_POINT('',(12.4,4.9,0.));
#811=DIRECTION('',(-1.97734037516441E-016,-1.,0.));
#812=DIRECTION('',(1.,-1.97734037516441E-016,0.));
#813=FACE_BOUND('',#814,.T.);
#814=EDGE_LOOP('',(#1445,#1446,#1447,#1448,#1449,#1450));
#815=CYLINDRICAL_SURFACE('',#816,2.);
#816=AXIS2_PLACEMENT_3D('',#817,#818,#819);
#817=CARTESIAN_POINT('',(14.4,6.9,-8.));
#818=DIRECTION('',(-0.,-0.,-1.));
#819=DIRECTION('',(0.,-1.,0.));
#820=FACE_BOUND('',#821,.T.);
#821=EDGE_LOOP('',(#1451,#1452,#1453,#1454,#1455,#1456,#1457,#1458));
#822=PLANE('',#823);
#823=AXIS2_PLACEMENT_3D('',#824,#825,#826);
#824=CARTESIAN_POINT('',(0.,0.,2.2));
#825=DIRECTION('',(-0.,0.,1.));
#826=DIRECTION('',(1.,-2.44929359829471E-016,0.));
#827=FACE_BOUND('',#828,.T.);
#828=EDGE_LOOP('',(#1459,#1460,#1461,#1462,#1463,#1464));
#829=PLANE('',#830);
#830=AXIS2_PLACEMENT_3D('',#831,#832,#833);
#831=CARTESIAN_POINT('',(0.,0.,1.5));
#832=DIRECTION('',(0.,0.,-1.));
#833=DIRECTION('',(-1.,0.,0.));
#834=FACE_BOUND('',#835,.T.);
#835=EDGE_LOOP('',(#1465,#1466,#1467,#1468));
#836=PLANE('',#837);
#837=AXIS2_PLACEMENT_3D('',#838,#839,#840);
#838=CARTESIAN_POINT('',(11.3,10.1,1.5));
#839=DIRECTION('',(1.22464679914735E-016,1.,0.));
#840=DIRECTION('',(1.,-1.22464679914735E-016,0.));
#841=FACE_BOUND('',#842,.T.);
#842=EDGE_LOOP('',(#1469,#1470,#1471,#1472));
#843=FACE_BOUND('',#844,.T.);
#844=EDGE_LOOP('',(#1473));
#845=FACE_BOUND('',#846,.T.);
#846=EDGE_LOOP('',(#1474));
#847=FACE_BOUND('',#848,.T.);
#848=EDGE_LOOP('',(#1475,#1476,#1477,#1478,#1479,#1480,#1481,#1482,#1483,#1484,#1485,
#1486,#1487,#1488,#1489,#1490,#1491,#1492,#1493,#1494,#1495,#1496,#1497,#1498,#1499,
#1500,#1501,#1502,#1503,#1504,#1505,#1506,#1507,#1508,#1509,#1510,#1511,#1512,#1513));
#849=FACE_BOUND('',#850,.T.);
#850=EDGE_LOOP('',(#1514));
#851=FACE_BOUND('',#852,.T.);
#852=EDGE_LOOP('',(#1515));
#853=FACE_BOUND('',#854,.T.);
#854=EDGE_LOOP('',(#1516));
#855=FACE_BOUND('',#856,.T.);
#856=EDGE_LOOP('',(#1517));
#857=FACE_BOUND('',#858,.T.);
#858=EDGE_LOOP('',(#1518));
#859=FACE_BOUND('',#860,.T.);
#860=EDGE_LOOP('',(#1519));
#861=PLANE('',#862);
#862=AXIS2_PLACEMENT_3D('',#863,#864,#865);
#863=CARTESIAN_POINT('',(0.,0.,0.));
#864=DIRECTION('',(0.,0.,1.));
#865=DIRECTION('',(1.,-2.44929359829471E-016,0.));
#866=FACE_BOUND('',#867,.T.);
#867=EDGE_LOOP('',(#1520,#1521,#1522,#1523));
#868=PLANE('',#869);
#869=AXIS2_PLACEMENT_3D('',#870,#871,#872);
#870=CARTESIAN_POINT('',(20.8,14.9,1.5));
#871=DIRECTION('',(-1.,1.22464679914735E-016,0.));
#872=DIRECTION('',(1.22464679914735E-016,1.,0.));
#873=FACE_BOUND('',#874,.T.);
#874=EDGE_LOOP('',(#1524,#1525,#1526,#1527,#1528));
#875=PLANE('',#876);
#876=AXIS2_PLACEMENT_3D('',#877,#878,#879);
#877=CARTESIAN_POINT('',(0.,0.,1.5));
#878=DIRECTION('',(0.,0.,-1.));
#879=DIRECTION('',(-1.,0.,0.));
#880=FACE_BOUND('',#881,.T.);
#881=EDGE_LOOP('',(#1529,#1530,#1531,#1532));
#882=PLANE('',#883);
#883=AXIS2_PLACEMENT_3D('',#884,#885,#886);
#884=CARTESIAN_POINT('',(22.4,16.,1.5));
#885=DIRECTION('',(1.,-3.35220438791526E-015,0.));
#886=DIRECTION('',(-3.35220438791526E-015,-1.,0.));
#887=FACE_BOUND('',#888,.T.);
#888=EDGE_LOOP('',(#1533,#1534,#1535,#1536));
#889=PLANE('',#890);
#890=AXIS2_PLACEMENT_3D('',#891,#892,#893);
#891=CARTESIAN_POINT('',(24.2,10.1,1.5));
#892=DIRECTION('',(1.22464679914735E-016,1.,0.));
#893=DIRECTION('',(1.,-1.22464679914735E-016,0.));
#894=FACE_BOUND('',#895,.T.);
#895=EDGE_LOOP('',(#1537,#1538,#1539,#1540,#1541,#1542));
#896=PLANE('',#897);
#897=AXIS2_PLACEMENT_3D('',#898,#899,#900);
#898=CARTESIAN_POINT('',(0.,0.,1.5));
#899=DIRECTION('',(0.,0.,-1.));
#900=DIRECTION('',(-1.,0.,0.));
#901=FACE_BOUND('',#902,.T.);
#902=EDGE_LOOP('',(#1543,#1544,#1545,#1546));
#903=PLANE('',#904);
#904=AXIS2_PLACEMENT_3D('',#905,#906,#907);
#905=CARTESIAN_POINT('',(25.3,5.9,1.5));
#906=DIRECTION('',(6.84970247085375E-016,-1.,0.));
#907=DIRECTION('',(-1.,-6.84970247085375E-016,0.));
#908=FACE_BOUND('',#909,.T.);
#909=EDGE_LOOP('',(#1547,#1548,#1549,#1550));
#910=PLANE('',#911);
#911=AXIS2_PLACEMENT_3D('',#912,#913,#914);
#912=CARTESIAN_POINT('',(12.4,5.9,1.5));
#913=DIRECTION('',(-1.22464679914735E-016,-1.,0.));
#914=DIRECTION('',(-1.,1.22464679914735E-016,0.));
#915=FACE_BOUND('',#916,.T.);
#916=EDGE_LOOP('',(#1551,#1552,#1553,#1554,#1555,#1556));
#917=CYLINDRICAL_SURFACE('',#918,2.);
#918=AXIS2_PLACEMENT_3D('',#919,#920,#921);
#919=CARTESIAN_POINT('',(9.3,6.9,-8.));
#920=DIRECTION('',(-0.,-0.,-1.));
#921=DIRECTION('',(1.,4.44089209850063E-016,0.));
#922=FACE_BOUND('',#923,.T.);
#923=EDGE_LOOP('',(#1557,#1558,#1559,#1560,#1561,#1562));
#924=PLANE('',#925);
#925=AXIS2_PLACEMENT_3D('',#926,#927,#928);
#926=CARTESIAN_POINT('',(11.3,4.9,0.));
#927=DIRECTION('',(1.,5.51710040252897E-017,0.));
#928=DIRECTION('',(-5.51710040252897E-017,1.,0.));
#929=FACE_BOUND('',#930,.T.);
#930=EDGE_LOOP('',(#1563,#1564,#1565,#1566));
#931=PLANE('',#932);
#932=AXIS2_PLACEMENT_3D('',#933,#934,#935);
#933=CARTESIAN_POINT('',(0.,0.,0.));
#934=DIRECTION('',(-2.44929359829471E-016,-1.,0.));
#935=DIRECTION('',(1.,-2.44929359829471E-016,0.));
#936=FACE_BOUND('',#937,.T.);
#937=EDGE_LOOP('',(#1567,#1568,#1569,#1570));
#938=PLANE('',#939);
#939=AXIS2_PLACEMENT_3D('',#940,#941,#942);
#940=CARTESIAN_POINT('',(5.60888234009488E-015,22.9,0.));
#941=DIRECTION('',(-1.,2.44929359829471E-016,0.));
#942=DIRECTION('',(-2.44929359829471E-016,-1.,0.));
#943=FACE_BOUND('',#944,.T.);
#944=EDGE_LOOP('',(#1571,#1572,#1573,#1574));
#945=PLANE('',#946);
#946=AXIS2_PLACEMENT_3D('',#947,#948,#949);
#947=CARTESIAN_POINT('',(36.6,22.9,0.));
#948=DIRECTION('',(2.19533359663383E-016,1.,0.));
#949=DIRECTION('',(-1.,2.19533359663383E-016,0.));
#950=FACE_BOUND('',#951,.T.);
#951=EDGE_LOOP('',(#1575,#1576,#1577,#1578));
#952=PLANE('',#953);
#953=AXIS2_PLACEMENT_3D('',#954,#955,#956);
#954=CARTESIAN_POINT('',(36.6,-8.96441456975863E-015,0.));
#955=DIRECTION('',(1.,-1.22464679914735E-016,0.));
#956=DIRECTION('',(1.22464679914735E-016,1.,0.));
#957=FACE_OUTER_BOUND('',#958,.T.);
#958=EDGE_LOOP('',(#1579));
#959=FACE_OUTER_BOUND('',#960,.T.);
#960=EDGE_LOOP('',(#1580));
#961=CONICAL_SURFACE('',#962,1.131430355125,0.785398163397448);
#962=AXIS2_PLACEMENT_3D('',#963,#964,#965);
#963=CARTESIAN_POINT('',(8.1,20.2,0.125));
#964=DIRECTION('',(-0.,0.,-1.));
#965=DIRECTION('',(-1.,0.,0.));
#966=FACE_OUTER_BOUND('',#967,.T.);
#967=EDGE_LOOP('',(#1581));
#968=FACE_OUTER_BOUND('',#969,.T.);
#969=EDGE_LOOP('',(#1582));
#970=CONICAL_SURFACE('',#971,1.131430355125,0.785398163397448);
#971=AXIS2_PLACEMENT_3D('',#972,#973,#974);
#972=CARTESIAN_POINT('',(28.5,2.7,0.125));
#973=DIRECTION('',(-0.,0.,-1.));
#974=DIRECTION('',(-1.,7.72329060608806E-016,0.));
#975=FACE_BOUND('',#976,.T.);
#976=EDGE_LOOP('',(#1583,#1584,#1585,#1586));
#977=CYLINDRICAL_SURFACE('',#978,2.);
#978=AXIS2_PLACEMENT_3D('',#979,#980,#981);
#979=CARTESIAN_POINT('',(3.3,6.9,-8.));
#980=DIRECTION('',(-0.,-0.,-1.));
#981=DIRECTION('',(-4.44089209850063E-016,-1.,0.));
#982=FACE_BOUND('',#983,.T.);
#983=EDGE_LOOP('',(#1587,#1588,#1589,#1590));
#984=PLANE('',#985);
#985=AXIS2_PLACEMENT_3D('',#986,#987,#988);
#986=CARTESIAN_POINT('',(1.3,4.9,0.));
#987=DIRECTION('',(-3.88918205824773E-016,-1.,0.));
#988=DIRECTION('',(1.,-3.88918205824773E-016,0.));
#989=FACE_BOUND('',#990,.T.);
#990=EDGE_LOOP('',(#1591,#1592,#1593,#1594,#1595,#1596));
#991=CYLINDRICAL_SURFACE('',#992,2.);
#992=AXIS2_PLACEMENT_3D('',#993,#994,#995);
#993=CARTESIAN_POINT('',(27.3,6.89999999999999,-8.));
#994=DIRECTION('',(-0.,-0.,-1.));
#995=DIRECTION('',(0.,-1.,0.));
#996=FACE_BOUND('',#997,.T.);
#997=EDGE_LOOP('',(#1597,#1598,#1599,#1600));
#998=PLANE('',#999);
#999=AXIS2_PLACEMENT_3D('',#1000,#1001,#1002);
#1000=CARTESIAN_POINT('',(25.3,4.89999999999999,0.));
#1001=DIRECTION('',(-4.77736047794785E-016,-1.,0.));
#1002=DIRECTION('',(1.,-4.77736047794785E-016,0.));
#1003=FACE_BOUND('',#1004,.T.);
#1004=EDGE_LOOP('',(#1601,#1602,#1603,#1604));
#1005=CYLINDRICAL_SURFACE('',#1006,2.);
#1006=AXIS2_PLACEMENT_3D('',#1007,#1008,#1009);
#1007=CARTESIAN_POINT('',(33.3,6.89999999999999,-8.));
#1008=DIRECTION('',(-0.,-0.,-1.));
#1009=DIRECTION('',(1.,0.,0.));
#1010=FACE_BOUND('',#1011,.T.);
#1011=EDGE_LOOP('',(#1605,#1606,#1607,#1608));
#1012=PLANE('',#1013);
#1013=AXIS2_PLACEMENT_3D('',#1014,#1015,#1016);
#1014=CARTESIAN_POINT('',(35.3,4.89999999999999,0.));
#1015=DIRECTION('',(1.,-1.22464679914735E-016,0.));
#1016=DIRECTION('',(1.22464679914735E-016,1.,0.));
#1017=FACE_BOUND('',#1018,.T.);
#1018=EDGE_LOOP('',(#1609,#1610,#1611,#1612));
#1019=CYLINDRICAL_SURFACE('',#1020,2.);
#1020=AXIS2_PLACEMENT_3D('',#1021,#1022,#1023);
#1021=CARTESIAN_POINT('',(33.3,12.9,-8.));
#1022=DIRECTION('',(-0.,-0.,-1.));
#1023=DIRECTION('',(0.,1.,0.));
#1024=FACE_BOUND('',#1025,.T.);
#1025=EDGE_LOOP('',(#1613,#1614,#1615,#1616));
#1026=PLANE('',#1027);
#1027=AXIS2_PLACEMENT_3D('',#1028,#1029,#1030);
#1028=CARTESIAN_POINT('',(35.3,14.9,0.));
#1029=DIRECTION('',(3.0010036385476E-016,1.,0.));
#1030=DIRECTION('',(-1.,3.0010036385476E-016,0.));
#1031=FACE_BOUND('',#1032,.T.);
#1032=EDGE_LOOP('',(#1617,#1618,#1619,#1620));
#1033=CYLINDRICAL_SURFACE('',#1034,2.);
#1034=AXIS2_PLACEMENT_3D('',#1035,#1036,#1037);
#1035=CARTESIAN_POINT('',(27.3,12.9,-8.));
#1036=DIRECTION('',(-0.,-0.,-1.));
#1037=DIRECTION('',(-1.,0.,0.));
#1038=FACE_BOUND('',#1039,.T.);
#1039=EDGE_LOOP('',(#1621,#1622,#1623,#1624,#1625,#1626));
#1040=PLANE('',#1041);
#1041=AXIS2_PLACEMENT_3D('',#1042,#1043,#1044);
#1042=CARTESIAN_POINT('',(25.3,14.9,0.));
#1043=DIRECTION('',(-1.,4.77736047794786E-016,0.));
#1044=DIRECTION('',(-4.77736047794786E-016,-1.,0.));
#1045=FACE_BOUND('',#1046,.T.);
#1046=EDGE_LOOP('',(#1627,#1628,#1629,#1630,#1631,#1632,#1633,#1634));
#1047=PLANE('',#1048);
#1048=AXIS2_PLACEMENT_3D('',#1049,#1050,#1051);
#1049=CARTESIAN_POINT('',(10.3,16.,0.));
#1050=DIRECTION('',(-2.33486982377251E-016,-1.,0.));
#1051=DIRECTION('',(1.,-2.33486982377251E-016,0.));
#1052=FACE_BOUND('',#1053,.T.);
#1053=EDGE_LOOP('',(#1635,#1636,#1637,#1638));
#1054=CYLINDRICAL_SURFACE('',#1055,2.);
#1055=AXIS2_PLACEMENT_3D('',#1056,#1057,#1058);
#1056=CARTESIAN_POINT('',(24.3,18.,-8.));
#1057=DIRECTION('',(-0.,-0.,-1.));
#1058=DIRECTION('',(1.,0.,0.));
#1059=FACE_BOUND('',#1060,.T.);
#1060=EDGE_LOOP('',(#1639,#1640,#1641,#1642));
#1061=PLANE('',#1062);
#1062=AXIS2_PLACEMENT_3D('',#1063,#1064,#1065);
#1063=CARTESIAN_POINT('',(26.3,16.,0.));
#1064=DIRECTION('',(1.,-1.22464679914735E-016,0.));
#1065=DIRECTION('',(1.22464679914735E-016,1.,0.));
#1066=FACE_BOUND('',#1067,.T.);
#1067=EDGE_LOOP('',(#1643,#1644,#1645,#1646));
#1068=CYLINDRICAL_SURFACE('',#1069,2.);
#1069=AXIS2_PLACEMENT_3D('',#1070,#1071,#1072);
#1070=CARTESIAN_POINT('',(24.3,19.8164786166179,-8.));
#1071=DIRECTION('',(-0.,-0.,-1.));
#1072=DIRECTION('',(0.,1.,0.));
#1073=FACE_BOUND('',#1074,.T.);
#1074=EDGE_LOOP('',(#1647,#1648,#1649,#1650));
#1075=PLANE('',#1076);
#1076=AXIS2_PLACEMENT_3D('',#1077,#1078,#1079);
#1077=CARTESIAN_POINT('',(26.3,21.8164786166179,0.));
#1078=DIRECTION('',(3.44509284839767E-016,1.,0.));
#1079=DIRECTION('',(-1.,3.44509284839767E-016,0.));
#1080=FACE_BOUND('',#1081,.T.);
#1081=EDGE_LOOP('',(#1651,#1652,#1653,#1654));
#1082=CYLINDRICAL_SURFACE('',#1083,2.);
#1083=AXIS2_PLACEMENT_3D('',#1084,#1085,#1086);
#1084=CARTESIAN_POINT('',(12.3,19.8164786166179,-8.));
#1085=DIRECTION('',(-0.,-0.,-1.));
#1086=DIRECTION('',(-1.,0.,0.));
#1087=FACE_BOUND('',#1088,.T.);
#1088=EDGE_LOOP('',(#1655,#1656,#1657,#1658));
#1089=PLANE('',#1090);
#1090=AXIS2_PLACEMENT_3D('',#1091,#1092,#1093);
#1091=CARTESIAN_POINT('',(10.3,21.8164786166179,0.));
#1092=DIRECTION('',(-1.,4.27865414016143E-016,0.));
#1093=DIRECTION('',(-4.27865414016143E-016,-1.,0.));
#1094=FACE_BOUND('',#1095,.T.);
#1095=EDGE_LOOP('',(#1659,#1660,#1661,#1662));
#1096=CYLINDRICAL_SURFACE('',#1097,2.);
#1097=AXIS2_PLACEMENT_3D('',#1098,#1099,#1100);
#1098=CARTESIAN_POINT('',(12.3,18.,-8.));
#1099=DIRECTION('',(-0.,-0.,-1.));
#1100=DIRECTION('',(0.,-1.,0.));
#1101=FACE_BOUND('',#1102,.T.);
#1102=EDGE_LOOP('',(#1663,#1664,#1665,#1666));
#1103=CYLINDRICAL_SURFACE('',#1104,2.);
#1104=AXIS2_PLACEMENT_3D('',#1105,#1106,#1107);
#1105=CARTESIAN_POINT('',(9.3,12.9,-8.));
#1106=DIRECTION('',(-0.,-0.,-1.));
#1107=DIRECTION('',(0.,1.,0.));
#1108=FACE_BOUND('',#1109,.T.);
#1109=EDGE_LOOP('',(#1667,#1668,#1669,#1670));
#1110=PLANE('',#1111);
#1111=AXIS2_PLACEMENT_3D('',#1112,#1113,#1114);
#1112=CARTESIAN_POINT('',(11.3,14.9,0.));
#1113=DIRECTION('',(1.22464679914735E-016,1.,0.));
#1114=DIRECTION('',(-1.,1.22464679914735E-016,0.));
#1115=FACE_BOUND('',#1116,.T.);
#1116=EDGE_LOOP('',(#1671,#1672,#1673,#1674));
#1117=CYLINDRICAL_SURFACE('',#1118,2.);
#1118=AXIS2_PLACEMENT_3D('',#1119,#1120,#1121);
#1119=CARTESIAN_POINT('',(3.3,12.9,-8.));
#1120=DIRECTION('',(-0.,-0.,-1.));
#1121=DIRECTION('',(-1.,0.,0.));
#1122=FACE_BOUND('',#1123,.T.);
#1123=EDGE_LOOP('',(#1675,#1676,#1677,#1678));
#1124=PLANE('',#1125);
#1125=AXIS2_PLACEMENT_3D('',#1126,#1127,#1128);
#1126=CARTESIAN_POINT('',(1.3,14.9,0.));
#1127=DIRECTION('',(-1.,2.11282521884748E-016,0.));
#1128=DIRECTION('',(-2.11282521884748E-016,-1.,0.));
#1129=FACE_OUTER_BOUND('',#1130,.T.);
#1130=EDGE_LOOP('',(#1679));
#1131=FACE_OUTER_BOUND('',#1132,.T.);
#1132=EDGE_LOOP('',(#1680));
#1133=CONICAL_SURFACE('',#1134,1.475,0.785398163397448);
#1134=AXIS2_PLACEMENT_3D('',#1135,#1136,#1137);
#1135=CARTESIAN_POINT('',(2.7,2.7,0.125));
#1136=DIRECTION('',(-0.,0.,-1.));
#1137=DIRECTION('',(-1.,0.,0.));
#1138=FACE_OUTER_BOUND('',#1139,.T.);
#1139=EDGE_LOOP('',(#1681));
#1140=FACE_OUTER_BOUND('',#1141,.T.);
#1141=EDGE_LOOP('',(#1682));
#1142=CONICAL_SURFACE('',#1143,1.475,0.785398163397448);
#1143=AXIS2_PLACEMENT_3D('',#1144,#1145,#1146);
#1144=CARTESIAN_POINT('',(2.7,20.2,0.125));
#1145=DIRECTION('',(-0.,0.,-1.));
#1146=DIRECTION('',(-1.,0.,0.));
#1147=FACE_OUTER_BOUND('',#1148,.T.);
#1148=EDGE_LOOP('',(#1683));
#1149=FACE_OUTER_BOUND('',#1150,.T.);
#1150=EDGE_LOOP('',(#1684));
#1151=CONICAL_SURFACE('',#1152,1.475,0.785398163397448);
#1152=AXIS2_PLACEMENT_3D('',#1153,#1154,#1155);
#1153=CARTESIAN_POINT('',(33.9,20.2,0.125));
#1154=DIRECTION('',(-0.,0.,-1.));
#1155=DIRECTION('',(-1.,0.,0.));
#1156=FACE_OUTER_BOUND('',#1157,.T.);
#1157=EDGE_LOOP('',(#1685));
#1158=FACE_OUTER_BOUND('',#1159,.T.);
#1159=EDGE_LOOP('',(#1686));
#1160=CONICAL_SURFACE('',#1161,1.475,0.785398163397448);
#1161=AXIS2_PLACEMENT_3D('',#1162,#1163,#1164);
#1162=CARTESIAN_POINT('',(33.9,2.7,0.125));
#1163=DIRECTION('',(-0.,0.,-1.));
#1164=DIRECTION('',(-1.,6.02154860813644E-016,0.));
#1165=FACE_OUTER_BOUND('',#1166,.T.);
#1166=EDGE_LOOP('',(#1687));
#1167=FACE_OUTER_BOUND('',#1168,.T.);
#1168=EDGE_LOOP('',(#1688));
#1169=CONICAL_SURFACE('',#1170,1.131430355125,0.785398163397448);
#1170=AXIS2_PLACEMENT_3D('',#1171,#1172,#1173);
#1171=CARTESIAN_POINT('',(8.1,2.7,0.125));
#1172=DIRECTION('',(-0.,0.,-1.));
#1173=DIRECTION('',(-1.,0.,0.));
#1174=FACE_OUTER_BOUND('',#1175,.T.);
#1175=EDGE_LOOP('',(#1689));
#1176=FACE_OUTER_BOUND('',#1177,.T.);
#1177=EDGE_LOOP('',(#1690));
#1178=CONICAL_SURFACE('',#1179,1.131430355125,0.785398163397448);
#1179=AXIS2_PLACEMENT_3D('',#1180,#1181,#1182);
#1180=CARTESIAN_POINT('',(28.5,20.2,0.125));
#1181=DIRECTION('',(-0.,0.,-1.));
#1182=DIRECTION('',(-1.,0.,0.));
#1183=FACE_BOUND('',#1184,.T.);
#1184=EDGE_LOOP('',(#1691,#1692,#1693,#1694,#1695,#1696,#1697,#1698));
#1185=PLANE('',#1186);
#1186=AXIS2_PLACEMENT_3D('',#1187,#1188,#1189);
#1187=CARTESIAN_POINT('',(0.,0.,3.2));
#1188=DIRECTION('',(0.,0.,1.));
#1189=DIRECTION('',(1.,-2.44929359829471E-016,0.));
#1190=FACE_BOUND('',#1191,.T.);
#1191=EDGE_LOOP('',(#1699,#1700,#1701,#1702));
#1192=FACE_BOUND('',#1193,.T.);
#1193=EDGE_LOOP('',(#1703));
#1194=FACE_BOUND('',#1195,.T.);
#1195=EDGE_LOOP('',(#1704));
#1196=FACE_BOUND('',#1197,.T.);
#1197=EDGE_LOOP('',(#1705));
#1198=FACE_BOUND('',#1199,.T.);
#1199=EDGE_LOOP('',(#1706));
#1200=FACE_BOUND('',#1201,.T.);
#1201=EDGE_LOOP('',(#1707));
#1202=FACE_BOUND('',#1203,.T.);
#1203=EDGE_LOOP('',(#1708));
#1204=FACE_BOUND('',#1205,.T.);
#1205=EDGE_LOOP('',(#1709));
#1206=FACE_BOUND('',#1207,.T.);
#1207=EDGE_LOOP('',(#1710));
#1208=PLANE('',#1209);
#1209=AXIS2_PLACEMENT_3D('',#1210,#1211,#1212);
#1210=CARTESIAN_POINT('',(0.,0.,4.6));
#1211=DIRECTION('',(0.,0.,1.));
#1212=DIRECTION('',(1.,-2.44929359829471E-016,0.));
#1213=FACE_OUTER_BOUND('',#1214,.T.);
#1214=EDGE_LOOP('',(#1711));
#1215=FACE_OUTER_BOUND('',#1216,.T.);
#1216=EDGE_LOOP('',(#1712));
#1217=CYLINDRICAL_SURFACE('',#1218,1.006430355125);
#1218=AXIS2_PLACEMENT_3D('',#1219,#1220,#1221);
#1219=CARTESIAN_POINT('',(8.1,20.2,4.6));
#1220=DIRECTION('',(0.,0.,-1.));
#1221=DIRECTION('',(-1.,0.,0.));
#1222=FACE_OUTER_BOUND('',#1223,.T.);
#1223=EDGE_LOOP('',(#1713));
#1224=FACE_OUTER_BOUND('',#1225,.T.);
#1225=EDGE_LOOP('',(#1714));
#1226=CYLINDRICAL_SURFACE('',#1227,1.006430355125);
#1227=AXIS2_PLACEMENT_3D('',#1228,#1229,#1230);
#1228=CARTESIAN_POINT('',(28.5,2.7,4.6));
#1229=DIRECTION('',(0.,0.,-1.));
#1230=DIRECTION('',(-1.,0.,0.));
#1231=FACE_BOUND('',#1232,.T.);
#1232=EDGE_LOOP('',(#1715,#1716,#1717,#1718,#1719,#1720,#1721,#1722));
#1233=PLANE('',#1234);
#1234=AXIS2_PLACEMENT_3D('',#1235,#1236,#1237);
#1235=CARTESIAN_POINT('',(0.,0.,3.2));
#1236=DIRECTION('',(0.,0.,1.));
#1237=DIRECTION('',(1.,-2.44929359829471E-016,0.));
#1238=FACE_BOUND('',#1239,.T.);
#1239=EDGE_LOOP('',(#1723,#1724,#1725,#1726,#1727,#1728,#1729,#1730));
#1240=PLANE('',#1241);
#1241=AXIS2_PLACEMENT_3D('',#1242,#1243,#1244);
#1242=CARTESIAN_POINT('',(0.,0.,3.2));
#1243=DIRECTION('',(0.,0.,1.));
#1244=DIRECTION('',(1.,-2.44929359829471E-016,0.));
#1245=FACE_OUTER_BOUND('',#1246,.T.);
#1246=EDGE_LOOP('',(#1731));
#1247=FACE_OUTER_BOUND('',#1248,.T.);
#1248=EDGE_LOOP('',(#1732));
#1249=CYLINDRICAL_SURFACE('',#1250,1.35);
#1250=AXIS2_PLACEMENT_3D('',#1251,#1252,#1253);
#1251=CARTESIAN_POINT('',(2.7,2.7,4.6));
#1252=DIRECTION('',(0.,0.,-1.));
#1253=DIRECTION('',(-1.,0.,0.));
#1254=FACE_OUTER_BOUND('',#1255,.T.);
#1255=EDGE_LOOP('',(#1733));
#1256=FACE_OUTER_BOUND('',#1257,.T.);
#1257=EDGE_LOOP('',(#1734));
#1258=CYLINDRICAL_SURFACE('',#1259,1.35);
#1259=AXIS2_PLACEMENT_3D('',#1260,#1261,#1262);
#1260=CARTESIAN_POINT('',(2.7,20.2,4.6));
#1261=DIRECTION('',(0.,0.,-1.));
#1262=DIRECTION('',(-1.,0.,0.));
#1263=FACE_OUTER_BOUND('',#1264,.T.);
#1264=EDGE_LOOP('',(#1735));
#1265=FACE_OUTER_BOUND('',#1266,.T.);
#1266=EDGE_LOOP('',(#1736));
#1267=CYLINDRICAL_SURFACE('',#1268,1.35);
#1268=AXIS2_PLACEMENT_3D('',#1269,#1270,#1271);
#1269=CARTESIAN_POINT('',(33.9,20.2,4.6));
#1270=DIRECTION('',(0.,0.,-1.));
#1271=DIRECTION('',(-1.,0.,0.));
#1272=FACE_OUTER_BOUND('',#1273,.T.);
#1273=EDGE_LOOP('',(#1737));
#1274=FACE_OUTER_BOUND('',#1275,.T.);
#1275=EDGE_LOOP('',(#1738));
#1276=CYLINDRICAL_SURFACE('',#1277,1.35);
#1277=AXIS2_PLACEMENT_3D('',#1278,#1279,#1280);
#1278=CARTESIAN_POINT('',(33.9,2.7,4.6));
#1279=DIRECTION('',(0.,0.,-1.));
#1280=DIRECTION('',(-1.,0.,0.));
#1281=FACE_OUTER_BOUND('',#1282,.T.);
#1282=EDGE_LOOP('',(#1739));
#1283=FACE_OUTER_BOUND('',#1284,.T.);
#1284=EDGE_LOOP('',(#1740));
#1285=CYLINDRICAL_SURFACE('',#1286,1.006430355125);
#1286=AXIS2_PLACEMENT_3D('',#1287,#1288,#1289);
#1287=CARTESIAN_POINT('',(8.1,2.7,4.6));
#1288=DIRECTION('',(0.,0.,-1.));
#1289=DIRECTION('',(-1.,0.,0.));
#1290=FACE_OUTER_BOUND('',#1291,.T.);
#1291=EDGE_LOOP('',(#1741));
#1292=FACE_OUTER_BOUND('',#1293,.T.);
#1293=EDGE_LOOP('',(#1742));
#1294=CYLINDRICAL_SURFACE('',#1295,1.006430355125);
#1295=AXIS2_PLACEMENT_3D('',#1296,#1297,#1298);
#1296=CARTESIAN_POINT('',(28.5,20.2,4.6));
#1297=DIRECTION('',(0.,0.,-1.));
#1298=DIRECTION('',(-1.,0.,0.));
#1299=FACE_OUTER_BOUND('',#1300,.T.);
#1300=EDGE_LOOP('',(#1743));
#1301=FACE_BOUND('',#1302,.T.);
#1302=EDGE_LOOP('',(#1744,#1745));
#1303=CYLINDRICAL_SURFACE('',#1304,2.4);
#1304=AXIS2_PLACEMENT_3D('',#1305,#1306,#1307);
#1305=CARTESIAN_POINT('',(2.7,2.7,4.1));
#1306=DIRECTION('',(0.,0.,1.));
#1307=DIRECTION('',(6.12323399573677E-017,1.,0.));
#1308=FACE_OUTER_BOUND('',#1309,.T.);
#1309=EDGE_LOOP('',(#1746));
#1310=FACE_BOUND('',#1311,.T.);
#1311=EDGE_LOOP('',(#1747,#1748));
#1312=CYLINDRICAL_SURFACE('',#1313,2.4);
#1313=AXIS2_PLACEMENT_3D('',#1314,#1315,#1316);
#1314=CARTESIAN_POINT('',(2.7,20.2,4.1));
#1315=DIRECTION('',(0.,0.,1.));
#1316=DIRECTION('',(6.12323399573677E-017,1.,0.));
#1317=FACE_OUTER_BOUND('',#1318,.T.);
#1318=EDGE_LOOP('',(#1749));
#1319=FACE_BOUND('',#1320,.T.);
#1320=EDGE_LOOP('',(#1750,#1751));
#1321=CYLINDRICAL_SURFACE('',#1322,2.4);
#1322=AXIS2_PLACEMENT_3D('',#1323,#1324,#1325);
#1323=CARTESIAN_POINT('',(33.9,2.7,4.1));
#1324=DIRECTION('',(0.,0.,1.));
#1325=DIRECTION('',(6.12323399573677E-017,1.,0.));
#1326=FACE_OUTER_BOUND('',#1327,.T.);
#1327=EDGE_LOOP('',(#1752));
#1328=FACE_BOUND('',#1329,.T.);
#1329=EDGE_LOOP('',(#1753,#1754));
#1330=CYLINDRICAL_SURFACE('',#1331,2.4);
#1331=AXIS2_PLACEMENT_3D('',#1332,#1333,#1334);
#1332=CARTESIAN_POINT('',(33.9,20.2,4.1));
#1333=DIRECTION('',(0.,0.,1.));
#1334=DIRECTION('',(6.12323399573677E-017,1.,0.));
#1335=FACE_OUTER_BOUND('',#1336,.T.);
#1336=EDGE_LOOP('',(#1755));
#1337=FACE_OUTER_BOUND('',#1338,.T.);
#1338=EDGE_LOOP('',(#1756));
#1339=CONICAL_SURFACE('',#1340,1.131430355125,0.785398163397448);
#1340=AXIS2_PLACEMENT_3D('',#1341,#1342,#1343);
#1341=CARTESIAN_POINT('',(28.5,20.2,4.475));
#1342=DIRECTION('',(0.,-0.,1.));
#1343=DIRECTION('',(1.,-0.,-0.));
#1344=FACE_OUTER_BOUND('',#1345,.T.);
#1345=EDGE_LOOP('',(#1757));
#1346=FACE_OUTER_BOUND('',#1347,.T.);
#1347=EDGE_LOOP('',(#1758));
#1348=CONICAL_SURFACE('',#1349,1.131430355125,0.785398163397448);
#1349=AXIS2_PLACEMENT_3D('',#1350,#1351,#1352);
#1350=CARTESIAN_POINT('',(8.1,2.7,4.475));
#1351=DIRECTION('',(0.,-0.,1.));
#1352=DIRECTION('',(1.,-0.,-0.));
#1353=FACE_OUTER_BOUND('',#1354,.T.);
#1354=EDGE_LOOP('',(#1759));
#1355=FACE_OUTER_BOUND('',#1356,.T.);
#1356=EDGE_LOOP('',(#1760));
#1357=CONICAL_SURFACE('',#1358,1.131430355125,0.785398163397448);
#1358=AXIS2_PLACEMENT_3D('',#1359,#1360,#1361);
#1359=CARTESIAN_POINT('',(28.5,2.7,4.475));
#1360=DIRECTION('',(0.,-0.,1.));
#1361=DIRECTION('',(1.,-7.72329060608806E-016,-0.));
#1362=FACE_OUTER_BOUND('',#1363,.T.);
#1363=EDGE_LOOP('',(#1761));
#1364=FACE_OUTER_BOUND('',#1365,.T.);
#1365=EDGE_LOOP('',(#1762));
#1366=CONICAL_SURFACE('',#1367,1.131430355125,0.785398163397448);
#1367=AXIS2_PLACEMENT_3D('',#1368,#1369,#1370);
#1368=CARTESIAN_POINT('',(8.1,20.2,4.475));
#1369=DIRECTION('',(0.,-0.,1.));
#1370=DIRECTION('',(1.,-0.,-0.));
#1371=FACE_BOUND('',#1372,.T.);
#1372=EDGE_LOOP('',(#1763,#1764));
#1373=FACE_OUTER_BOUND('',#1374,.T.);
#1374=EDGE_LOOP('',(#1765));
#1375=CONICAL_SURFACE('',#1376,1.875,0.785398163397448);
#1376=AXIS2_PLACEMENT_3D('',#1377,#1378,#1379);
#1377=CARTESIAN_POINT('',(2.7,2.7,3.525));
#1378=DIRECTION('',(0.,-0.,1.));
#1379=DIRECTION('',(1.,-0.,-0.));
#1380=FACE_BOUND('',#1381,.T.);
#1381=EDGE_LOOP('',(#1766,#1767));
#1382=FACE_OUTER_BOUND('',#1383,.T.);
#1383=EDGE_LOOP('',(#1768));
#1384=CONICAL_SURFACE('',#1385,1.875,0.785398163397448);
#1385=AXIS2_PLACEMENT_3D('',#1386,#1387,#1388);
#1386=CARTESIAN_POINT('',(2.7,20.2,3.525));
#1387=DIRECTION('',(0.,-0.,1.));
#1388=DIRECTION('',(1.,-0.,-0.));
#1389=FACE_BOUND('',#1390,.T.);
#1390=EDGE_LOOP('',(#1769,#1770));
#1391=FACE_OUTER_BOUND('',#1392,.T.);
#1392=EDGE_LOOP('',(#1771));
#1393=CONICAL_SURFACE('',#1394,1.875,0.785398163397449);
#1394=AXIS2_PLACEMENT_3D('',#1395,#1396,#1397);
#1395=CARTESIAN_POINT('',(33.9,20.2,3.525));
#1396=DIRECTION('',(0.,-0.,1.));
#1397=DIRECTION('',(1.,-0.,-0.));
#1398=FACE_BOUND('',#1399,.T.);
#1399=EDGE_LOOP('',(#1772,#1773));
#1400=FACE_OUTER_BOUND('',#1401,.T.);
#1401=EDGE_LOOP('',(#1774));
#1402=CONICAL_SURFACE('',#1403,1.875,0.785398163397449);
#1403=AXIS2_PLACEMENT_3D('',#1404,#1405,#1406);
#1404=CARTESIAN_POINT('',(33.9,2.7,3.525));
#1405=DIRECTION('',(0.,-0.,1.));
#1406=DIRECTION('',(1.,-0.,-0.));
#1407=ORIENTED_EDGE('',*,*,#1775,.F.);
#1408=ORIENTED_EDGE('',*,*,#1776,.F.);
#1409=ORIENTED_EDGE('',*,*,#1777,.T.);
#1410=ORIENTED_EDGE('',*,*,#1778,.T.);
#1411=ORIENTED_EDGE('',*,*,#1779,.F.);
#1412=ORIENTED_EDGE('',*,*,#1780,.T.);
#1413=ORIENTED_EDGE('',*,*,#1781,.F.);
#1414=ORIENTED_EDGE('',*,*,#1780,.F.);
#1415=ORIENTED_EDGE('',*,*,#1782,.T.);
#1416=ORIENTED_EDGE('',*,*,#1783,.T.);
#1417=ORIENTED_EDGE('',*,*,#1784,.F.);
#1418=ORIENTED_EDGE('',*,*,#1783,.F.);
#1419=ORIENTED_EDGE('',*,*,#1785,.F.);
#1420=ORIENTED_EDGE('',*,*,#1786,.T.);
#1421=ORIENTED_EDGE('',*,*,#1787,.T.);
#1422=ORIENTED_EDGE('',*,*,#1788,.T.);
#1423=ORIENTED_EDGE('',*,*,#1789,.F.);
#1424=ORIENTED_EDGE('',*,*,#1788,.F.);
#1425=ORIENTED_EDGE('',*,*,#1790,.T.);
#1426=ORIENTED_EDGE('',*,*,#1791,.T.);
#1427=ORIENTED_EDGE('',*,*,#1792,.T.);
#1428=ORIENTED_EDGE('',*,*,#1793,.T.);
#1429=ORIENTED_EDGE('',*,*,#1794,.F.);
#1430=ORIENTED_EDGE('',*,*,#1793,.F.);
#1431=ORIENTED_EDGE('',*,*,#1795,.F.);
#1432=ORIENTED_EDGE('',*,*,#1796,.T.);
#1433=ORIENTED_EDGE('',*,*,#1797,.T.);
#1434=ORIENTED_EDGE('',*,*,#1798,.T.);
#1435=ORIENTED_EDGE('',*,*,#1799,.F.);
#1436=ORIENTED_EDGE('',*,*,#1798,.F.);
#1437=ORIENTED_EDGE('',*,*,#1800,.T.);
#1438=ORIENTED_EDGE('',*,*,#1801,.T.);
#1439=ORIENTED_EDGE('',*,*,#1802,.T.);
#1440=ORIENTED_EDGE('',*,*,#1803,.T.);
#1441=ORIENTED_EDGE('',*,*,#1804,.F.);
#1442=ORIENTED_EDGE('',*,*,#1803,.F.);
#1443=ORIENTED_EDGE('',*,*,#1805,.F.);
#1444=ORIENTED_EDGE('',*,*,#1806,.T.);
#1445=ORIENTED_EDGE('',*,*,#1807,.F.);
#1446=ORIENTED_EDGE('',*,*,#1806,.F.);
#1447=ORIENTED_EDGE('',*,*,#1808,.T.);
#1448=ORIENTED_EDGE('',*,*,#1809,.T.);
#1449=ORIENTED_EDGE('',*,*,#1810,.T.);
#1450=ORIENTED_EDGE('',*,*,#1776,.T.);
#1451=ORIENTED_EDGE('',*,*,#1807,.T.);
#1452=ORIENTED_EDGE('',*,*,#1775,.T.);
#1453=ORIENTED_EDGE('',*,*,#1781,.T.);
#1454=ORIENTED_EDGE('',*,*,#1784,.T.);
#1455=ORIENTED_EDGE('',*,*,#1789,.T.);
#1456=ORIENTED_EDGE('',*,*,#1794,.T.);
#1457=ORIENTED_EDGE('',*,*,#1799,.T.);
#1458=ORIENTED_EDGE('',*,*,#1804,.T.);
#1459=ORIENTED_EDGE('',*,*,#1811,.F.);
#1460=ORIENTED_EDGE('',*,*,#1812,.F.);
#1461=ORIENTED_EDGE('',*,*,#1813,.T.);
#1462=ORIENTED_EDGE('',*,*,#1777,.F.);
#1463=ORIENTED_EDGE('',*,*,#1810,.F.);
#1464=ORIENTED_EDGE('',*,*,#1814,.T.);
#1465=ORIENTED_EDGE('',*,*,#1815,.F.);
#1466=ORIENTED_EDGE('',*,*,#1778,.F.);
#1467=ORIENTED_EDGE('',*,*,#1813,.F.);
#1468=ORIENTED_EDGE('',*,*,#1816,.F.);
#1469=ORIENTED_EDGE('',*,*,#1817,.F.);
#1470=ORIENTED_EDGE('',*,*,#1818,.F.);
#1471=ORIENTED_EDGE('',*,*,#1819,.F.);
#1472=ORIENTED_EDGE('',*,*,#1820,.F.);
#1473=ORIENTED_EDGE('',*,*,#1821,.T.);
#1474=ORIENTED_EDGE('',*,*,#1822,.T.);
#1475=ORIENTED_EDGE('',*,*,#1823,.F.);
#1476=ORIENTED_EDGE('',*,*,#1824,.T.);
#1477=ORIENTED_EDGE('',*,*,#1825,.F.);
#1478=ORIENTED_EDGE('',*,*,#1826,.T.);
#1479=ORIENTED_EDGE('',*,*,#1808,.F.);
#1480=ORIENTED_EDGE('',*,*,#1805,.T.);
#1481=ORIENTED_EDGE('',*,*,#1802,.F.);
#1482=ORIENTED_EDGE('',*,*,#1827,.T.);
#1483=ORIENTED_EDGE('',*,*,#1828,.F.);
#1484=ORIENTED_EDGE('',*,*,#1829,.T.);
#1485=ORIENTED_EDGE('',*,*,#1830,.F.);
#1486=ORIENTED_EDGE('',*,*,#1831,.T.);
#1487=ORIENTED_EDGE('',*,*,#1832,.F.);
#1488=ORIENTED_EDGE('',*,*,#1833,.T.);
#1489=ORIENTED_EDGE('',*,*,#1834,.F.);
#1490=ORIENTED_EDGE('',*,*,#1835,.T.);
#1491=ORIENTED_EDGE('',*,*,#1836,.T.);
#1492=ORIENTED_EDGE('',*,*,#1795,.T.);
#1493=ORIENTED_EDGE('',*,*,#1792,.F.);
#1494=ORIENTED_EDGE('',*,*,#1837,.T.);
#1495=ORIENTED_EDGE('',*,*,#1838,.T.);
#1496=ORIENTED_EDGE('',*,*,#1839,.F.);
#1497=ORIENTED_EDGE('',*,*,#1840,.T.);
#1498=ORIENTED_EDGE('',*,*,#1841,.F.);
#1499=ORIENTED_EDGE('',*,*,#1842,.T.);
#1500=ORIENTED_EDGE('',*,*,#1843,.F.);
#1501=ORIENTED_EDGE('',*,*,#1844,.T.);
#1502=ORIENTED_EDGE('',*,*,#1845,.F.);
#1503=ORIENTED_EDGE('',*,*,#1846,.T.);
#1504=ORIENTED_EDGE('',*,*,#1847,.T.);
#1505=ORIENTED_EDGE('',*,*,#1785,.T.);
#1506=ORIENTED_EDGE('',*,*,#1782,.F.);
#1507=ORIENTED_EDGE('',*,*,#1779,.T.);
#1508=ORIENTED_EDGE('',*,*,#1815,.T.);
#1509=ORIENTED_EDGE('',*,*,#1848,.T.);
#1510=ORIENTED_EDGE('',*,*,#1849,.F.);
#1511=ORIENTED_EDGE('',*,*,#1850,.T.);
#1512=ORIENTED_EDGE('',*,*,#1851,.F.);
#1513=ORIENTED_EDGE('',*,*,#1852,.T.);
#1514=ORIENTED_EDGE('',*,*,#1853,.T.);
#1515=ORIENTED_EDGE('',*,*,#1854,.T.);
#1516=ORIENTED_EDGE('',*,*,#1855,.T.);
#1517=ORIENTED_EDGE('',*,*,#1856,.T.);
#1518=ORIENTED_EDGE('',*,*,#1857,.T.);
#1519=ORIENTED_EDGE('',*,*,#1858,.T.);
#1520=ORIENTED_EDGE('',*,*,#1847,.F.);
#1521=ORIENTED_EDGE('',*,*,#1859,.F.);
#1522=ORIENTED_EDGE('',*,*,#1860,.F.);
#1523=ORIENTED_EDGE('',*,*,#1786,.F.);
#1524=ORIENTED_EDGE('',*,*,#1790,.F.);
#1525=ORIENTED_EDGE('',*,*,#1787,.F.);
#1526=ORIENTED_EDGE('',*,*,#1860,.T.);
#1527=ORIENTED_EDGE('',*,*,#1861,.F.);
#1528=ORIENTED_EDGE('',*,*,#1862,.T.);
#1529=ORIENTED_EDGE('',*,*,#1791,.F.);
#1530=ORIENTED_EDGE('',*,*,#1862,.F.);
#1531=ORIENTED_EDGE('',*,*,#1863,.F.);
#1532=ORIENTED_EDGE('',*,*,#1837,.F.);
#1533=ORIENTED_EDGE('',*,*,#1836,.F.);
#1534=ORIENTED_EDGE('',*,*,#1864,.F.);
#1535=ORIENTED_EDGE('',*,*,#1865,.F.);
#1536=ORIENTED_EDGE('',*,*,#1796,.F.);
#1537=ORIENTED_EDGE('',*,*,#1800,.F.);
#1538=ORIENTED_EDGE('',*,*,#1797,.F.);
#1539=ORIENTED_EDGE('',*,*,#1865,.T.);
#1540=ORIENTED_EDGE('',*,*,#1866,.F.);
#1541=ORIENTED_EDGE('',*,*,#1867,.F.);
#1542=ORIENTED_EDGE('',*,*,#1868,.T.);
#1543=ORIENTED_EDGE('',*,*,#1801,.F.);
#1544=ORIENTED_EDGE('',*,*,#1868,.F.);
#1545=ORIENTED_EDGE('',*,*,#1869,.F.);
#1546=ORIENTED_EDGE('',*,*,#1827,.F.);
#1547=ORIENTED_EDGE('',*,*,#1870,.F.);
#1548=ORIENTED_EDGE('',*,*,#1814,.F.);
#1549=ORIENTED_EDGE('',*,*,#1809,.F.);
#1550=ORIENTED_EDGE('',*,*,#1826,.F.);
#1551=ORIENTED_EDGE('',*,*,#1871,.T.);
#1552=ORIENTED_EDGE('',*,*,#1872,.T.);
#1553=ORIENTED_EDGE('',*,*,#1873,.F.);
#1554=ORIENTED_EDGE('',*,*,#1811,.T.);
#1555=ORIENTED_EDGE('',*,*,#1870,.T.);
#1556=ORIENTED_EDGE('',*,*,#1825,.T.);
#1557=ORIENTED_EDGE('',*,*,#1874,.F.);
#1558=ORIENTED_EDGE('',*,*,#1848,.F.);
#1559=ORIENTED_EDGE('',*,*,#1816,.T.);
#1560=ORIENTED_EDGE('',*,*,#1812,.T.);
#1561=ORIENTED_EDGE('',*,*,#1873,.T.);
#1562=ORIENTED_EDGE('',*,*,#1875,.T.);
#1563=ORIENTED_EDGE('',*,*,#1817,.T.);
#1564=ORIENTED_EDGE('',*,*,#1876,.T.);
#1565=ORIENTED_EDGE('',*,*,#1877,.F.);
#1566=ORIENTED_EDGE('',*,*,#1878,.F.);
#1567=ORIENTED_EDGE('',*,*,#1818,.T.);
#1568=ORIENTED_EDGE('',*,*,#1878,.T.);
#1569=ORIENTED_EDGE('',*,*,#1879,.F.);
#1570=ORIENTED_EDGE('',*,*,#1880,.F.);
#1571=ORIENTED_EDGE('',*,*,#1819,.T.);
#1572=ORIENTED_EDGE('',*,*,#1880,.T.);
#1573=ORIENTED_EDGE('',*,*,#1881,.F.);
#1574=ORIENTED_EDGE('',*,*,#1882,.F.);
#1575=ORIENTED_EDGE('',*,*,#1820,.T.);
#1576=ORIENTED_EDGE('',*,*,#1882,.T.);
#1577=ORIENTED_EDGE('',*,*,#1883,.F.);
#1578=ORIENTED_EDGE('',*,*,#1876,.F.);
#1579=ORIENTED_EDGE('',*,*,#1884,.T.);
#1580=ORIENTED_EDGE('',*,*,#1821,.F.);
#1581=ORIENTED_EDGE('',*,*,#1885,.T.);
#1582=ORIENTED_EDGE('',*,*,#1822,.F.);
#1583=ORIENTED_EDGE('',*,*,#1886,.T.);
#1584=ORIENTED_EDGE('',*,*,#1887,.T.);
#1585=ORIENTED_EDGE('',*,*,#1888,.F.);
#1586=ORIENTED_EDGE('',*,*,#1823,.T.);
#1587=ORIENTED_EDGE('',*,*,#1888,.T.);
#1588=ORIENTED_EDGE('',*,*,#1889,.T.);
#1589=ORIENTED_EDGE('',*,*,#1871,.F.);
#1590=ORIENTED_EDGE('',*,*,#1824,.F.);
#1591=ORIENTED_EDGE('',*,*,#1890,.T.);
#1592=ORIENTED_EDGE('',*,*,#1891,.T.);
#1593=ORIENTED_EDGE('',*,*,#1892,.F.);
#1594=ORIENTED_EDGE('',*,*,#1828,.T.);
#1595=ORIENTED_EDGE('',*,*,#1869,.T.);
#1596=ORIENTED_EDGE('',*,*,#1867,.T.);
#1597=ORIENTED_EDGE('',*,*,#1893,.F.);
#1598=ORIENTED_EDGE('',*,*,#1829,.F.);
#1599=ORIENTED_EDGE('',*,*,#1892,.T.);
#1600=ORIENTED_EDGE('',*,*,#1894,.T.);
#1601=ORIENTED_EDGE('',*,*,#1893,.T.);
#1602=ORIENTED_EDGE('',*,*,#1895,.T.);
#1603=ORIENTED_EDGE('',*,*,#1896,.F.);
#1604=ORIENTED_EDGE('',*,*,#1830,.T.);
#1605=ORIENTED_EDGE('',*,*,#1897,.F.);
#1606=ORIENTED_EDGE('',*,*,#1831,.F.);
#1607=ORIENTED_EDGE('',*,*,#1896,.T.);
#1608=ORIENTED_EDGE('',*,*,#1898,.T.);
#1609=ORIENTED_EDGE('',*,*,#1897,.T.);
#1610=ORIENTED_EDGE('',*,*,#1899,.T.);
#1611=ORIENTED_EDGE('',*,*,#1900,.F.);
#1612=ORIENTED_EDGE('',*,*,#1832,.T.);
#1613=ORIENTED_EDGE('',*,*,#1900,.T.);
#1614=ORIENTED_EDGE('',*,*,#1901,.T.);
#1615=ORIENTED_EDGE('',*,*,#1902,.F.);
#1616=ORIENTED_EDGE('',*,*,#1833,.F.);
#1617=ORIENTED_EDGE('',*,*,#1902,.T.);
#1618=ORIENTED_EDGE('',*,*,#1903,.T.);
#1619=ORIENTED_EDGE('',*,*,#1904,.F.);
#1620=ORIENTED_EDGE('',*,*,#1834,.T.);
#1621=ORIENTED_EDGE('',*,*,#1890,.F.);
#1622=ORIENTED_EDGE('',*,*,#1866,.T.);
#1623=ORIENTED_EDGE('',*,*,#1864,.T.);
#1624=ORIENTED_EDGE('',*,*,#1835,.F.);
#1625=ORIENTED_EDGE('',*,*,#1904,.T.);
#1626=ORIENTED_EDGE('',*,*,#1905,.T.);
#1627=ORIENTED_EDGE('',*,*,#1906,.F.);
#1628=ORIENTED_EDGE('',*,*,#1838,.F.);
#1629=ORIENTED_EDGE('',*,*,#1863,.T.);
#1630=ORIENTED_EDGE('',*,*,#1861,.T.);
#1631=ORIENTED_EDGE('',*,*,#1859,.T.);
#1632=ORIENTED_EDGE('',*,*,#1846,.F.);
#1633=ORIENTED_EDGE('',*,*,#1907,.T.);
#1634=ORIENTED_EDGE('',*,*,#1908,.T.);
#1635=ORIENTED_EDGE('',*,*,#1906,.T.);
#1636=ORIENTED_EDGE('',*,*,#1909,.T.);
#1637=ORIENTED_EDGE('',*,*,#1910,.F.);
#1638=ORIENTED_EDGE('',*,*,#1839,.T.);
#1639=ORIENTED_EDGE('',*,*,#1911,.F.);
#1640=ORIENTED_EDGE('',*,*,#1840,.F.);
#1641=ORIENTED_EDGE('',*,*,#1910,.T.);
#1642=ORIENTED_EDGE('',*,*,#1912,.T.);
#1643=ORIENTED_EDGE('',*,*,#1911,.T.);
#1644=ORIENTED_EDGE('',*,*,#1913,.T.);
#1645=ORIENTED_EDGE('',*,*,#1914,.F.);
#1646=ORIENTED_EDGE('',*,*,#1841,.T.);
#1647=ORIENTED_EDGE('',*,*,#1915,.F.);
#1648=ORIENTED_EDGE('',*,*,#1842,.F.);
#1649=ORIENTED_EDGE('',*,*,#1914,.T.);
#1650=ORIENTED_EDGE('',*,*,#1916,.T.);
#1651=ORIENTED_EDGE('',*,*,#1915,.T.);
#1652=ORIENTED_EDGE('',*,*,#1917,.T.);
#1653=ORIENTED_EDGE('',*,*,#1918,.F.);
#1654=ORIENTED_EDGE('',*,*,#1843,.T.);
#1655=ORIENTED_EDGE('',*,*,#1918,.T.);
#1656=ORIENTED_EDGE('',*,*,#1919,.T.);
#1657=ORIENTED_EDGE('',*,*,#1920,.F.);
#1658=ORIENTED_EDGE('',*,*,#1844,.F.);
#1659=ORIENTED_EDGE('',*,*,#1920,.T.);
#1660=ORIENTED_EDGE('',*,*,#1921,.T.);
#1661=ORIENTED_EDGE('',*,*,#1907,.F.);
#1662=ORIENTED_EDGE('',*,*,#1845,.T.);
#1663=ORIENTED_EDGE('',*,*,#1874,.T.);
#1664=ORIENTED_EDGE('',*,*,#1922,.T.);
#1665=ORIENTED_EDGE('',*,*,#1923,.F.);
#1666=ORIENTED_EDGE('',*,*,#1849,.T.);
#1667=ORIENTED_EDGE('',*,*,#1924,.F.);
#1668=ORIENTED_EDGE('',*,*,#1850,.F.);
#1669=ORIENTED_EDGE('',*,*,#1923,.T.);
#1670=ORIENTED_EDGE('',*,*,#1925,.T.);
#1671=ORIENTED_EDGE('',*,*,#1924,.T.);
#1672=ORIENTED_EDGE('',*,*,#1926,.T.);
#1673=ORIENTED_EDGE('',*,*,#1927,.F.);
#1674=ORIENTED_EDGE('',*,*,#1851,.T.);
#1675=ORIENTED_EDGE('',*,*,#1886,.F.);
#1676=ORIENTED_EDGE('',*,*,#1852,.F.);
#1677=ORIENTED_EDGE('',*,*,#1927,.T.);
#1678=ORIENTED_EDGE('',*,*,#1928,.T.);
#1679=ORIENTED_EDGE('',*,*,#1929,.T.);
#1680=ORIENTED_EDGE('',*,*,#1853,.F.);
#1681=ORIENTED_EDGE('',*,*,#1930,.T.);
#1682=ORIENTED_EDGE('',*,*,#1854,.F.);
#1683=ORIENTED_EDGE('',*,*,#1931,.T.);
#1684=ORIENTED_EDGE('',*,*,#1855,.F.);
#1685=ORIENTED_EDGE('',*,*,#1932,.T.);
#1686=ORIENTED_EDGE('',*,*,#1856,.F.);
#1687=ORIENTED_EDGE('',*,*,#1933,.T.);
#1688=ORIENTED_EDGE('',*,*,#1857,.F.);
#1689=ORIENTED_EDGE('',*,*,#1934,.T.);
#1690=ORIENTED_EDGE('',*,*,#1858,.F.);
#1691=ORIENTED_EDGE('',*,*,#1887,.F.);
#1692=ORIENTED_EDGE('',*,*,#1928,.F.);
#1693=ORIENTED_EDGE('',*,*,#1926,.F.);
#1694=ORIENTED_EDGE('',*,*,#1925,.F.);
#1695=ORIENTED_EDGE('',*,*,#1922,.F.);
#1696=ORIENTED_EDGE('',*,*,#1875,.F.);
#1697=ORIENTED_EDGE('',*,*,#1872,.F.);
#1698=ORIENTED_EDGE('',*,*,#1889,.F.);
#1699=ORIENTED_EDGE('',*,*,#1883,.T.);
#1700=ORIENTED_EDGE('',*,*,#1881,.T.);
#1701=ORIENTED_EDGE('',*,*,#1879,.T.);
#1702=ORIENTED_EDGE('',*,*,#1877,.T.);
#1703=ORIENTED_EDGE('',*,*,#1935,.T.);
#1704=ORIENTED_EDGE('',*,*,#1936,.T.);
#1705=ORIENTED_EDGE('',*,*,#1937,.T.);
#1706=ORIENTED_EDGE('',*,*,#1938,.T.);
#1707=ORIENTED_EDGE('',*,*,#1939,.T.);
#1708=ORIENTED_EDGE('',*,*,#1940,.T.);
#1709=ORIENTED_EDGE('',*,*,#1941,.T.);
#1710=ORIENTED_EDGE('',*,*,#1942,.T.);
#1711=ORIENTED_EDGE('',*,*,#1943,.F.);
#1712=ORIENTED_EDGE('',*,*,#1884,.F.);
#1713=ORIENTED_EDGE('',*,*,#1944,.F.);
#1714=ORIENTED_EDGE('',*,*,#1885,.F.);
#1715=ORIENTED_EDGE('',*,*,#1899,.F.);
#1716=ORIENTED_EDGE('',*,*,#1898,.F.);
#1717=ORIENTED_EDGE('',*,*,#1895,.F.);
#1718=ORIENTED_EDGE('',*,*,#1894,.F.);
#1719=ORIENTED_EDGE('',*,*,#1891,.F.);
#1720=ORIENTED_EDGE('',*,*,#1905,.F.);
#1721=ORIENTED_EDGE('',*,*,#1903,.F.);
#1722=ORIENTED_EDGE('',*,*,#1901,.F.);
#1723=ORIENTED_EDGE('',*,*,#1917,.F.);
#1724=ORIENTED_EDGE('',*,*,#1916,.F.);
#1725=ORIENTED_EDGE('',*,*,#1913,.F.);
#1726=ORIENTED_EDGE('',*,*,#1912,.F.);
#1727=ORIENTED_EDGE('',*,*,#1909,.F.);
#1728=ORIENTED_EDGE('',*,*,#1908,.F.);
#1729=ORIENTED_EDGE('',*,*,#1921,.F.);
#1730=ORIENTED_EDGE('',*,*,#1919,.F.);
#1731=ORIENTED_EDGE('',*,*,#1945,.T.);
#1732=ORIENTED_EDGE('',*,*,#1929,.F.);
#1733=ORIENTED_EDGE('',*,*,#1946,.T.);
#1734=ORIENTED_EDGE('',*,*,#1930,.F.);
#1735=ORIENTED_EDGE('',*,*,#1947,.T.);
#1736=ORIENTED_EDGE('',*,*,#1931,.F.);
#1737=ORIENTED_EDGE('',*,*,#1948,.T.);
#1738=ORIENTED_EDGE('',*,*,#1932,.F.);
#1739=ORIENTED_EDGE('',*,*,#1949,.F.);
#1740=ORIENTED_EDGE('',*,*,#1933,.F.);
#1741=ORIENTED_EDGE('',*,*,#1950,.F.);
#1742=ORIENTED_EDGE('',*,*,#1934,.F.);
#1743=ORIENTED_EDGE('',*,*,#1935,.F.);
#1744=ORIENTED_EDGE('',*,*,#1951,.F.);
#1745=ORIENTED_EDGE('',*,*,#1952,.T.);
#1746=ORIENTED_EDGE('',*,*,#1936,.F.);
#1747=ORIENTED_EDGE('',*,*,#1953,.F.);
#1748=ORIENTED_EDGE('',*,*,#1954,.T.);
#1749=ORIENTED_EDGE('',*,*,#1937,.F.);
#1750=ORIENTED_EDGE('',*,*,#1955,.F.);
#1751=ORIENTED_EDGE('',*,*,#1956,.T.);
#1752=ORIENTED_EDGE('',*,*,#1938,.F.);
#1753=ORIENTED_EDGE('',*,*,#1957,.F.);
#1754=ORIENTED_EDGE('',*,*,#1958,.T.);
#1755=ORIENTED_EDGE('',*,*,#1950,.T.);
#1756=ORIENTED_EDGE('',*,*,#1939,.F.);
#1757=ORIENTED_EDGE('',*,*,#1949,.T.);
#1758=ORIENTED_EDGE('',*,*,#1940,.F.);
#1759=ORIENTED_EDGE('',*,*,#1944,.T.);
#1760=ORIENTED_EDGE('',*,*,#1941,.F.);
#1761=ORIENTED_EDGE('',*,*,#1943,.T.);
#1762=ORIENTED_EDGE('',*,*,#1942,.F.);
#1763=ORIENTED_EDGE('',*,*,#1952,.F.);
#1764=ORIENTED_EDGE('',*,*,#1951,.T.);
#1765=ORIENTED_EDGE('',*,*,#1945,.F.);
#1766=ORIENTED_EDGE('',*,*,#1954,.F.);
#1767=ORIENTED_EDGE('',*,*,#1953,.T.);
#1768=ORIENTED_EDGE('',*,*,#1946,.F.);
#1769=ORIENTED_EDGE('',*,*,#1958,.F.);
#1770=ORIENTED_EDGE('',*,*,#1957,.T.);
#1771=ORIENTED_EDGE('',*,*,#1947,.F.);
#1772=ORIENTED_EDGE('',*,*,#1956,.F.);
#1773=ORIENTED_EDGE('',*,*,#1955,.T.);
#1774=ORIENTED_EDGE('',*,*,#1948,.F.);
#1775=EDGE_CURVE('',#1959,#1960,#1961,.T.);
#1776=EDGE_CURVE('',#1962,#1959,#1963,.T.);
#1777=EDGE_CURVE('',#1962,#1964,#1965,.F.);
#1778=EDGE_CURVE('',#1964,#1966,#1967,.T.);
#1779=EDGE_CURVE('',#1968,#1966,#1969,.T.);
#1780=EDGE_CURVE('',#1968,#1960,#1970,.T.);
#1781=EDGE_CURVE('',#1960,#1971,#1972,.T.);
#1782=EDGE_CURVE('',#1968,#1973,#1974,.F.);
#1783=EDGE_CURVE('',#1973,#1971,#1975,.T.);
#1784=EDGE_CURVE('',#1971,#1976,#1977,.T.);
#1785=EDGE_CURVE('',#1978,#1973,#1979,.T.);
#1786=EDGE_CURVE('',#1978,#1980,#1981,.T.);
#1787=EDGE_CURVE('',#1980,#1982,#1983,.F.);
#1788=EDGE_CURVE('',#1982,#1976,#1984,.T.);
#1789=EDGE_CURVE('',#1976,#1985,#1986,.T.);
#1790=EDGE_CURVE('',#1982,#1987,#1988,.F.);
#1791=EDGE_CURVE('',#1987,#1989,#1990,.F.);
#1792=EDGE_CURVE('',#1989,#1991,#1992,.F.);
#1793=EDGE_CURVE('',#1991,#1985,#1993,.T.);
#1794=EDGE_CURVE('',#1985,#1994,#1995,.T.);
#1795=EDGE_CURVE('',#1996,#1991,#1997,.T.);
#1796=EDGE_CURVE('',#1996,#1998,#1999,.T.);
#1797=EDGE_CURVE('',#1998,#2000,#2001,.F.);
#1798=EDGE_CURVE('',#2000,#1994,#2002,.T.);
#1799=EDGE_CURVE('',#1994,#2003,#2004,.T.);
#1800=EDGE_CURVE('',#2000,#2005,#2006,.F.);
#1801=EDGE_CURVE('',#2005,#2007,#2008,.F.);
#1802=EDGE_CURVE('',#2007,#2009,#2010,.F.);
#1803=EDGE_CURVE('',#2009,#2003,#2011,.T.);
#1804=EDGE_CURVE('',#2003,#2012,#2013,.T.);
#1805=EDGE_CURVE('',#2014,#2009,#2015,.T.);
#1806=EDGE_CURVE('',#2014,#2012,#2016,.T.);
#1807=EDGE_CURVE('',#2012,#1959,#2017,.T.);
#1808=EDGE_CURVE('',#2014,#2018,#2019,.F.);
#1809=EDGE_CURVE('',#2018,#2020,#2021,.F.);
#1810=EDGE_CURVE('',#2020,#1962,#2022,.F.);
#1811=EDGE_CURVE('',#2023,#2024,#2025,.F.);
#1812=EDGE_CURVE('',#2026,#2023,#2027,.F.);
#1813=EDGE_CURVE('',#2026,#1964,#2028,.T.);
#1814=EDGE_CURVE('',#2020,#2024,#2029,.T.);
#1815=EDGE_CURVE('',#1966,#2030,#2031,.T.);
#1816=EDGE_CURVE('',#2030,#2026,#2032,.T.);
#1817=EDGE_CURVE('',#2033,#2034,#2035,.T.);
#1818=EDGE_CURVE('',#2036,#2033,#2037,.T.);
#1819=EDGE_CURVE('',#2038,#2036,#2039,.T.);
#1820=EDGE_CURVE('',#2034,#2038,#2040,.T.);
#1821=EDGE_CURVE('',#2041,#2041,#2042,.F.);
#1822=EDGE_CURVE('',#2043,#2043,#2044,.F.);
#1823=EDGE_CURVE('',#2045,#2046,#2047,.F.);
#1824=EDGE_CURVE('',#2045,#2048,#2049,.T.);
#1825=EDGE_CURVE('',#2050,#2048,#2051,.F.);
#1826=EDGE_CURVE('',#2050,#2018,#2052,.T.);
#1827=EDGE_CURVE('',#2007,#2053,#2054,.T.);
#1828=EDGE_CURVE('',#2055,#2053,#2056,.F.);
#1829=EDGE_CURVE('',#2055,#2057,#2058,.T.);
#1830=EDGE_CURVE('',#2059,#2057,#2060,.F.);
#1831=EDGE_CURVE('',#2059,#2061,#2062,.T.);
#1832=EDGE_CURVE('',#2063,#2061,#2064,.F.);
#1833=EDGE_CURVE('',#2063,#2065,#2066,.T.);
#1834=EDGE_CURVE('',#2067,#2065,#2068,.F.);
#1835=EDGE_CURVE('',#2067,#2069,#2070,.T.);
#1836=EDGE_CURVE('',#2069,#1996,#2071,.T.);
#1837=EDGE_CURVE('',#1989,#2072,#2073,.T.);
#1838=EDGE_CURVE('',#2072,#2074,#2075,.T.);
#1839=EDGE_CURVE('',#2076,#2074,#2077,.F.);
#1840=EDGE_CURVE('',#2076,#2078,#2079,.T.);
#1841=EDGE_CURVE('',#2080,#2078,#2081,.F.);
#1842=EDGE_CURVE('',#2080,#2082,#2083,.T.);
#1843=EDGE_CURVE('',#2084,#2082,#2085,.F.);
#1844=EDGE_CURVE('',#2084,#2086,#2087,.T.);
#1845=EDGE_CURVE('',#2088,#2086,#2089,.F.);
#1846=EDGE_CURVE('',#2088,#2090,#2091,.T.);
#1847=EDGE_CURVE('',#2090,#1978,#2092,.T.);
#1848=EDGE_CURVE('',#2030,#2093,#2094,.T.);
#1849=EDGE_CURVE('',#2095,#2093,#2096,.F.);
#1850=EDGE_CURVE('',#2095,#2097,#2098,.T.);
#1851=EDGE_CURVE('',#2099,#2097,#2100,.F.);
#1852=EDGE_CURVE('',#2099,#2046,#2101,.T.);
#1853=EDGE_CURVE('',#2102,#2102,#2103,.F.);
#1854=EDGE_CURVE('',#2104,#2104,#2105,.F.);
#1855=EDGE_CURVE('',#2106,#2106,#2107,.F.);
#1856=EDGE_CURVE('',#2108,#2108,#2109,.F.);
#1857=EDGE_CURVE('',#2110,#2110,#2111,.F.);
#1858=EDGE_CURVE('',#2112,#2112,#2113,.F.);
#1859=EDGE_CURVE('',#2114,#2090,#2115,.T.);
#1860=EDGE_CURVE('',#1980,#2114,#2116,.T.);
#1861=EDGE_CURVE('',#2117,#2114,#2118,.F.);
#1862=EDGE_CURVE('',#2117,#1987,#2119,.T.);
#1863=EDGE_CURVE('',#2072,#2117,#2120,.T.);
#1864=EDGE_CURVE('',#2121,#2069,#2122,.T.);
#1865=EDGE_CURVE('',#1998,#2121,#2123,.T.);
#1866=EDGE_CURVE('',#2124,#2121,#2125,.F.);
#1867=EDGE_CURVE('',#2126,#2124,#2127,.F.);
#1868=EDGE_CURVE('',#2126,#2005,#2128,.T.);
#1869=EDGE_CURVE('',#2053,#2126,#2129,.F.);
#1870=EDGE_CURVE('',#2024,#2050,#2130,.F.);
#1871=EDGE_CURVE('',#2048,#2131,#2132,.T.);
#1872=EDGE_CURVE('',#2131,#2133,#2134,.F.);
#1873=EDGE_CURVE('',#2023,#2133,#2135,.T.);
#1874=EDGE_CURVE('',#2093,#2136,#2137,.T.);
#1875=EDGE_CURVE('',#2133,#2136,#2138,.T.);
#1876=EDGE_CURVE('',#2034,#2139,#2140,.T.);
#1877=EDGE_CURVE('',#2141,#2139,#2142,.T.);
#1878=EDGE_CURVE('',#2033,#2141,#2143,.T.);
#1879=EDGE_CURVE('',#2144,#2141,#2145,.T.);
#1880=EDGE_CURVE('',#2036,#2144,#2146,.T.);
#1881=EDGE_CURVE('',#2147,#2144,#2148,.T.);
#1882=EDGE_CURVE('',#2038,#2147,#2149,.T.);
#1883=EDGE_CURVE('',#2139,#2147,#2150,.T.);
#1884=EDGE_CURVE('',#2151,#2151,#2152,.F.);
#1885=EDGE_CURVE('',#2153,#2153,#2154,.F.);
#1886=EDGE_CURVE('',#2046,#2155,#2156,.T.);
#1887=EDGE_CURVE('',#2155,#2157,#2158,.F.);
#1888=EDGE_CURVE('',#2045,#2157,#2159,.T.);
#1889=EDGE_CURVE('',#2157,#2131,#2160,.T.);
#1890=EDGE_CURVE('',#2124,#2161,#2162,.T.);
#1891=EDGE_CURVE('',#2161,#2163,#2164,.F.);
#1892=EDGE_CURVE('',#2055,#2163,#2165,.T.);
#1893=EDGE_CURVE('',#2057,#2166,#2167,.T.);
#1894=EDGE_CURVE('',#2163,#2166,#2168,.T.);
#1895=EDGE_CURVE('',#2166,#2169,#2170,.F.);
#1896=EDGE_CURVE('',#2059,#2169,#2171,.T.);
#1897=EDGE_CURVE('',#2061,#2172,#2173,.T.);
#1898=EDGE_CURVE('',#2169,#2172,#2174,.T.);
#1899=EDGE_CURVE('',#2172,#2175,#2176,.F.);
#1900=EDGE_CURVE('',#2063,#2175,#2177,.T.);
#1901=EDGE_CURVE('',#2175,#2178,#2179,.T.);
#1902=EDGE_CURVE('',#2065,#2178,#2180,.T.);
#1903=EDGE_CURVE('',#2178,#2181,#2182,.F.);
#1904=EDGE_CURVE('',#2067,#2181,#2183,.T.);
#1905=EDGE_CURVE('',#2181,#2161,#2184,.T.);
#1906=EDGE_CURVE('',#2074,#2185,#2186,.T.);
#1907=EDGE_CURVE('',#2088,#2187,#2188,.T.);
#1908=EDGE_CURVE('',#2187,#2185,#2189,.T.);
#1909=EDGE_CURVE('',#2185,#2190,#2191,.F.);
#1910=EDGE_CURVE('',#2076,#2190,#2192,.T.);
#1911=EDGE_CURVE('',#2078,#2193,#2194,.T.);
#1912=EDGE_CURVE('',#2190,#2193,#2195,.T.);
#1913=EDGE_CURVE('',#2193,#2196,#2197,.F.);
#1914=EDGE_CURVE('',#2080,#2196,#2198,.T.);
#1915=EDGE_CURVE('',#2082,#2199,#2200,.T.);
#1916=EDGE_CURVE('',#2196,#2199,#2201,.T.);
#1917=EDGE_CURVE('',#2199,#2202,#2203,.F.);
#1918=EDGE_CURVE('',#2084,#2202,#2204,.T.);
#1919=EDGE_CURVE('',#2202,#2205,#2206,.T.);
#1920=EDGE_CURVE('',#2086,#2205,#2207,.T.);
#1921=EDGE_CURVE('',#2205,#2187,#2208,.F.);
#1922=EDGE_CURVE('',#2136,#2209,#2210,.F.);
#1923=EDGE_CURVE('',#2095,#2209,#2211,.T.);
#1924=EDGE_CURVE('',#2097,#2212,#2213,.T.);
#1925=EDGE_CURVE('',#2209,#2212,#2214,.T.);
#1926=EDGE_CURVE('',#2212,#2215,#2216,.F.);
#1927=EDGE_CURVE('',#2099,#2215,#2217,.T.);
#1928=EDGE_CURVE('',#2215,#2155,#2218,.T.);
#1929=EDGE_CURVE('',#2219,#2219,#2220,.F.);
#1930=EDGE_CURVE('',#2221,#2221,#2222,.F.);
#1931=EDGE_CURVE('',#2223,#2223,#2224,.F.);
#1932=EDGE_CURVE('',#2225,#2225,#2226,.F.);
#1933=EDGE_CURVE('',#2227,#2227,#2228,.F.);
#1934=EDGE_CURVE('',#2229,#2229,#2230,.F.);
#1935=EDGE_CURVE('',#2231,#2231,#2232,.F.);
#1936=EDGE_CURVE('',#2233,#2233,#2234,.F.);
#1937=EDGE_CURVE('',#2235,#2235,#2236,.F.);
#1938=EDGE_CURVE('',#2237,#2237,#2238,.F.);
#1939=EDGE_CURVE('',#2239,#2239,#2240,.T.);
#1940=EDGE_CURVE('',#2241,#2241,#2242,.T.);
#1941=EDGE_CURVE('',#2243,#2243,#2244,.T.);
#1942=EDGE_CURVE('',#2245,#2245,#2246,.T.);
#1943=EDGE_CURVE('',#2247,#2247,#2248,.T.);
#1944=EDGE_CURVE('',#2249,#2249,#2250,.T.);
#1945=EDGE_CURVE('',#2251,#2251,#2252,.F.);
#1946=EDGE_CURVE('',#2253,#2253,#2254,.F.);
#1947=EDGE_CURVE('',#2255,#2255,#2256,.F.);
#1948=EDGE_CURVE('',#2257,#2257,#2258,.F.);
#1949=EDGE_CURVE('',#2259,#2259,#2260,.T.);
#1950=EDGE_CURVE('',#2261,#2261,#2262,.T.);
#1951=EDGE_CURVE('',#2263,#2264,#2265,.T.);
#1952=EDGE_CURVE('',#2263,#2264,#2266,.T.);
#1953=EDGE_CURVE('',#2267,#2268,#2269,.T.);
#1954=EDGE_CURVE('',#2267,#2268,#2270,.T.);
#1955=EDGE_CURVE('',#2271,#2272,#2273,.T.);
#1956=EDGE_CURVE('',#2271,#2272,#2274,.T.);
#1957=EDGE_CURVE('',#2275,#2276,#2277,.T.);
#1958=EDGE_CURVE('',#2275,#2276,#2278,.T.);
#1959=VERTEX_POINT('',#2279);
#1960=VERTEX_POINT('',#2280);
#1961=LINE('',#2281,#2282);
#1962=VERTEX_POINT('',#2284);
#1963=LINE('',#2285,#2286);
#1964=VERTEX_POINT('',#2288);
#1965=LINE('',#2289,#2290);
#1966=VERTEX_POINT('',#2292);
#1967=LINE('',#2293,#2294);
#1968=VERTEX_POINT('',#2296);
#1969=LINE('',#2297,#2298);
#1970=LINE('',#2300,#2301);
#1971=VERTEX_POINT('',#2303);
#1972=CIRCLE('',#2304,2.);
#1973=VERTEX_POINT('',#2308);
#1974=CIRCLE('',#2309,2.00000000000001);
#1975=LINE('',#2313,#2314);
#1976=VERTEX_POINT('',#2316);
#1977=LINE('',#2317,#2318);
#1978=VERTEX_POINT('',#2320);
#1979=LINE('',#2321,#2322);
#1980=VERTEX_POINT('',#2324);
#1981=LINE('',#2325,#2326);
#1982=VERTEX_POINT('',#2328);
#1983=LINE('',#2329,#2330);
#1984=LINE('',#2332,#2333);
#1985=VERTEX_POINT('',#2335);
#1986=CIRCLE('',#2336,2.);
#1987=VERTEX_POINT('',#2340);
#1988=CIRCLE('',#2341,2.);
#1989=VERTEX_POINT('',#2345);
#1990=LINE('',#2346,#2347);
#1991=VERTEX_POINT('',#2349);
#1992=CIRCLE('',#2350,2.);
#1993=LINE('',#2354,#2355);
#1994=VERTEX_POINT('',#2357);
#1995=LINE('',#2358,#2359);
#1996=VERTEX_POINT('',#2361);
#1997=LINE('',#2362,#2363);
#1998=VERTEX_POINT('',#2365);
#1999=LINE('',#2366,#2367);
#2000=VERTEX_POINT('',#2369);
#2001=LINE('',#2370,#2371);
#2002=LINE('',#2373,#2374);
#2003=VERTEX_POINT('',#2376);
#2004=CIRCLE('',#2377,2.);
#2005=VERTEX_POINT('',#2381);
#2006=CIRCLE('',#2382,2.00000000000007);
#2007=VERTEX_POINT('',#2386);
#2008=LINE('',#2387,#2388);
#2009=VERTEX_POINT('',#2390);
#2010=CIRCLE('',#2391,1.99999999999999);
#2011=LINE('',#2395,#2396);
#2012=VERTEX_POINT('',#2398);
#2013=LINE('',#2399,#2400);
#2014=VERTEX_POINT('',#2402);
#2015=LINE('',#2403,#2404);
#2016=LINE('',#2406,#2407);
#2017=CIRCLE('',#2409,2.);
#2018=VERTEX_POINT('',#2413);
#2019=CIRCLE('',#2414,2.00000000000006);
#2020=VERTEX_POINT('',#2418);
#2021=LINE('',#2419,#2420);
#2022=CIRCLE('',#2422,2.);
#2023=VERTEX_POINT('',#2426);
#2024=VERTEX_POINT('',#2427);
#2025=CIRCLE('',#2428,2.00000000000006);
#2026=VERTEX_POINT('',#2432);
#2027=LINE('',#2433,#2434);
#2028=LINE('',#2436,#2437);
#2029=LINE('',#2439,#2440);
#2030=VERTEX_POINT('',#2442);
#2031=LINE('',#2443,#2444);
#2032=LINE('',#2446,#2447);
#2033=VERTEX_POINT('',#2449);
#2034=VERTEX_POINT('',#2450);
#2035=LINE('',#2451,#2452);
#2036=VERTEX_POINT('',#2454);
#2037=LINE('',#2455,#2456);
#2038=VERTEX_POINT('',#2458);
#2039=LINE('',#2459,#2460);
#2040=LINE('',#2462,#2463);
#2041=VERTEX_POINT('',#2465);
#2042=CIRCLE('',#2466,1.256430355125);
#2043=VERTEX_POINT('',#2470);
#2044=CIRCLE('',#2471,1.256430355125);
#2045=VERTEX_POINT('',#2475);
#2046=VERTEX_POINT('',#2476);
#2047=CIRCLE('',#2477,2.);
#2048=VERTEX_POINT('',#2481);
#2049=LINE('',#2482,#2483);
#2050=VERTEX_POINT('',#2485);
#2051=CIRCLE('',#2486,2.);
#2052=LINE('',#2490,#2491);
#2053=VERTEX_POINT('',#2493);
#2054=LINE('',#2494,#2495);
#2055=VERTEX_POINT('',#2497);
#2056=CIRCLE('',#2498,2.00000000000006);
#2057=VERTEX_POINT('',#2502);
#2058=LINE('',#2503,#2504);
#2059=VERTEX_POINT('',#2506);
#2060=CIRCLE('',#2507,1.99999999999999);
#2061=VERTEX_POINT('',#2511);
#2062=LINE('',#2512,#2513);
#2063=VERTEX_POINT('',#2515);
#2064=CIRCLE('',#2516,2.);
#2065=VERTEX_POINT('',#2520);
#2066=LINE('',#2521,#2522);
#2067=VERTEX_POINT('',#2524);
#2068=CIRCLE('',#2525,2.00000000000001);
#2069=VERTEX_POINT('',#2529);
#2070=LINE('',#2530,#2531);
#2071=LINE('',#2533,#2534);
#2072=VERTEX_POINT('',#2536);
#2073=LINE('',#2537,#2538);
#2074=VERTEX_POINT('',#2540);
#2075=LINE('',#2541,#2542);
#2076=VERTEX_POINT('',#2544);
#2077=CIRCLE('',#2545,1.99999999999999);
#2078=VERTEX_POINT('',#2549);
#2079=LINE('',#2550,#2551);
#2080=VERTEX_POINT('',#2553);
#2081=CIRCLE('',#2554,2.);
#2082=VERTEX_POINT('',#2558);
#2083=LINE('',#2559,#2560);
#2084=VERTEX_POINT('',#2562);
#2085=CIRCLE('',#2563,2.);
#2086=VERTEX_POINT('',#2567);
#2087=LINE('',#2568,#2569);
#2088=VERTEX_POINT('',#2571);
#2089=CIRCLE('',#2572,2.00000000000001);
#2090=VERTEX_POINT('',#2576);
#2091=LINE('',#2577,#2578);
#2092=LINE('',#2580,#2581);
#2093=VERTEX_POINT('',#2583);
#2094=LINE('',#2584,#2585);
#2095=VERTEX_POINT('',#2587);
#2096=CIRCLE('',#2588,2.);
#2097=VERTEX_POINT('',#2592);
#2098=LINE('',#2593,#2594);
#2099=VERTEX_POINT('',#2596);
#2100=CIRCLE('',#2597,2.);
#2101=LINE('',#2601,#2602);
#2102=VERTEX_POINT('',#2604);
#2103=CIRCLE('',#2605,1.6);
#2104=VERTEX_POINT('',#2609);
#2105=CIRCLE('',#2610,1.6);
#2106=VERTEX_POINT('',#2614);
#2107=CIRCLE('',#2615,1.60000000000001);
#2108=VERTEX_POINT('',#2619);
#2109=CIRCLE('',#2620,1.6);
#2110=VERTEX_POINT('',#2624);
#2111=CIRCLE('',#2625,1.256430355125);
#2112=VERTEX_POINT('',#2629);
#2113=CIRCLE('',#2630,1.256430355125);
#2114=VERTEX_POINT('',#2634);
#2115=LINE('',#2635,#2636);
#2116=LINE('',#2638,#2639);
#2117=VERTEX_POINT('',#2641);
#2118=LINE('',#2642,#2643);
#2119=LINE('',#2645,#2646);
#2120=LINE('',#2648,#2649);
#2121=VERTEX_POINT('',#2651);
#2122=LINE('',#2652,#2653);
#2123=LINE('',#2655,#2656);
#2124=VERTEX_POINT('',#2658);
#2125=LINE('',#2659,#2660);
#2126=VERTEX_POINT('',#2662);
#2127=CIRCLE('',#2663,2.);
#2128=LINE('',#2667,#2668);
#2129=LINE('',#2670,#2671);
#2130=LINE('',#2673,#2674);
#2131=VERTEX_POINT('',#2676);
#2132=LINE('',#2677,#2678);
#2133=VERTEX_POINT('',#2680);
#2134=CIRCLE('',#2681,2.);
#2135=LINE('',#2685,#2686);
#2136=VERTEX_POINT('',#2688);
#2137=LINE('',#2689,#2690);
#2138=LINE('',#2692,#2693);
#2139=VERTEX_POINT('',#2695);
#2140=LINE('',#2696,#2697);
#2141=VERTEX_POINT('',#2699);
#2142=LINE('',#2700,#2701);
#2143=LINE('',#2703,#2704);
#2144=VERTEX_POINT('',#2706);
#2145=LINE('',#2707,#2708);
#2146=LINE('',#2710,#2711);
#2147=VERTEX_POINT('',#2713);
#2148=LINE('',#2714,#2715);
#2149=LINE('',#2717,#2718);
#2150=LINE('',#2720,#2721);
#2151=VERTEX_POINT('',#2723);
#2152=CIRCLE('',#2724,1.006430355125);
#2153=VERTEX_POINT('',#2728);
#2154=CIRCLE('',#2729,1.006430355125);
#2155=VERTEX_POINT('',#2733);
#2156=LINE('',#2734,#2735);
#2157=VERTEX_POINT('',#2737);
#2158=CIRCLE('',#2738,2.);
#2159=LINE('',#2742,#2743);
#2160=LINE('',#2745,#2746);
#2161=VERTEX_POINT('',#2748);
#2162=LINE('',#2749,#2750);
#2163=VERTEX_POINT('',#2752);
#2164=CIRCLE('',#2753,1.99999999999999);
#2165=LINE('',#2757,#2758);
#2166=VERTEX_POINT('',#2760);
#2167=LINE('',#2761,#2762);
#2168=LINE('',#2764,#2765);
#2169=VERTEX_POINT('',#2767);
#2170=CIRCLE('',#2768,2.);
#2171=LINE('',#2772,#2773);
#2172=VERTEX_POINT('',#2775);
#2173=LINE('',#2776,#2777);
#2174=LINE('',#2779,#2780);
#2175=VERTEX_POINT('',#2782);
#2176=CIRCLE('',#2783,2.00000000000001);
#2177=LINE('',#2787,#2788);
#2178=VERTEX_POINT('',#2790);
#2179=LINE('',#2791,#2792);
#2180=LINE('',#2794,#2795);
#2181=VERTEX_POINT('',#2797);
#2182=CIRCLE('',#2798,2.);
#2183=LINE('',#2802,#2803);
#2184=LINE('',#2805,#2806);
#2185=VERTEX_POINT('',#2808);
#2186=LINE('',#2809,#2810);
#2187=VERTEX_POINT('',#2812);
#2188=LINE('',#2813,#2814);
#2189=LINE('',#2816,#2817);
#2190=VERTEX_POINT('',#2819);
#2191=CIRCLE('',#2820,1.99999999999999);
#2192=LINE('',#2824,#2825);
#2193=VERTEX_POINT('',#2827);
#2194=LINE('',#2828,#2829);
#2195=LINE('',#2831,#2832);
#2196=VERTEX_POINT('',#2834);
#2197=CIRCLE('',#2835,2.);
#2198=LINE('',#2839,#2840);
#2199=VERTEX_POINT('',#2842);
#2200=LINE('',#2843,#2844);
#2201=LINE('',#2846,#2847);
#2202=VERTEX_POINT('',#2849);
#2203=CIRCLE('',#2850,2.00000000000001);
#2204=LINE('',#2854,#2855);
#2205=VERTEX_POINT('',#2857);
#2206=LINE('',#2858,#2859);
#2207=LINE('',#2861,#2862);
#2208=CIRCLE('',#2864,2.);
#2209=VERTEX_POINT('',#2868);
#2210=CIRCLE('',#2869,2.00000000000001);
#2211=LINE('',#2873,#2874);
#2212=VERTEX_POINT('',#2876);
#2213=LINE('',#2877,#2878);
#2214=LINE('',#2880,#2881);
#2215=VERTEX_POINT('',#2883);
#2216=CIRCLE('',#2884,2.);
#2217=LINE('',#2888,#2889);
#2218=LINE('',#2891,#2892);
#2219=VERTEX_POINT('',#2894);
#2220=CIRCLE('',#2895,1.35);
#2221=VERTEX_POINT('',#2899);
#2222=CIRCLE('',#2900,1.35);
#2223=VERTEX_POINT('',#2904);
#2224=CIRCLE('',#2905,1.35);
#2225=VERTEX_POINT('',#2909);
#2226=CIRCLE('',#2910,1.35);
#2227=VERTEX_POINT('',#2914);
#2228=CIRCLE('',#2915,1.006430355125);
#2229=VERTEX_POINT('',#2919);
#2230=CIRCLE('',#2920,1.006430355125);
#2231=VERTEX_POINT('',#2924);
#2232=CIRCLE('',#2925,2.4);
#2233=VERTEX_POINT('',#2929);
#2234=CIRCLE('',#2930,2.4);
#2235=VERTEX_POINT('',#2934);
#2236=CIRCLE('',#2935,2.4);
#2237=VERTEX_POINT('',#2939);
#2238=CIRCLE('',#2940,2.4);
#2239=VERTEX_POINT('',#2944);
#2240=CIRCLE('',#2945,1.256430355125);
#2241=VERTEX_POINT('',#2949);
#2242=CIRCLE('',#2950,1.256430355125);
#2243=VERTEX_POINT('',#2954);
#2244=CIRCLE('',#2955,1.256430355125);
#2245=VERTEX_POINT('',#2959);
#2246=CIRCLE('',#2960,1.256430355125);
#2247=VERTEX_POINT('',#2964);
#2248=CIRCLE('',#2965,1.006430355125);
#2249=VERTEX_POINT('',#2969);
#2250=CIRCLE('',#2970,1.006430355125);
#2251=VERTEX_POINT('',#2974);
#2252=CIRCLE('',#2975,1.35);
#2253=VERTEX_POINT('',#2979);
#2254=CIRCLE('',#2980,1.35);
#2255=VERTEX_POINT('',#2984);
#2256=CIRCLE('',#2985,1.35);
#2257=VERTEX_POINT('',#2989);
#2258=CIRCLE('',#2990,1.35);
#2259=VERTEX_POINT('',#2994);
#2260=CIRCLE('',#2995,1.006430355125);
#2261=VERTEX_POINT('',#2999);
#2262=CIRCLE('',#3000,1.006430355125);
#2263=VERTEX_POINT('',#3004);
#2264=VERTEX_POINT('',#3005);
#2265=CIRCLE('',#3006,2.4);
#2266=CIRCLE('',#3010,2.4);
#2267=VERTEX_POINT('',#3014);
#2268=VERTEX_POINT('',#3015);
#2269=CIRCLE('',#3016,2.4);
#2270=CIRCLE('',#3020,2.4);
#2271=VERTEX_POINT('',#3024);
#2272=VERTEX_POINT('',#3025);
#2273=CIRCLE('',#3026,2.4);
#2274=CIRCLE('',#3030,2.4);
#2275=VERTEX_POINT('',#3034);
#2276=VERTEX_POINT('',#3035);
#2277=CIRCLE('',#3036,2.4);
#2278=CIRCLE('',#3040,2.4);
#2279=CARTESIAN_POINT('',(12.4,6.9,2.2));
#2280=CARTESIAN_POINT('',(12.4,12.9,2.2));
#2281=CARTESIAN_POINT('',(12.4,6.9,2.2));
#2282=VECTOR('',#2283,1.);
#2283=DIRECTION('',(2.96059473233375E-016,1.,0.));
#2284=CARTESIAN_POINT('',(12.4,6.9,1.5));
#2285=CARTESIAN_POINT('',(12.4,6.9,1.5));
#2286=VECTOR('',#2287,1.);
#2287=DIRECTION('',(0.,0.,1.));
#2288=CARTESIAN_POINT('',(12.4,10.1,1.5));
#2289=CARTESIAN_POINT('',(12.4,10.1,1.5));
#2290=VECTOR('',#2291,1.);
#2291=DIRECTION('',(0.,-1.,0.));
#2292=CARTESIAN_POINT('',(12.4,10.1,0.));
#2293=CARTESIAN_POINT('',(12.4,10.1,1.5));
#2294=VECTOR('',#2295,1.);
#2295=DIRECTION('',(0.,0.,-1.));
#2296=CARTESIAN_POINT('',(12.4,12.9,0.));
#2297=CARTESIAN_POINT('',(12.4,12.9,0.));
#2298=VECTOR('',#2299,1.);
#2299=DIRECTION('',(-6.3441315692866E-016,-1.,0.));
#2300=CARTESIAN_POINT('',(12.4,12.9,0.));
#2301=VECTOR('',#2302,1.);
#2302=DIRECTION('',(0.,0.,1.));
#2303=CARTESIAN_POINT('',(14.4,14.9,2.2));
#2304=AXIS2_PLACEMENT_3D('',#2305,#2306,#2307);
#2305=CARTESIAN_POINT('',(14.4,12.9,2.2));
#2306=DIRECTION('',(0.,0.,-1.));
#2307=DIRECTION('',(-1.,0.,0.));
#2308=CARTESIAN_POINT('',(14.4,14.9,0.));
#2309=AXIS2_PLACEMENT_3D('',#2310,#2311,#2312);
#2310=CARTESIAN_POINT('',(14.4,12.9,0.));
#2311=DIRECTION('',(-0.,0.,1.));
#2312=DIRECTION('',(-2.66453525910037E-015,1.,0.));
#2313=CARTESIAN_POINT('',(14.4,14.9,0.));
#2314=VECTOR('',#2315,1.);
#2315=DIRECTION('',(0.,0.,1.));
#2316=CARTESIAN_POINT('',(22.2,14.9,2.2));
#2317=CARTESIAN_POINT('',(14.4,14.9,2.2));
#2318=VECTOR('',#2319,1.);
#2319=DIRECTION('',(1.,-4.55476112666731E-016,0.));
#2320=CARTESIAN_POINT('',(20.8,14.9,0.));
#2321=CARTESIAN_POINT('',(20.8,14.9,0.));
#2322=VECTOR('',#2323,1.);
#2323=DIRECTION('',(-1.,5.55111512312578E-016,0.));
#2324=CARTESIAN_POINT('',(20.8,14.9,1.5));
#2325=CARTESIAN_POINT('',(20.8,14.9,0.));
#2326=VECTOR('',#2327,1.);
#2327=DIRECTION('',(0.,0.,1.));
#2328=CARTESIAN_POINT('',(22.2,14.9,1.5));
#2329=CARTESIAN_POINT('',(22.2,14.9,1.5));
#2330=VECTOR('',#2331,1.);
#2331=DIRECTION('',(-1.,1.26882631385732E-015,1.58603289232165E-016));
#2332=CARTESIAN_POINT('',(22.2,14.9,1.5));
#2333=VECTOR('',#2334,1.);
#2334=DIRECTION('',(0.,0.,1.));
#2335=CARTESIAN_POINT('',(24.2,12.9,2.2));
#2336=AXIS2_PLACEMENT_3D('',#2337,#2338,#2339);
#2337=CARTESIAN_POINT('',(22.2,12.9,2.2));
#2338=DIRECTION('',(0.,0.,-1.));
#2339=DIRECTION('',(0.,1.,0.));
#2340=CARTESIAN_POINT('',(22.4,14.8899748742132,1.5));
#2341=AXIS2_PLACEMENT_3D('',#2342,#2343,#2344);
#2342=CARTESIAN_POINT('',(22.2,12.9,1.5));
#2343=DIRECTION('',(0.,-0.,1.));
#2344=DIRECTION('',(0.0999999999999979,0.99498743710662,0.));
#2345=CARTESIAN_POINT('',(22.4,14.8899748742132,0.));
#2346=CARTESIAN_POINT('',(22.4,14.8899748742132,0.));
#2347=VECTOR('',#2348,1.);
#2348=DIRECTION('',(0.,0.,1.));
#2349=CARTESIAN_POINT('',(24.2,12.9,0.));
#2350=AXIS2_PLACEMENT_3D('',#2351,#2352,#2353);
#2351=CARTESIAN_POINT('',(22.2,12.9,0.));
#2352=DIRECTION('',(-0.,0.,1.));
#2353=DIRECTION('',(1.,0.,0.));
#2354=CARTESIAN_POINT('',(24.2,12.9,0.));
#2355=VECTOR('',#2356,1.);
#2356=DIRECTION('',(0.,0.,1.));
#2357=CARTESIAN_POINT('',(24.2,6.89999999999999,2.2));
#2358=CARTESIAN_POINT('',(24.2,12.9,2.2));
#2359=VECTOR('',#2360,1.);
#2360=DIRECTION('',(-5.92118946466751E-016,-1.,0.));
#2361=CARTESIAN_POINT('',(24.2,10.1,0.));
#2362=CARTESIAN_POINT('',(24.2,10.1,0.));
#2363=VECTOR('',#2364,1.);
#2364=DIRECTION('',(0.,1.,0.));
#2365=CARTESIAN_POINT('',(24.2,10.1,1.5));
#2366=CARTESIAN_POINT('',(24.2,10.1,0.));
#2367=VECTOR('',#2368,1.);
#2368=DIRECTION('',(0.,0.,1.));
#2369=CARTESIAN_POINT('',(24.2,6.89999999999999,1.5));
#2370=CARTESIAN_POINT('',(24.2,6.89999999999999,1.5));
#2371=VECTOR('',#2372,1.);
#2372=DIRECTION('',(1.11022302462515E-015,1.,0.));
#2373=CARTESIAN_POINT('',(24.2,6.89999999999999,1.5));
#2374=VECTOR('',#2375,1.);
#2375=DIRECTION('',(0.,0.,1.));
#2376=CARTESIAN_POINT('',(22.2,4.89999999999999,2.2));
#2377=AXIS2_PLACEMENT_3D('',#2378,#2379,#2380);
#2378=CARTESIAN_POINT('',(22.2,6.89999999999999,2.2));
#2379=DIRECTION('',(0.,0.,-1.));
#2380=DIRECTION('',(1.,0.,0.));
#2381=CARTESIAN_POINT('',(23.9320508075689,5.9,1.5));
#2382=AXIS2_PLACEMENT_3D('',#2383,#2384,#2385);
#2383=CARTESIAN_POINT('',(22.2,6.89999999999999,1.5));
#2384=DIRECTION('',(0.,0.,1.));
#2385=DIRECTION('',(0.866025403784448,-0.499999999999983,0.));
#2386=CARTESIAN_POINT('',(23.9320508075689,5.90000000000001,0.));
#2387=CARTESIAN_POINT('',(23.932050807569,5.89999999999999,0.));
#2388=VECTOR('',#2389,1.);
#2389=DIRECTION('',(0.,0.,1.));
#2390=CARTESIAN_POINT('',(22.2,4.89999999999999,0.));
#2391=AXIS2_PLACEMENT_3D('',#2392,#2393,#2394);
#2392=CARTESIAN_POINT('',(22.2,6.89999999999999,0.));
#2393=DIRECTION('',(-0.,0.,1.));
#2394=DIRECTION('',(0.,-1.,0.));
#2395=CARTESIAN_POINT('',(22.2,4.89999999999999,0.));
#2396=VECTOR('',#2397,1.);
#2397=DIRECTION('',(0.,0.,1.));
#2398=CARTESIAN_POINT('',(14.4,4.9,2.2));
#2399=CARTESIAN_POINT('',(22.2,4.89999999999999,2.2));
#2400=VECTOR('',#2401,1.);
#2401=DIRECTION('',(-1.,2.27738056333365E-016,0.));
#2402=CARTESIAN_POINT('',(14.4,4.89999999999999,2.96059473233375E-016));
#2403=CARTESIAN_POINT('',(14.4,4.9,0.));
#2404=VECTOR('',#2405,1.);
#2405=DIRECTION('',(1.,-1.13869028166683E-016,0.));
#2406=CARTESIAN_POINT('',(14.4,4.9,1.77635683940025E-015));
#2407=VECTOR('',#2408,1.);
#2408=DIRECTION('',(0.,0.,1.));
#2409=AXIS2_PLACEMENT_3D('',#2410,#2411,#2412);
#2410=CARTESIAN_POINT('',(14.4,6.9,2.2));
#2411=DIRECTION('',(0.,0.,-1.));
#2412=DIRECTION('',(0.,-1.,0.));
#2413=CARTESIAN_POINT('',(12.6679491924311,5.90000000000001,0.));
#2414=AXIS2_PLACEMENT_3D('',#2415,#2416,#2417);
#2415=CARTESIAN_POINT('',(14.4,6.89999999999999,0.));
#2416=DIRECTION('',(-0.,0.,1.));
#2417=DIRECTION('',(-0.866025403784448,-0.499999999999983,0.));
#2418=CARTESIAN_POINT('',(12.6679491924311,5.90000000000001,1.5));
#2419=CARTESIAN_POINT('',(12.6679491924311,5.9,1.5));
#2420=VECTOR('',#2421,1.);
#2421=DIRECTION('',(0.,0.,-1.));
#2422=AXIS2_PLACEMENT_3D('',#2423,#2424,#2425);
#2423=CARTESIAN_POINT('',(14.4,6.9,1.5));
#2424=DIRECTION('',(0.,0.,1.));
#2425=DIRECTION('',(-1.,0.,0.));
#2426=CARTESIAN_POINT('',(11.3,6.9,1.5));
#2427=CARTESIAN_POINT('',(11.0320508075689,5.90000000000001,1.5));
#2428=AXIS2_PLACEMENT_3D('',#2429,#2430,#2431);
#2429=CARTESIAN_POINT('',(9.3,6.9,1.5));
#2430=DIRECTION('',(0.,0.,1.));
#2431=DIRECTION('',(0.866025403784447,-0.499999999999985,0.));
#2432=CARTESIAN_POINT('',(11.3,10.1,1.5));
#2433=CARTESIAN_POINT('',(11.3,6.9,1.5));
#2434=VECTOR('',#2435,1.);
#2435=DIRECTION('',(0.,1.,0.));
#2436=CARTESIAN_POINT('',(11.3,10.1,1.5));
#2437=VECTOR('',#2438,1.);
#2438=DIRECTION('',(1.,0.,0.));
#2439=CARTESIAN_POINT('',(12.6679491924311,5.9,1.5));
#2440=VECTOR('',#2441,1.);
#2441=DIRECTION('',(-1.,0.,0.));
#2442=CARTESIAN_POINT('',(11.3,10.1,0.));
#2443=CARTESIAN_POINT('',(12.4,10.1,0.));
#2444=VECTOR('',#2445,1.);
#2445=DIRECTION('',(-1.,0.,0.));
#2446=CARTESIAN_POINT('',(11.3,10.1,0.));
#2447=VECTOR('',#2448,1.);
#2448=DIRECTION('',(0.,0.,1.));
#2449=CARTESIAN_POINT('',(0.,0.,0.));
#2450=CARTESIAN_POINT('',(36.6,-8.96441456975863E-015,0.));
#2451=CARTESIAN_POINT('',(0.,0.,0.));
#2452=VECTOR('',#2453,1.);
#2453=DIRECTION('',(1.,-2.44929359829471E-016,0.));
#2454=CARTESIAN_POINT('',(5.60888234009488E-015,22.9,0.));
#2455=CARTESIAN_POINT('',(5.60888234009488E-015,22.9,0.));
#2456=VECTOR('',#2457,1.);
#2457=DIRECTION('',(-2.44929359829471E-016,-1.,0.));
#2458=CARTESIAN_POINT('',(36.6,22.9,0.));
#2459=CARTESIAN_POINT('',(36.6,22.9,0.));
#2460=VECTOR('',#2461,1.);
#2461=DIRECTION('',(-1.,1.94137359497295E-016,0.));
#2462=CARTESIAN_POINT('',(36.6,-8.96441456975863E-015,0.));
#2463=VECTOR('',#2464,1.);
#2464=DIRECTION('',(0.,1.,0.));
#2465=CARTESIAN_POINT('',(6.843569644875,20.2,1.73472347597681E-018));
#2466=AXIS2_PLACEMENT_3D('',#2467,#2468,#2469);
#2467=CARTESIAN_POINT('',(8.1,20.2,0.));
#2468=DIRECTION('',(-0.,-0.,-1.));
#2469=DIRECTION('',(-1.,3.67394039744206E-016,0.));
#2470=CARTESIAN_POINT('',(27.243569644875,2.7,0.));
#2471=AXIS2_PLACEMENT_3D('',#2472,#2473,#2474);
#2472=CARTESIAN_POINT('',(28.5,2.69999999999999,0.));
#2473=DIRECTION('',(-0.,-0.,-1.));
#2474=DIRECTION('',(-1.,6.14055376779502E-015,0.));
#2475=CARTESIAN_POINT('',(3.3,4.9,0.));
#2476=CARTESIAN_POINT('',(1.3,6.9,0.));
#2477=AXIS2_PLACEMENT_3D('',#2478,#2479,#2480);
#2478=CARTESIAN_POINT('',(3.3,6.9,0.));
#2479=DIRECTION('',(-0.,0.,1.));
#2480=DIRECTION('',(-1.,4.44089209850062E-016,0.));
#2481=CARTESIAN_POINT('',(9.3,4.9,0.));
#2482=CARTESIAN_POINT('',(3.3,4.9,0.));
#2483=VECTOR('',#2484,1.);
#2484=DIRECTION('',(1.,-4.44089209850063E-016,0.));
#2485=CARTESIAN_POINT('',(11.0320508075689,5.90000000000001,-7.40148683083438E-017));
#2486=AXIS2_PLACEMENT_3D('',#2487,#2488,#2489);
#2487=CARTESIAN_POINT('',(9.3,6.89999999999999,0.));
#2488=DIRECTION('',(-0.,0.,1.));
#2489=DIRECTION('',(-8.88178419700126E-016,-1.,0.));
#2490=CARTESIAN_POINT('',(11.032050807569,5.9,0.));
#2491=VECTOR('',#2492,1.);
#2492=DIRECTION('',(1.,-5.42930067001072E-016,0.));
#2493=CARTESIAN_POINT('',(25.5679491924311,5.90000000000001,0.));
#2494=CARTESIAN_POINT('',(23.932050807569,5.89999999999999,0.));
#2495=VECTOR('',#2496,1.);
#2496=DIRECTION('',(1.,5.42930067001071E-016,0.));
#2497=CARTESIAN_POINT('',(27.3,4.89999999999998,2.96059473233375E-016));
#2498=AXIS2_PLACEMENT_3D('',#2499,#2500,#2501);
#2499=CARTESIAN_POINT('',(27.3,6.89999999999998,0.));
#2500=DIRECTION('',(-0.,0.,1.));
#2501=DIRECTION('',(-0.86602540378445,-0.499999999999981,0.));
#2502=CARTESIAN_POINT('',(33.3,4.89999999999999,1.48029736616688E-016));
#2503=CARTESIAN_POINT('',(27.3,4.89999999999999,0.));
#2504=VECTOR('',#2505,1.);
#2505=DIRECTION('',(1.,-2.96059473233375E-016,0.));
#2506=CARTESIAN_POINT('',(35.3,6.89999999999999,2.96059473233375E-016));
#2507=AXIS2_PLACEMENT_3D('',#2508,#2509,#2510);
#2508=CARTESIAN_POINT('',(33.3,6.89999999999998,0.));
#2509=DIRECTION('',(-0.,0.,1.));
#2510=DIRECTION('',(0.,-1.,0.));
#2511=CARTESIAN_POINT('',(35.3,12.9,1.48029736616688E-016));
#2512=CARTESIAN_POINT('',(35.3,6.89999999999999,0.));
#2513=VECTOR('',#2514,1.);
#2514=DIRECTION('',(0.,1.,0.));
#2515=CARTESIAN_POINT('',(33.3,14.9,2.96059473233375E-016));
#2516=AXIS2_PLACEMENT_3D('',#2517,#2518,#2519);
#2517=CARTESIAN_POINT('',(33.3,12.9,0.));
#2518=DIRECTION('',(-0.,0.,1.));
#2519=DIRECTION('',(1.,0.,0.));
#2520=CARTESIAN_POINT('',(27.3,14.9,0.));
#2521=CARTESIAN_POINT('',(33.3,14.9,0.));
#2522=VECTOR('',#2523,1.);
#2523=DIRECTION('',(-1.,5.92118946466751E-016,0.));
#2524=CARTESIAN_POINT('',(25.3,12.9,0.));
#2525=AXIS2_PLACEMENT_3D('',#2526,#2527,#2528);
#2526=CARTESIAN_POINT('',(27.3,12.9,0.));
#2527=DIRECTION('',(-0.,0.,1.));
#2528=DIRECTION('',(0.,1.,0.));
#2529=CARTESIAN_POINT('',(25.3,10.1,0.));
#2530=CARTESIAN_POINT('',(25.3,12.9,0.));
#2531=VECTOR('',#2532,1.);
#2532=DIRECTION('',(0.,-1.,0.));
#2533=CARTESIAN_POINT('',(25.3,10.1,0.));
#2534=VECTOR('',#2535,1.);
#2535=DIRECTION('',(-1.,0.,0.));
#2536=CARTESIAN_POINT('',(22.4,16.,0.));
#2537=CARTESIAN_POINT('',(22.4,14.8899748742132,0.));
#2538=VECTOR('',#2539,1.);
#2539=DIRECTION('',(3.20057050625987E-015,1.,0.));
#2540=CARTESIAN_POINT('',(24.3,16.,1.48029736616688E-016));
#2541=CARTESIAN_POINT('',(22.4,16.,0.));
#2542=VECTOR('',#2543,1.);
#2543=DIRECTION('',(1.,0.,0.));
#2544=CARTESIAN_POINT('',(26.3,18.,2.96059473233375E-016));
#2545=AXIS2_PLACEMENT_3D('',#2546,#2547,#2548);
#2546=CARTESIAN_POINT('',(24.3,18.,0.));
#2547=DIRECTION('',(-0.,0.,1.));
#2548=DIRECTION('',(-1.77635683940026E-015,-1.,0.));
#2549=CARTESIAN_POINT('',(26.3,19.8164786166179,1.48029736616688E-016));
#2550=CARTESIAN_POINT('',(26.3,18.,0.));
#2551=VECTOR('',#2552,1.);
#2552=DIRECTION('',(0.,1.,0.));
#2553=CARTESIAN_POINT('',(24.3,21.8164786166179,2.96059473233375E-016));
#2554=AXIS2_PLACEMENT_3D('',#2555,#2556,#2557);
#2555=CARTESIAN_POINT('',(24.3,19.8164786166179,0.));
#2556=DIRECTION('',(-0.,0.,1.));
#2557=DIRECTION('',(1.,0.,0.));
#2558=CARTESIAN_POINT('',(12.3,21.8164786166179,1.48029736616688E-016));
#2559=CARTESIAN_POINT('',(24.3,21.8164786166179,0.));
#2560=VECTOR('',#2561,1.);
#2561=DIRECTION('',(-1.,2.96059473233375E-016,0.));
#2562=CARTESIAN_POINT('',(10.3,19.8164786166179,2.96059473233375E-016));
#2563=AXIS2_PLACEMENT_3D('',#2564,#2565,#2566);
#2564=CARTESIAN_POINT('',(12.3,19.8164786166179,0.));
#2565=DIRECTION('',(-0.,0.,1.));
#2566=DIRECTION('',(-4.44089209850062E-015,1.,0.));
#2567=CARTESIAN_POINT('',(10.3,18.,0.));
#2568=CARTESIAN_POINT('',(10.3,19.8164786166179,0.));
#2569=VECTOR('',#2570,1.);
#2570=DIRECTION('',(-9.77912331667097E-016,-1.,0.));
#2571=CARTESIAN_POINT('',(12.3,16.,0.));
#2572=AXIS2_PLACEMENT_3D('',#2573,#2574,#2575);
#2573=CARTESIAN_POINT('',(12.3,18.,0.));
#2574=DIRECTION('',(-0.,0.,1.));
#2575=DIRECTION('',(-1.,0.,0.));
#2576=CARTESIAN_POINT('',(20.8,16.,0.));
#2577=CARTESIAN_POINT('',(12.3,16.,0.));
#2578=VECTOR('',#2579,1.);
#2579=DIRECTION('',(1.,-2.089831575765E-016,0.));
#2580=CARTESIAN_POINT('',(20.8,16.,0.));
#2581=VECTOR('',#2582,1.);
#2582=DIRECTION('',(0.,-1.,0.));
#2583=CARTESIAN_POINT('',(11.3,12.9,0.));
#2584=CARTESIAN_POINT('',(11.3,10.1,0.));
#2585=VECTOR('',#2586,1.);
#2586=DIRECTION('',(0.,1.,0.));
#2587=CARTESIAN_POINT('',(9.3,14.9,0.));
#2588=AXIS2_PLACEMENT_3D('',#2589,#2590,#2591);
#2589=CARTESIAN_POINT('',(9.3,12.9,0.));
#2590=DIRECTION('',(-0.,0.,1.));
#2591=DIRECTION('',(1.,0.,0.));
#2592=CARTESIAN_POINT('',(3.3,14.9,0.));
#2593=CARTESIAN_POINT('',(9.3,14.9,0.));
#2594=VECTOR('',#2595,1.);
#2595=DIRECTION('',(-1.,2.96059473233375E-016,0.));
#2596=CARTESIAN_POINT('',(1.3,12.9,0.));
#2597=AXIS2_PLACEMENT_3D('',#2598,#2599,#2600);
#2598=CARTESIAN_POINT('',(3.30000000000001,12.9,0.));
#2599=DIRECTION('',(-0.,0.,1.));
#2600=DIRECTION('',(-1.11022302462516E-015,1.,0.));
#2601=CARTESIAN_POINT('',(1.3,12.9,0.));
#2602=VECTOR('',#2603,1.);
#2603=DIRECTION('',(-1.48029736616688E-016,-1.,0.));
#2604=CARTESIAN_POINT('',(1.1,2.7,0.));
#2605=AXIS2_PLACEMENT_3D('',#2606,#2607,#2608);
#2606=CARTESIAN_POINT('',(2.7,2.7,0.));
#2607=DIRECTION('',(-0.,-0.,-1.));
#2608=DIRECTION('',(-1.,3.67394039744206E-016,0.));
#2609=CARTESIAN_POINT('',(1.1,20.2,0.));
#2610=AXIS2_PLACEMENT_3D('',#2611,#2612,#2613);
#2611=CARTESIAN_POINT('',(2.70000000000001,20.2,0.));
#2612=DIRECTION('',(-0.,-0.,-1.));
#2613=DIRECTION('',(-1.,3.67394039744206E-016,0.));
#2614=CARTESIAN_POINT('',(32.3,20.2,0.));
#2615=AXIS2_PLACEMENT_3D('',#2616,#2617,#2618);
#2616=CARTESIAN_POINT('',(33.9,20.2,0.));
#2617=DIRECTION('',(-0.,-0.,-1.));
#2618=DIRECTION('',(-1.,5.69646455794496E-015,0.));
#2619=CARTESIAN_POINT('',(32.3,2.7,0.));
#2620=AXIS2_PLACEMENT_3D('',#2621,#2622,#2623);
#2621=CARTESIAN_POINT('',(33.9,2.69999999999999,0.));
#2622=DIRECTION('',(-0.,-0.,-1.));
#2623=DIRECTION('',(-1.,6.14055376779502E-015,0.));
#2624=CARTESIAN_POINT('',(6.843569644875,2.7,1.73472347597681E-018));
#2625=AXIS2_PLACEMENT_3D('',#2626,#2627,#2628);
#2626=CARTESIAN_POINT('',(8.1,2.7,0.));
#2627=DIRECTION('',(-0.,-0.,-1.));
#2628=DIRECTION('',(-1.,1.69966166929439E-015,0.));
#2629=CARTESIAN_POINT('',(27.243569644875,20.2,0.));
#2630=AXIS2_PLACEMENT_3D('',#2631,#2632,#2633);
#2631=CARTESIAN_POINT('',(28.5,20.2,0.));
#2632=DIRECTION('',(-0.,-0.,-1.));
#2633=DIRECTION('',(-1.,5.69646455794496E-015,0.));
#2634=CARTESIAN_POINT('',(20.8,16.,1.5));
#2635=CARTESIAN_POINT('',(20.8,16.,1.5));
#2636=VECTOR('',#2637,1.);
#2637=DIRECTION('',(0.,0.,-1.));
#2638=CARTESIAN_POINT('',(20.8,14.9,1.5));
#2639=VECTOR('',#2640,1.);
#2640=DIRECTION('',(0.,1.,0.));
#2641=CARTESIAN_POINT('',(22.4,16.,1.5));
#2642=CARTESIAN_POINT('',(20.8,16.,1.5));
#2643=VECTOR('',#2644,1.);
#2644=DIRECTION('',(1.,-1.11022302462516E-015,0.));
#2645=CARTESIAN_POINT('',(22.4,16.,1.5));
#2646=VECTOR('',#2647,1.);
#2647=DIRECTION('',(-3.20057050625986E-015,-1.,0.));
#2648=CARTESIAN_POINT('',(22.4,16.,0.));
#2649=VECTOR('',#2650,1.);
#2650=DIRECTION('',(0.,0.,1.));
#2651=CARTESIAN_POINT('',(25.3,10.1,1.5));
#2652=CARTESIAN_POINT('',(25.3,10.1,1.5));
#2653=VECTOR('',#2654,1.);
#2654=DIRECTION('',(0.,0.,-1.));
#2655=CARTESIAN_POINT('',(24.2,10.1,1.5));
#2656=VECTOR('',#2657,1.);
#2657=DIRECTION('',(1.,0.,0.));
#2658=CARTESIAN_POINT('',(25.3,6.89999999999999,1.5));
#2659=CARTESIAN_POINT('',(25.3,10.1,1.5));
#2660=VECTOR('',#2661,1.);
#2661=DIRECTION('',(0.,-1.,0.));
#2662=CARTESIAN_POINT('',(25.5679491924311,5.90000000000001,1.5));
#2663=AXIS2_PLACEMENT_3D('',#2664,#2665,#2666);
#2664=CARTESIAN_POINT('',(27.3,6.89999999999999,1.5));
#2665=DIRECTION('',(0.,0.,1.));
#2666=DIRECTION('',(-1.,0.,0.));
#2667=CARTESIAN_POINT('',(25.5679491924311,5.9,1.5));
#2668=VECTOR('',#2669,1.);
#2669=DIRECTION('',(-1.,-5.42930067001071E-016,0.));
#2670=CARTESIAN_POINT('',(25.5679491924311,5.9,1.5));
#2671=VECTOR('',#2672,1.);
#2672=DIRECTION('',(0.,0.,-1.));
#2673=CARTESIAN_POINT('',(11.032050807569,5.9,-2.22044604925031E-016));
#2674=VECTOR('',#2675,1.);
#2675=DIRECTION('',(1.1842378929335E-015,0.,1.));
#2676=CARTESIAN_POINT('',(9.3,4.9,3.2));
#2677=CARTESIAN_POINT('',(9.3,4.9,0.));
#2678=VECTOR('',#2679,1.);
#2679=DIRECTION('',(0.,0.,1.));
#2680=CARTESIAN_POINT('',(11.3,6.9,3.2));
#2681=AXIS2_PLACEMENT_3D('',#2682,#2683,#2684);
#2682=CARTESIAN_POINT('',(9.3,6.89999999999999,3.2));
#2683=DIRECTION('',(0.,0.,-1.));
#2684=DIRECTION('',(1.,0.,0.));
#2685=CARTESIAN_POINT('',(11.3,6.9,1.5));
#2686=VECTOR('',#2687,1.);
#2687=DIRECTION('',(0.,0.,1.));
#2688=CARTESIAN_POINT('',(11.3,12.9,3.2));
#2689=CARTESIAN_POINT('',(11.3,12.9,0.));
#2690=VECTOR('',#2691,1.);
#2691=DIRECTION('',(0.,0.,1.));
#2692=CARTESIAN_POINT('',(11.3,6.9,3.2));
#2693=VECTOR('',#2694,1.);
#2694=DIRECTION('',(0.,1.,0.));
#2695=CARTESIAN_POINT('',(36.6,-8.96441456975863E-015,4.6));
#2696=CARTESIAN_POINT('',(36.6,-8.96441456975863E-015,0.));
#2697=VECTOR('',#2698,1.);
#2698=DIRECTION('',(0.,0.,1.));
#2699=CARTESIAN_POINT('',(0.,0.,4.6));
#2700=CARTESIAN_POINT('',(0.,0.,4.6));
#2701=VECTOR('',#2702,1.);
#2702=DIRECTION('',(1.,-2.44929359829471E-016,0.));
#2703=CARTESIAN_POINT('',(0.,0.,0.));
#2704=VECTOR('',#2705,1.);
#2705=DIRECTION('',(0.,0.,1.));
#2706=CARTESIAN_POINT('',(5.60888234009488E-015,22.9,4.6));
#2707=CARTESIAN_POINT('',(5.60888234009488E-015,22.9,4.6));
#2708=VECTOR('',#2709,1.);
#2709=DIRECTION('',(-2.44929359829471E-016,-1.,0.));
#2710=CARTESIAN_POINT('',(0.,22.9,0.));
#2711=VECTOR('',#2712,1.);
#2712=DIRECTION('',(0.,0.,1.));
#2713=CARTESIAN_POINT('',(36.6,22.9,4.6));
#2714=CARTESIAN_POINT('',(36.6,22.9,4.6));
#2715=VECTOR('',#2716,1.);
#2716=DIRECTION('',(-1.,1.94137359497295E-016,0.));
#2717=CARTESIAN_POINT('',(36.6,22.9,0.));
#2718=VECTOR('',#2719,1.);
#2719=DIRECTION('',(0.,0.,1.));
#2720=CARTESIAN_POINT('',(36.6,-8.96441456975863E-015,4.6));
#2721=VECTOR('',#2722,1.);
#2722=DIRECTION('',(0.,1.,0.));
#2723=CARTESIAN_POINT('',(7.093569644875,20.2,0.250000000000001));
#2724=AXIS2_PLACEMENT_3D('',#2725,#2726,#2727);
#2725=CARTESIAN_POINT('',(8.1,20.2,0.25));
#2726=DIRECTION('',(-0.,-0.,-1.));
#2727=DIRECTION('',(-1.,0.,0.));
#2728=CARTESIAN_POINT('',(27.493569644875,2.7,0.249999999999999));
#2729=AXIS2_PLACEMENT_3D('',#2730,#2731,#2732);
#2730=CARTESIAN_POINT('',(28.5,2.7,0.249999999999999));
#2731=DIRECTION('',(-0.,0.,-1.));
#2732=DIRECTION('',(-1.,8.82503608100941E-016,0.));
#2733=CARTESIAN_POINT('',(1.3,6.9,3.2));
#2734=CARTESIAN_POINT('',(1.3,6.9,0.));
#2735=VECTOR('',#2736,1.);
#2736=DIRECTION('',(0.,0.,1.));
#2737=CARTESIAN_POINT('',(3.3,4.9,3.2));
#2738=AXIS2_PLACEMENT_3D('',#2739,#2740,#2741);
#2739=CARTESIAN_POINT('',(3.3,6.9,3.2));
#2740=DIRECTION('',(0.,0.,-1.));
#2741=DIRECTION('',(-1.11022302462516E-015,-1.,0.));
#2742=CARTESIAN_POINT('',(3.3,4.9,0.));
#2743=VECTOR('',#2744,1.);
#2744=DIRECTION('',(0.,0.,1.));
#2745=CARTESIAN_POINT('',(3.3,4.9,3.2));
#2746=VECTOR('',#2747,1.);
#2747=DIRECTION('',(1.,-4.44089209850063E-016,0.));
#2748=CARTESIAN_POINT('',(25.3,6.89999999999999,3.2));
#2749=CARTESIAN_POINT('',(25.3,6.89999999999999,1.5));
#2750=VECTOR('',#2751,1.);
#2751=DIRECTION('',(0.,0.,1.));
#2752=CARTESIAN_POINT('',(27.3,4.89999999999999,3.2));
#2753=AXIS2_PLACEMENT_3D('',#2754,#2755,#2756);
#2754=CARTESIAN_POINT('',(27.3,6.89999999999998,3.2));
#2755=DIRECTION('',(0.,0.,-1.));
#2756=DIRECTION('',(0.,-1.,0.));
#2757=CARTESIAN_POINT('',(27.3,4.89999999999999,1.77635683940025E-015));
#2758=VECTOR('',#2759,1.);
#2759=DIRECTION('',(0.,0.,1.));
#2760=CARTESIAN_POINT('',(33.3,4.89999999999999,3.2));
#2761=CARTESIAN_POINT('',(33.3,4.89999999999999,8.88178419700125E-016));
#2762=VECTOR('',#2763,1.);
#2763=DIRECTION('',(0.,0.,1.));
#2764=CARTESIAN_POINT('',(27.3,4.89999999999999,3.2));
#2765=VECTOR('',#2766,1.);
#2766=DIRECTION('',(1.,-4.44089209850063E-016,7.40148683083438E-017));
#2767=CARTESIAN_POINT('',(35.3,6.89999999999999,3.2));
#2768=AXIS2_PLACEMENT_3D('',#2769,#2770,#2771);
#2769=CARTESIAN_POINT('',(33.3,6.89999999999998,3.2));
#2770=DIRECTION('',(0.,-0.,-1.));
#2771=DIRECTION('',(1.,0.,0.));
#2772=CARTESIAN_POINT('',(35.3,6.89999999999999,1.77635683940025E-015));
#2773=VECTOR('',#2774,1.);
#2774=DIRECTION('',(0.,0.,1.));
#2775=CARTESIAN_POINT('',(35.3,12.9,3.2));
#2776=CARTESIAN_POINT('',(35.3,12.9,8.88178419700125E-016));
#2777=VECTOR('',#2778,1.);
#2778=DIRECTION('',(0.,0.,1.));
#2779=CARTESIAN_POINT('',(35.3,6.89999999999999,3.2));
#2780=VECTOR('',#2781,1.);
#2781=DIRECTION('',(0.,1.,0.));
#2782=CARTESIAN_POINT('',(33.3,14.9,3.2));
#2783=AXIS2_PLACEMENT_3D('',#2784,#2785,#2786);
#2784=CARTESIAN_POINT('',(33.3,12.9,3.2));
#2785=DIRECTION('',(0.,0.,-1.));
#2786=DIRECTION('',(0.,1.,0.));
#2787=CARTESIAN_POINT('',(33.3,14.9,1.77635683940025E-015));
#2788=VECTOR('',#2789,1.);
#2789=DIRECTION('',(0.,0.,1.));
#2790=CARTESIAN_POINT('',(27.3,14.9,3.2));
#2791=CARTESIAN_POINT('',(33.3,14.9,3.2));
#2792=VECTOR('',#2793,1.);
#2793=DIRECTION('',(-1.,2.96059473233375E-016,0.));
#2794=CARTESIAN_POINT('',(27.3,14.9,0.));
#2795=VECTOR('',#2796,1.);
#2796=DIRECTION('',(0.,0.,1.));
#2797=CARTESIAN_POINT('',(25.3,12.9,3.2));
#2798=AXIS2_PLACEMENT_3D('',#2799,#2800,#2801);
#2799=CARTESIAN_POINT('',(27.3,12.9,3.2));
#2800=DIRECTION('',(0.,0.,-1.));
#2801=DIRECTION('',(-1.,4.44089209850062E-015,0.));
#2802=CARTESIAN_POINT('',(25.3,12.9,0.));
#2803=VECTOR('',#2804,1.);
#2804=DIRECTION('',(0.,0.,1.));
#2805=CARTESIAN_POINT('',(25.3,12.9,3.2));
#2806=VECTOR('',#2807,1.);
#2807=DIRECTION('',(-5.92118946466751E-016,-1.,-7.40148683083438E-017));
#2808=CARTESIAN_POINT('',(24.3,16.,3.2));
#2809=CARTESIAN_POINT('',(24.3,16.,8.88178419700125E-016));
#2810=VECTOR('',#2811,1.);
#2811=DIRECTION('',(0.,0.,1.));
#2812=CARTESIAN_POINT('',(12.3,16.,3.2));
#2813=CARTESIAN_POINT('',(12.3,16.,0.));
#2814=VECTOR('',#2815,1.);
#2815=DIRECTION('',(0.,0.,1.));
#2816=CARTESIAN_POINT('',(12.3,16.,3.2));
#2817=VECTOR('',#2818,1.);
#2818=DIRECTION('',(1.,-2.96059473233375E-016,-3.70074341541719E-017));
#2819=CARTESIAN_POINT('',(26.3,18.,3.2));
#2820=AXIS2_PLACEMENT_3D('',#2821,#2822,#2823);
#2821=CARTESIAN_POINT('',(24.3,18.,3.2));
#2822=DIRECTION('',(0.,0.,-1.));
#2823=DIRECTION('',(1.,0.,0.));
#2824=CARTESIAN_POINT('',(26.3,18.,1.77635683940025E-015));
#2825=VECTOR('',#2826,1.);
#2826=DIRECTION('',(0.,0.,1.));
#2827=CARTESIAN_POINT('',(26.3,19.8164786166179,3.2));
#2828=CARTESIAN_POINT('',(26.3,19.8164786166179,8.88178419700125E-016));
#2829=VECTOR('',#2830,1.);
#2830=DIRECTION('',(0.,0.,1.));
#2831=CARTESIAN_POINT('',(26.3,18.,3.2));
#2832=VECTOR('',#2833,1.);
#2833=DIRECTION('',(0.,1.,0.));
#2834=CARTESIAN_POINT('',(24.3,21.8164786166179,3.2));
#2835=AXIS2_PLACEMENT_3D('',#2836,#2837,#2838);
#2836=CARTESIAN_POINT('',(24.3,19.8164786166179,3.2));
#2837=DIRECTION('',(0.,0.,-1.));
#2838=DIRECTION('',(-3.55271367880049E-015,1.,0.));
#2839=CARTESIAN_POINT('',(24.3,21.8164786166179,1.77635683940025E-015));
#2840=VECTOR('',#2841,1.);
#2841=DIRECTION('',(0.,0.,1.));
#2842=CARTESIAN_POINT('',(12.3,21.8164786166179,3.2));
#2843=CARTESIAN_POINT('',(12.3,21.8164786166179,8.88178419700125E-016));
#2844=VECTOR('',#2845,1.);
#2845=DIRECTION('',(0.,0.,1.));
#2846=CARTESIAN_POINT('',(24.3,21.8164786166179,3.2));
#2847=VECTOR('',#2848,1.);
#2848=DIRECTION('',(-1.,2.96059473233375E-016,0.));
#2849=CARTESIAN_POINT('',(10.3,19.8164786166179,3.2));
#2850=AXIS2_PLACEMENT_3D('',#2851,#2852,#2853);
#2851=CARTESIAN_POINT('',(12.3,19.8164786166179,3.2));
#2852=DIRECTION('',(0.,0.,-1.));
#2853=DIRECTION('',(-1.,0.,0.));
#2854=CARTESIAN_POINT('',(10.3,19.8164786166179,1.77635683940025E-015));
#2855=VECTOR('',#2856,1.);
#2856=DIRECTION('',(0.,0.,1.));
#2857=CARTESIAN_POINT('',(10.3,18.,3.2));
#2858=CARTESIAN_POINT('',(10.3,19.8164786166179,3.2));
#2859=VECTOR('',#2860,1.);
#2860=DIRECTION('',(-9.77912331667097E-016,-1.,0.));
#2861=CARTESIAN_POINT('',(10.3,18.,0.));
#2862=VECTOR('',#2863,1.);
#2863=DIRECTION('',(0.,0.,1.));
#2864=AXIS2_PLACEMENT_3D('',#2865,#2866,#2867);
#2865=CARTESIAN_POINT('',(12.3,18.,3.2));
#2866=DIRECTION('',(0.,0.,-1.));
#2867=DIRECTION('',(-2.66453525910038E-015,-1.,0.));
#2868=CARTESIAN_POINT('',(9.3,14.9,3.2));
#2869=AXIS2_PLACEMENT_3D('',#2870,#2871,#2872);
#2870=CARTESIAN_POINT('',(9.3,12.9,3.2));
#2871=DIRECTION('',(0.,0.,-1.));
#2872=DIRECTION('',(-1.77635683940025E-015,1.,0.));
#2873=CARTESIAN_POINT('',(9.3,14.9,0.));
#2874=VECTOR('',#2875,1.);
#2875=DIRECTION('',(0.,0.,1.));
#2876=CARTESIAN_POINT('',(3.3,14.9,3.2));
#2877=CARTESIAN_POINT('',(3.3,14.9,0.));
#2878=VECTOR('',#2879,1.);
#2879=DIRECTION('',(0.,0.,1.));
#2880=CARTESIAN_POINT('',(9.3,14.9,3.2));
#2881=VECTOR('',#2882,1.);
#2882=DIRECTION('',(-1.,2.96059473233375E-016,0.));
#2883=CARTESIAN_POINT('',(1.3,12.9,3.2));
#2884=AXIS2_PLACEMENT_3D('',#2885,#2886,#2887);
#2885=CARTESIAN_POINT('',(3.30000000000001,12.9,3.2));
#2886=DIRECTION('',(0.,0.,-1.));
#2887=DIRECTION('',(-1.,8.88178419700123E-016,0.));
#2888=CARTESIAN_POINT('',(1.3,12.9,0.));
#2889=VECTOR('',#2890,1.);
#2890=DIRECTION('',(0.,0.,1.));
#2891=CARTESIAN_POINT('',(1.3,12.9,3.2));
#2892=VECTOR('',#2893,1.);
#2893=DIRECTION('',(-2.22044604925031E-016,-1.,0.));
#2894=CARTESIAN_POINT('',(1.35,2.7,0.25));
#2895=AXIS2_PLACEMENT_3D('',#2896,#2897,#2898);
#2896=CARTESIAN_POINT('',(2.7,2.7,0.25));
#2897=DIRECTION('',(0.,0.,-1.));
#2898=DIRECTION('',(-1.,0.,0.));
#2899=CARTESIAN_POINT('',(1.35,20.2,0.25));
#2900=AXIS2_PLACEMENT_3D('',#2901,#2902,#2903);
#2901=CARTESIAN_POINT('',(2.7,20.2,0.25));
#2902=DIRECTION('',(0.,0.,-1.));
#2903=DIRECTION('',(-1.,0.,0.));
#2904=CARTESIAN_POINT('',(32.55,20.2,0.25));
#2905=AXIS2_PLACEMENT_3D('',#2906,#2907,#2908);
#2906=CARTESIAN_POINT('',(33.9,20.2,0.25));
#2907=DIRECTION('',(0.,0.,-1.));
#2908=DIRECTION('',(-1.,0.,0.));
#2909=CARTESIAN_POINT('',(32.55,2.7,0.25));
#2910=AXIS2_PLACEMENT_3D('',#2911,#2912,#2913);
#2911=CARTESIAN_POINT('',(33.9,2.7,0.25));
#2912=DIRECTION('',(0.,0.,-1.));
#2913=DIRECTION('',(-1.,0.,0.));
#2914=CARTESIAN_POINT('',(7.093569644875,2.7,0.250000000000001));
#2915=AXIS2_PLACEMENT_3D('',#2916,#2917,#2918);
#2916=CARTESIAN_POINT('',(8.1,2.7,0.25));
#2917=DIRECTION('',(-0.,-0.,-1.));
#2918=DIRECTION('',(-1.,0.,0.));
#2919=CARTESIAN_POINT('',(27.493569644875,20.2,0.249999999999999));
#2920=AXIS2_PLACEMENT_3D('',#2921,#2922,#2923);
#2921=CARTESIAN_POINT('',(28.5,20.2,0.249999999999999));
#2922=DIRECTION('',(-0.,-0.,-1.));
#2923=DIRECTION('',(-1.,0.,0.));
#2924=CARTESIAN_POINT('',(2.7,5.1,4.6));
#2925=AXIS2_PLACEMENT_3D('',#2926,#2927,#2928);
#2926=CARTESIAN_POINT('',(2.7,2.7,4.6));
#2927=DIRECTION('',(0.,0.,1.));
#2928=DIRECTION('',(6.12323399573677E-017,1.,0.));
#2929=CARTESIAN_POINT('',(2.7,22.6,4.6));
#2930=AXIS2_PLACEMENT_3D('',#2931,#2932,#2933);
#2931=CARTESIAN_POINT('',(2.7,20.2,4.6));
#2932=DIRECTION('',(0.,0.,1.));
#2933=DIRECTION('',(6.12323399573677E-017,1.,0.));
#2934=CARTESIAN_POINT('',(33.9,5.1,4.6));
#2935=AXIS2_PLACEMENT_3D('',#2936,#2937,#2938);
#2936=CARTESIAN_POINT('',(33.9,2.7,4.6));
#2937=DIRECTION('',(0.,0.,1.));
#2938=DIRECTION('',(6.12323399573677E-017,1.,0.));
#2939=CARTESIAN_POINT('',(33.9,22.6,4.6));
#2940=AXIS2_PLACEMENT_3D('',#2941,#2942,#2943);
#2941=CARTESIAN_POINT('',(33.9,20.2,4.6));
#2942=DIRECTION('',(0.,0.,1.));
#2943=DIRECTION('',(6.12323399573677E-017,1.,0.));
#2944=CARTESIAN_POINT('',(27.243569644875,20.2,4.6));
#2945=AXIS2_PLACEMENT_3D('',#2946,#2947,#2948);
#2946=CARTESIAN_POINT('',(28.5,20.2,4.6));
#2947=DIRECTION('',(-0.,-0.,-1.));
#2948=DIRECTION('',(-1.,5.69646455794496E-015,0.));
#2949=CARTESIAN_POINT('',(6.843569644875,2.7,4.6));
#2950=AXIS2_PLACEMENT_3D('',#2951,#2952,#2953);
#2951=CARTESIAN_POINT('',(8.1,2.7,4.6));
#2952=DIRECTION('',(-0.,-0.,-1.));
#2953=DIRECTION('',(-1.,1.69966166929439E-015,0.));
#2954=CARTESIAN_POINT('',(27.243569644875,2.7,4.6));
#2955=AXIS2_PLACEMENT_3D('',#2956,#2957,#2958);
#2956=CARTESIAN_POINT('',(28.5,2.69999999999999,4.6));
#2957=DIRECTION('',(-0.,-0.,-1.));
#2958=DIRECTION('',(-1.,6.14055376779502E-015,0.));
#2959=CARTESIAN_POINT('',(6.843569644875,20.2,4.6));
#2960=AXIS2_PLACEMENT_3D('',#2961,#2962,#2963);
#2961=CARTESIAN_POINT('',(8.1,20.2,4.6));
#2962=DIRECTION('',(-0.,-0.,-1.));
#2963=DIRECTION('',(-1.,3.67394039744206E-016,0.));
#2964=CARTESIAN_POINT('',(7.093569644875,20.2,4.35));
#2965=AXIS2_PLACEMENT_3D('',#2966,#2967,#2968);
#2966=CARTESIAN_POINT('',(8.1,20.2,4.35));
#2967=DIRECTION('',(-0.,0.,-1.));
#2968=DIRECTION('',(-1.,0.,0.));
#2969=CARTESIAN_POINT('',(27.493569644875,2.7,4.35));
#2970=AXIS2_PLACEMENT_3D('',#2971,#2972,#2973);
#2971=CARTESIAN_POINT('',(28.5,2.7,4.35));
#2972=DIRECTION('',(-0.,0.,-1.));
#2973=DIRECTION('',(-1.,8.82503608100941E-016,0.));
#2974=CARTESIAN_POINT('',(1.35,2.7,3.));
#2975=AXIS2_PLACEMENT_3D('',#2976,#2977,#2978);
#2976=CARTESIAN_POINT('',(2.7,2.7,3.));
#2977=DIRECTION('',(0.,0.,-1.));
#2978=DIRECTION('',(-1.,0.,0.));
#2979=CARTESIAN_POINT('',(1.35,20.2,3.));
#2980=AXIS2_PLACEMENT_3D('',#2981,#2982,#2983);
#2981=CARTESIAN_POINT('',(2.7,20.2,3.));
#2982=DIRECTION('',(0.,0.,-1.));
#2983=DIRECTION('',(-1.,0.,0.));
#2984=CARTESIAN_POINT('',(32.55,20.2,3.));
#2985=AXIS2_PLACEMENT_3D('',#2986,#2987,#2988);
#2986=CARTESIAN_POINT('',(33.9,20.2,3.));
#2987=DIRECTION('',(0.,0.,-1.));
#2988=DIRECTION('',(-1.,0.,0.));
#2989=CARTESIAN_POINT('',(32.55,2.7,3.));
#2990=AXIS2_PLACEMENT_3D('',#2991,#2992,#2993);
#2991=CARTESIAN_POINT('',(33.9,2.7,3.));
#2992=DIRECTION('',(0.,0.,-1.));
#2993=DIRECTION('',(-1.,0.,0.));
#2994=CARTESIAN_POINT('',(7.093569644875,2.7,4.35));
#2995=AXIS2_PLACEMENT_3D('',#2996,#2997,#2998);
#2996=CARTESIAN_POINT('',(8.1,2.7,4.35));
#2997=DIRECTION('',(-0.,0.,-1.));
#2998=DIRECTION('',(-1.,0.,0.));
#2999=CARTESIAN_POINT('',(27.493569644875,20.2,4.35));
#3000=AXIS2_PLACEMENT_3D('',#3001,#3002,#3003);
#3001=CARTESIAN_POINT('',(28.5,20.2,4.35));
#3002=DIRECTION('',(-0.,0.,-1.));
#3003=DIRECTION('',(-1.,0.,0.));
#3004=CARTESIAN_POINT('',(0.300000000000001,2.7,4.05));
#3005=CARTESIAN_POINT('',(2.7,5.1,4.05));
#3006=AXIS2_PLACEMENT_3D('',#3007,#3008,#3009);
#3007=CARTESIAN_POINT('',(2.7,2.7,4.05));
#3008=DIRECTION('',(0.,-0.,1.));
#3009=DIRECTION('',(-1.,-1.85037170770859E-016,0.));
#3010=AXIS2_PLACEMENT_3D('',#3011,#3012,#3013);
#3011=CARTESIAN_POINT('',(2.7,2.7,4.05));
#3012=DIRECTION('',(-0.,0.,-1.));
#3013=DIRECTION('',(-1.,-1.60812264967664E-016,0.));
#3014=CARTESIAN_POINT('',(0.3,20.2,4.05));
#3015=CARTESIAN_POINT('',(2.7,22.6,4.05));
#3016=AXIS2_PLACEMENT_3D('',#3017,#3018,#3019);
#3017=CARTESIAN_POINT('',(2.7,20.2,4.05));
#3018=DIRECTION('',(0.,-0.,1.));
#3019=DIRECTION('',(-1.,0.,0.));
#3020=AXIS2_PLACEMENT_3D('',#3021,#3022,#3023);
#3021=CARTESIAN_POINT('',(2.7,20.2,4.05));
#3022=DIRECTION('',(-0.,0.,-1.));
#3023=DIRECTION('',(-1.,6.12323399573677E-017,0.));
#3024=CARTESIAN_POINT('',(31.5,2.7,4.04999999999999));
#3025=CARTESIAN_POINT('',(33.9,5.1,4.05));
#3026=AXIS2_PLACEMENT_3D('',#3027,#3028,#3029);
#3027=CARTESIAN_POINT('',(33.9,2.7,4.04999999999999));
#3028=DIRECTION('',(0.,-0.,1.));
#3029=DIRECTION('',(-1.,1.66533453693774E-015,0.));
#3030=AXIS2_PLACEMENT_3D('',#3031,#3032,#3033);
#3031=CARTESIAN_POINT('',(33.9,2.7,4.04999999999999));
#3032=DIRECTION('',(-0.,0.,-1.));
#3033=DIRECTION('',(-1.,1.61554457443259E-015,0.));
#3034=CARTESIAN_POINT('',(31.5,20.2,4.04999999999999));
#3035=CARTESIAN_POINT('',(33.9,22.6,4.05));
#3036=AXIS2_PLACEMENT_3D('',#3037,#3038,#3039);
#3037=CARTESIAN_POINT('',(33.9,20.2,4.04999999999999));
#3038=DIRECTION('',(0.,-0.,1.));
#3039=DIRECTION('',(-1.,-1.48029736616688E-015,0.));
#3040=AXIS2_PLACEMENT_3D('',#3041,#3042,#3043);
#3041=CARTESIAN_POINT('',(33.9,20.2,4.04999999999999));
#3042=DIRECTION('',(-0.,0.,-1.));
#3043=DIRECTION('',(-1.,-1.49307989451785E-015,0.));
ENDSEC;
END-ISO-10303-21;
