ISO-10303-21;
HEADER;
FILE_DESCRIPTION(('STEP AP214'),
    '1');
FILE_NAME('A002.102.00 TOP Cover v1.0',
    '',
    ('UNSPECIFIED'),
    ('UNSPECIFIED'),
    'ASCON STEP Converter 1.6',
    'ASCON Math Kernel',
    '');
FILE_SCHEMA(('AUTOMOTIVE_DESIGN { 1 0 10303 214 3 1 1}'));
ENDSEC;

DATA;
#1=SHAPE_REPRESENTATION('NONE',(#2),#6);
#2=AXIS2_PLACEMENT_3D('',#3,#4,#5);
#3=CARTESIAN_POINT('',(0.,0.,0.));
#4=DIRECTION('',(0.,0.,1.));
#5=DIRECTION('',(1.,0.,0.));
#6=(GEOMETRIC_REPRESENTATION_CONTEXT(3)GLOBAL_UNCERTAINTY_ASSIGNED_CONTEXT((#8))
GLOBAL_UNIT_ASSIGNED_CONTEXT((#7,#9,#10))REPRESENTATION_CONTEXT('NONE','NONE'));
#7=(LENGTH_UNIT()NAMED_UNIT(*)SI_UNIT(.MILLI.,.METRE.));
#8=UNCERTAINTY_MEASURE_WITH_UNIT(LENGTH_MEASURE(1.E-005),#7,'NONE','NONE');
#9=(NAMED_UNIT(*)PLANE_ANGLE_UNIT()SI_UNIT($,.RADIAN.));
#10=(NAMED_UNIT(*)SI_UNIT($,.STERADIAN.)SOLID_ANGLE_UNIT());
#11=SHAPE_DEFINITION_REPRESENTATION(#12,#1);
#12=PRODUCT_DEFINITION_SHAPE('NONE','NONE',#13);
#13=PRODUCT_DEFINITION('','UNSPECIFIED',#14,#22);
#14=PRODUCT_DEFINITION_FORMATION_WITH_SPECIFIED_SOURCE('ANY','UNSPECIFIED',#15,.NOT_KNOWN.);
#15=PRODUCT('A002.101.00','TOP Cover v1.0','NONE',(#25));
#16=PERSON('UNSPECIFIED','bitrate897@outlook.com','UNSPECIFIED',('UNSPECIFIED'),
('UNSPECIFIED'),('UNSPECIFIED'));
#17=ORGANIZATION('UNSPECIFIED','UNSPECIFIED','UNSPECIFIED');
#18=PERSON_AND_ORGANIZATION(#16,#17);
#19=PERSON_AND_ORGANIZATION_ROLE('design_owner');
#20=CC_DESIGN_PERSON_AND_ORGANIZATION_ASSIGNMENT(#18,#19,(#15));
#21=PRODUCT_RELATED_PRODUCT_CATEGORY('detail','',(#15));
#22=DESIGN_CONTEXT('detailed design',#23,'design');
#23=APPLICATION_CONTEXT('configuration controlled 3d designs of mechanical parts and assemblies');
#24=APPLICATION_PROTOCOL_DEFINITION('international standard','automotive_design',
2011,#23);
#25=MECHANICAL_CONTEXT('NONE',#23,'mechanical');
#26=CC_DESIGN_DATE_AND_TIME_ASSIGNMENT(#27,#31,(#13));
#27=DATE_AND_TIME(#28,#29);
#28=CALENDAR_DATE(0,1,1);
#29=LOCAL_TIME(0,0,0.,#30);
#30=COORDINATED_UNIVERSAL_TIME_OFFSET(0,0,.AHEAD.);
#31=DATE_TIME_ROLE('creation_date');
#32=CC_DESIGN_APPROVAL(#33,(#13));
#33=APPROVAL(#34,'UNSPECIFIED');
#34=APPROVAL_STATUS('not_yet_approved');
#35=APPROVAL_DATE_TIME(#36,#33);
#36=DATE_AND_TIME(#37,#38);
#37=CALENDAR_DATE(0,1,1);
#38=LOCAL_TIME(0,0,0.,#39);
#39=COORDINATED_UNIVERSAL_TIME_OFFSET(0,0,.AHEAD.);
#40=MANIFOLD_SOLID_BREP('',#41);
#41=CLOSED_SHELL('',(#53,#62,#71,#80,#89,#98,#107,#116,#125,#134,#143,#152,#161,
#170,#179,#188,#197,#206,#215,#224,#233,#242,#251,#260,#269,#278,#287,#296,#305,
#314,#323,#332,#341,#350,#359,#368,#377,#386,#395,#404,#413,#422,#431,#440,#449,
#458,#467,#476,#485,#494,#503,#512,#521,#530,#539,#548,#557,#566,#575,#584,#593,
#602,#611,#620,#629,#638,#647,#656,#665,#674,#683,#692,#701,#710,#719,#728,#737,
#746,#755));
#42=COLOUR_RGB('',0.564705882352941,0.564705882352941,0.564705882352941);
#43=FILL_AREA_STYLE_COLOUR('',#42);
#44=FILL_AREA_STYLE($,(#43));
#45=SURFACE_STYLE_FILL_AREA(#44);
#46=SURFACE_SIDE_STYLE('',(#45));
#47=SURFACE_STYLE_USAGE(.BOTH.,#46);
#48=PRESENTATION_STYLE_ASSIGNMENT((#47));
#49=MECHANICAL_DESIGN_GEOMETRIC_PRESENTATION_REPRESENTATION('NONE',(#50,#61,#70,
#79,#88,#97,#106,#115,#124,#133,#142,#151,#160,#169,#178,#187,#196,#205,#214,#223,
#232,#241,#250,#259,#268,#277,#286,#295,#304,#313,#322,#331,#340,#349,#358,#367,
#376,#385,#394,#403,#412,#421,#430,#439,#448,#457,#466,#475,#484,#493,#502,#511,
#520,#529,#538,#547,#556,#565,#574,#583,#592,#601,#610,#619,#628,#637,#646,#655,
#664,#673,#682,#691,#700,#709,#718,#727,#736,#745,#754,#763),#6);
#50=STYLED_ITEM('',(#48),#40);
#51=ADVANCED_BREP_SHAPE_REPRESENTATION('NONE',(#40),#6);
#52=SHAPE_REPRESENTATION_RELATIONSHIP('','',#1,#51);
#53=ADVANCED_FACE('',(#764),#766,.F.);
#54=COLOUR_RGB('',0.564705882352941,0.564705882352941,0.564705882352941);
#55=FILL_AREA_STYLE_COLOUR('',#54);
#56=FILL_AREA_STYLE($,(#55));
#57=SURFACE_STYLE_FILL_AREA(#56);
#58=SURFACE_SIDE_STYLE('',(#57));
#59=SURFACE_STYLE_USAGE(.BOTH.,#58);
#60=PRESENTATION_STYLE_ASSIGNMENT((#59));
#61=STYLED_ITEM('',(#60),#53);
#62=ADVANCED_FACE('',(#771),#773,.F.);
#63=COLOUR_RGB('',0.564705882352941,0.564705882352941,0.564705882352941);
#64=FILL_AREA_STYLE_COLOUR('',#63);
#65=FILL_AREA_STYLE($,(#64));
#66=SURFACE_STYLE_FILL_AREA(#65);
#67=SURFACE_SIDE_STYLE('',(#66));
#68=SURFACE_STYLE_USAGE(.BOTH.,#67);
#69=PRESENTATION_STYLE_ASSIGNMENT((#68));
#70=STYLED_ITEM('',(#69),#62);
#71=ADVANCED_FACE('',(#778),#780,.F.);
#72=COLOUR_RGB('',0.564705882352941,0.564705882352941,0.564705882352941);
#73=FILL_AREA_STYLE_COLOUR('',#72);
#74=FILL_AREA_STYLE($,(#73));
#75=SURFACE_STYLE_FILL_AREA(#74);
#76=SURFACE_SIDE_STYLE('',(#75));
#77=SURFACE_STYLE_USAGE(.BOTH.,#76);
#78=PRESENTATION_STYLE_ASSIGNMENT((#77));
#79=STYLED_ITEM('',(#78),#71);
#80=ADVANCED_FACE('',(#785,#787,#789,#791,#793,#795,#797,#799,#801,#803,#805,#807),
#809,.T.);
#81=COLOUR_RGB('',0.564705882352941,0.564705882352941,0.564705882352941);
#82=FILL_AREA_STYLE_COLOUR('',#81);
#83=FILL_AREA_STYLE($,(#82));
#84=SURFACE_STYLE_FILL_AREA(#83);
#85=SURFACE_SIDE_STYLE('',(#84));
#86=SURFACE_STYLE_USAGE(.BOTH.,#85);
#87=PRESENTATION_STYLE_ASSIGNMENT((#86));
#88=STYLED_ITEM('',(#87),#80);
#89=ADVANCED_FACE('',(#814),#816,.T.);
#90=COLOUR_RGB('',0.564705882352941,0.564705882352941,0.564705882352941);
#91=FILL_AREA_STYLE_COLOUR('',#90);
#92=FILL_AREA_STYLE($,(#91));
#93=SURFACE_STYLE_FILL_AREA(#92);
#94=SURFACE_SIDE_STYLE('',(#93));
#95=SURFACE_STYLE_USAGE(.BOTH.,#94);
#96=PRESENTATION_STYLE_ASSIGNMENT((#95));
#97=STYLED_ITEM('',(#96),#89);
#98=ADVANCED_FACE('',(#821),#823,.F.);
#99=COLOUR_RGB('',0.564705882352941,0.564705882352941,0.564705882352941);
#100=FILL_AREA_STYLE_COLOUR('',#99);
#101=FILL_AREA_STYLE($,(#100));
#102=SURFACE_STYLE_FILL_AREA(#101);
#103=SURFACE_SIDE_STYLE('',(#102));
#104=SURFACE_STYLE_USAGE(.BOTH.,#103);
#105=PRESENTATION_STYLE_ASSIGNMENT((#104));
#106=STYLED_ITEM('',(#105),#98);
#107=ADVANCED_FACE('',(#828,#830,#832,#834,#836,#838,#840,#842,#844,#846,#848),#850,
.F.);
#108=COLOUR_RGB('',0.564705882352941,0.564705882352941,0.564705882352941);
#109=FILL_AREA_STYLE_COLOUR('',#108);
#110=FILL_AREA_STYLE($,(#109));
#111=SURFACE_STYLE_FILL_AREA(#110);
#112=SURFACE_SIDE_STYLE('',(#111));
#113=SURFACE_STYLE_USAGE(.BOTH.,#112);
#114=PRESENTATION_STYLE_ASSIGNMENT((#113));
#115=STYLED_ITEM('',(#114),#107);
#116=ADVANCED_FACE('',(#855),#857,.F.);
#117=COLOUR_RGB('',0.564705882352941,0.564705882352941,0.564705882352941);
#118=FILL_AREA_STYLE_COLOUR('',#117);
#119=FILL_AREA_STYLE($,(#118));
#120=SURFACE_STYLE_FILL_AREA(#119);
#121=SURFACE_SIDE_STYLE('',(#120));
#122=SURFACE_STYLE_USAGE(.BOTH.,#121);
#123=PRESENTATION_STYLE_ASSIGNMENT((#122));
#124=STYLED_ITEM('',(#123),#116);
#125=ADVANCED_FACE('',(#862),#864,.T.);
#126=COLOUR_RGB('',0.564705882352941,0.564705882352941,0.564705882352941);
#127=FILL_AREA_STYLE_COLOUR('',#126);
#128=FILL_AREA_STYLE($,(#127));
#129=SURFACE_STYLE_FILL_AREA(#128);
#130=SURFACE_SIDE_STYLE('',(#129));
#131=SURFACE_STYLE_USAGE(.BOTH.,#130);
#132=PRESENTATION_STYLE_ASSIGNMENT((#131));
#133=STYLED_ITEM('',(#132),#125);
#134=ADVANCED_FACE('',(#869),#871,.F.);
#135=COLOUR_RGB('',0.564705882352941,0.564705882352941,0.564705882352941);
#136=FILL_AREA_STYLE_COLOUR('',#135);
#137=FILL_AREA_STYLE($,(#136));
#138=SURFACE_STYLE_FILL_AREA(#137);
#139=SURFACE_SIDE_STYLE('',(#138));
#140=SURFACE_STYLE_USAGE(.BOTH.,#139);
#141=PRESENTATION_STYLE_ASSIGNMENT((#140));
#142=STYLED_ITEM('',(#141),#134);
#143=ADVANCED_FACE('',(#876),#878,.T.);
#144=COLOUR_RGB('',0.564705882352941,0.564705882352941,0.564705882352941);
#145=FILL_AREA_STYLE_COLOUR('',#144);
#146=FILL_AREA_STYLE($,(#145));
#147=SURFACE_STYLE_FILL_AREA(#146);
#148=SURFACE_SIDE_STYLE('',(#147));
#149=SURFACE_STYLE_USAGE(.BOTH.,#148);
#150=PRESENTATION_STYLE_ASSIGNMENT((#149));
#151=STYLED_ITEM('',(#150),#143);
#152=ADVANCED_FACE('',(#883),#885,.T.);
#153=COLOUR_RGB('',0.564705882352941,0.564705882352941,0.564705882352941);
#154=FILL_AREA_STYLE_COLOUR('',#153);
#155=FILL_AREA_STYLE($,(#154));
#156=SURFACE_STYLE_FILL_AREA(#155);
#157=SURFACE_SIDE_STYLE('',(#156));
#158=SURFACE_STYLE_USAGE(.BOTH.,#157);
#159=PRESENTATION_STYLE_ASSIGNMENT((#158));
#160=STYLED_ITEM('',(#159),#152);
#161=ADVANCED_FACE('',(#890),#892,.T.);
#162=COLOUR_RGB('',0.564705882352941,0.564705882352941,0.564705882352941);
#163=FILL_AREA_STYLE_COLOUR('',#162);
#164=FILL_AREA_STYLE($,(#163));
#165=SURFACE_STYLE_FILL_AREA(#164);
#166=SURFACE_SIDE_STYLE('',(#165));
#167=SURFACE_STYLE_USAGE(.BOTH.,#166);
#168=PRESENTATION_STYLE_ASSIGNMENT((#167));
#169=STYLED_ITEM('',(#168),#161);
#170=ADVANCED_FACE('',(#897),#899,.T.);
#171=COLOUR_RGB('',0.564705882352941,0.564705882352941,0.564705882352941);
#172=FILL_AREA_STYLE_COLOUR('',#171);
#173=FILL_AREA_STYLE($,(#172));
#174=SURFACE_STYLE_FILL_AREA(#173);
#175=SURFACE_SIDE_STYLE('',(#174));
#176=SURFACE_STYLE_USAGE(.BOTH.,#175);
#177=PRESENTATION_STYLE_ASSIGNMENT((#176));
#178=STYLED_ITEM('',(#177),#170);
#179=ADVANCED_FACE('',(#904,#906),#908,.F.);
#180=COLOUR_RGB('',0.564705882352941,0.564705882352941,0.564705882352941);
#181=FILL_AREA_STYLE_COLOUR('',#180);
#182=FILL_AREA_STYLE($,(#181));
#183=SURFACE_STYLE_FILL_AREA(#182);
#184=SURFACE_SIDE_STYLE('',(#183));
#185=SURFACE_STYLE_USAGE(.BOTH.,#184);
#186=PRESENTATION_STYLE_ASSIGNMENT((#185));
#187=STYLED_ITEM('',(#186),#179);
#188=ADVANCED_FACE('',(#913,#915),#917,.F.);
#189=COLOUR_RGB('',0.564705882352941,0.564705882352941,0.564705882352941);
#190=FILL_AREA_STYLE_COLOUR('',#189);
#191=FILL_AREA_STYLE($,(#190));
#192=SURFACE_STYLE_FILL_AREA(#191);
#193=SURFACE_SIDE_STYLE('',(#192));
#194=SURFACE_STYLE_USAGE(.BOTH.,#193);
#195=PRESENTATION_STYLE_ASSIGNMENT((#194));
#196=STYLED_ITEM('',(#195),#188);
#197=ADVANCED_FACE('',(#922,#924),#926,.F.);
#198=COLOUR_RGB('',0.564705882352941,0.564705882352941,0.564705882352941);
#199=FILL_AREA_STYLE_COLOUR('',#198);
#200=FILL_AREA_STYLE($,(#199));
#201=SURFACE_STYLE_FILL_AREA(#200);
#202=SURFACE_SIDE_STYLE('',(#201));
#203=SURFACE_STYLE_USAGE(.BOTH.,#202);
#204=PRESENTATION_STYLE_ASSIGNMENT((#203));
#205=STYLED_ITEM('',(#204),#197);
#206=ADVANCED_FACE('',(#931,#933),#935,.F.);
#207=COLOUR_RGB('',0.564705882352941,0.564705882352941,0.564705882352941);
#208=FILL_AREA_STYLE_COLOUR('',#207);
#209=FILL_AREA_STYLE($,(#208));
#210=SURFACE_STYLE_FILL_AREA(#209);
#211=SURFACE_SIDE_STYLE('',(#210));
#212=SURFACE_STYLE_USAGE(.BOTH.,#211);
#213=PRESENTATION_STYLE_ASSIGNMENT((#212));
#214=STYLED_ITEM('',(#213),#206);
#215=ADVANCED_FACE('',(#940),#942,.F.);
#216=COLOUR_RGB('',0.564705882352941,0.564705882352941,0.564705882352941);
#217=FILL_AREA_STYLE_COLOUR('',#216);
#218=FILL_AREA_STYLE($,(#217));
#219=SURFACE_STYLE_FILL_AREA(#218);
#220=SURFACE_SIDE_STYLE('',(#219));
#221=SURFACE_STYLE_USAGE(.BOTH.,#220);
#222=PRESENTATION_STYLE_ASSIGNMENT((#221));
#223=STYLED_ITEM('',(#222),#215);
#224=ADVANCED_FACE('',(#947),#949,.F.);
#225=COLOUR_RGB('',0.564705882352941,0.564705882352941,0.564705882352941);
#226=FILL_AREA_STYLE_COLOUR('',#225);
#227=FILL_AREA_STYLE($,(#226));
#228=SURFACE_STYLE_FILL_AREA(#227);
#229=SURFACE_SIDE_STYLE('',(#228));
#230=SURFACE_STYLE_USAGE(.BOTH.,#229);
#231=PRESENTATION_STYLE_ASSIGNMENT((#230));
#232=STYLED_ITEM('',(#231),#224);
#233=ADVANCED_FACE('',(#954),#956,.F.);
#234=COLOUR_RGB('',0.564705882352941,0.564705882352941,0.564705882352941);
#235=FILL_AREA_STYLE_COLOUR('',#234);
#236=FILL_AREA_STYLE($,(#235));
#237=SURFACE_STYLE_FILL_AREA(#236);
#238=SURFACE_SIDE_STYLE('',(#237));
#239=SURFACE_STYLE_USAGE(.BOTH.,#238);
#240=PRESENTATION_STYLE_ASSIGNMENT((#239));
#241=STYLED_ITEM('',(#240),#233);
#242=ADVANCED_FACE('',(#961),#963,.F.);
#243=COLOUR_RGB('',0.564705882352941,0.564705882352941,0.564705882352941);
#244=FILL_AREA_STYLE_COLOUR('',#243);
#245=FILL_AREA_STYLE($,(#244));
#246=SURFACE_STYLE_FILL_AREA(#245);
#247=SURFACE_SIDE_STYLE('',(#246));
#248=SURFACE_STYLE_USAGE(.BOTH.,#247);
#249=PRESENTATION_STYLE_ASSIGNMENT((#248));
#250=STYLED_ITEM('',(#249),#242);
#251=ADVANCED_FACE('',(#968),#970,.F.);
#252=COLOUR_RGB('',0.564705882352941,0.564705882352941,0.564705882352941);
#253=FILL_AREA_STYLE_COLOUR('',#252);
#254=FILL_AREA_STYLE($,(#253));
#255=SURFACE_STYLE_FILL_AREA(#254);
#256=SURFACE_SIDE_STYLE('',(#255));
#257=SURFACE_STYLE_USAGE(.BOTH.,#256);
#258=PRESENTATION_STYLE_ASSIGNMENT((#257));
#259=STYLED_ITEM('',(#258),#251);
#260=ADVANCED_FACE('',(#975),#977,.F.);
#261=COLOUR_RGB('',0.564705882352941,0.564705882352941,0.564705882352941);
#262=FILL_AREA_STYLE_COLOUR('',#261);
#263=FILL_AREA_STYLE($,(#262));
#264=SURFACE_STYLE_FILL_AREA(#263);
#265=SURFACE_SIDE_STYLE('',(#264));
#266=SURFACE_STYLE_USAGE(.BOTH.,#265);
#267=PRESENTATION_STYLE_ASSIGNMENT((#266));
#268=STYLED_ITEM('',(#267),#260);
#269=ADVANCED_FACE('',(#982),#984,.F.);
#270=COLOUR_RGB('',0.564705882352941,0.564705882352941,0.564705882352941);
#271=FILL_AREA_STYLE_COLOUR('',#270);
#272=FILL_AREA_STYLE($,(#271));
#273=SURFACE_STYLE_FILL_AREA(#272);
#274=SURFACE_SIDE_STYLE('',(#273));
#275=SURFACE_STYLE_USAGE(.BOTH.,#274);
#276=PRESENTATION_STYLE_ASSIGNMENT((#275));
#277=STYLED_ITEM('',(#276),#269);
#278=ADVANCED_FACE('',(#989),#991,.F.);
#279=COLOUR_RGB('',0.564705882352941,0.564705882352941,0.564705882352941);
#280=FILL_AREA_STYLE_COLOUR('',#279);
#281=FILL_AREA_STYLE($,(#280));
#282=SURFACE_STYLE_FILL_AREA(#281);
#283=SURFACE_SIDE_STYLE('',(#282));
#284=SURFACE_STYLE_USAGE(.BOTH.,#283);
#285=PRESENTATION_STYLE_ASSIGNMENT((#284));
#286=STYLED_ITEM('',(#285),#278);
#287=ADVANCED_FACE('',(#996),#998,.F.);
#288=COLOUR_RGB('',0.564705882352941,0.564705882352941,0.564705882352941);
#289=FILL_AREA_STYLE_COLOUR('',#288);
#290=FILL_AREA_STYLE($,(#289));
#291=SURFACE_STYLE_FILL_AREA(#290);
#292=SURFACE_SIDE_STYLE('',(#291));
#293=SURFACE_STYLE_USAGE(.BOTH.,#292);
#294=PRESENTATION_STYLE_ASSIGNMENT((#293));
#295=STYLED_ITEM('',(#294),#287);
#296=ADVANCED_FACE('',(#1003),#1005,.F.);
#297=COLOUR_RGB('',0.564705882352941,0.564705882352941,0.564705882352941);
#298=FILL_AREA_STYLE_COLOUR('',#297);
#299=FILL_AREA_STYLE($,(#298));
#300=SURFACE_STYLE_FILL_AREA(#299);
#301=SURFACE_SIDE_STYLE('',(#300));
#302=SURFACE_STYLE_USAGE(.BOTH.,#301);
#303=PRESENTATION_STYLE_ASSIGNMENT((#302));
#304=STYLED_ITEM('',(#303),#296);
#305=ADVANCED_FACE('',(#1010),#1012,.F.);
#306=COLOUR_RGB('',0.564705882352941,0.564705882352941,0.564705882352941);
#307=FILL_AREA_STYLE_COLOUR('',#306);
#308=FILL_AREA_STYLE($,(#307));
#309=SURFACE_STYLE_FILL_AREA(#308);
#310=SURFACE_SIDE_STYLE('',(#309));
#311=SURFACE_STYLE_USAGE(.BOTH.,#310);
#312=PRESENTATION_STYLE_ASSIGNMENT((#311));
#313=STYLED_ITEM('',(#312),#305);
#314=ADVANCED_FACE('',(#1017),#1019,.F.);
#315=COLOUR_RGB('',0.564705882352941,0.564705882352941,0.564705882352941);
#316=FILL_AREA_STYLE_COLOUR('',#315);
#317=FILL_AREA_STYLE($,(#316));
#318=SURFACE_STYLE_FILL_AREA(#317);
#319=SURFACE_SIDE_STYLE('',(#318));
#320=SURFACE_STYLE_USAGE(.BOTH.,#319);
#321=PRESENTATION_STYLE_ASSIGNMENT((#320));
#322=STYLED_ITEM('',(#321),#314);
#323=ADVANCED_FACE('',(#1024),#1026,.F.);
#324=COLOUR_RGB('',0.564705882352941,0.564705882352941,0.564705882352941);
#325=FILL_AREA_STYLE_COLOUR('',#324);
#326=FILL_AREA_STYLE($,(#325));
#327=SURFACE_STYLE_FILL_AREA(#326);
#328=SURFACE_SIDE_STYLE('',(#327));
#329=SURFACE_STYLE_USAGE(.BOTH.,#328);
#330=PRESENTATION_STYLE_ASSIGNMENT((#329));
#331=STYLED_ITEM('',(#330),#323);
#332=ADVANCED_FACE('',(#1031),#1033,.F.);
#333=COLOUR_RGB('',0.564705882352941,0.564705882352941,0.564705882352941);
#334=FILL_AREA_STYLE_COLOUR('',#333);
#335=FILL_AREA_STYLE($,(#334));
#336=SURFACE_STYLE_FILL_AREA(#335);
#337=SURFACE_SIDE_STYLE('',(#336));
#338=SURFACE_STYLE_USAGE(.BOTH.,#337);
#339=PRESENTATION_STYLE_ASSIGNMENT((#338));
#340=STYLED_ITEM('',(#339),#332);
#341=ADVANCED_FACE('',(#1038),#1040,.F.);
#342=COLOUR_RGB('',0.564705882352941,0.564705882352941,0.564705882352941);
#343=FILL_AREA_STYLE_COLOUR('',#342);
#344=FILL_AREA_STYLE($,(#343));
#345=SURFACE_STYLE_FILL_AREA(#344);
#346=SURFACE_SIDE_STYLE('',(#345));
#347=SURFACE_STYLE_USAGE(.BOTH.,#346);
#348=PRESENTATION_STYLE_ASSIGNMENT((#347));
#349=STYLED_ITEM('',(#348),#341);
#350=ADVANCED_FACE('',(#1045),#1047,.F.);
#351=COLOUR_RGB('',0.564705882352941,0.564705882352941,0.564705882352941);
#352=FILL_AREA_STYLE_COLOUR('',#351);
#353=FILL_AREA_STYLE($,(#352));
#354=SURFACE_STYLE_FILL_AREA(#353);
#355=SURFACE_SIDE_STYLE('',(#354));
#356=SURFACE_STYLE_USAGE(.BOTH.,#355);
#357=PRESENTATION_STYLE_ASSIGNMENT((#356));
#358=STYLED_ITEM('',(#357),#350);
#359=ADVANCED_FACE('',(#1052),#1054,.F.);
#360=COLOUR_RGB('',0.564705882352941,0.564705882352941,0.564705882352941);
#361=FILL_AREA_STYLE_COLOUR('',#360);
#362=FILL_AREA_STYLE($,(#361));
#363=SURFACE_STYLE_FILL_AREA(#362);
#364=SURFACE_SIDE_STYLE('',(#363));
#365=SURFACE_STYLE_USAGE(.BOTH.,#364);
#366=PRESENTATION_STYLE_ASSIGNMENT((#365));
#367=STYLED_ITEM('',(#366),#359);
#368=ADVANCED_FACE('',(#1059),#1061,.F.);
#369=COLOUR_RGB('',0.564705882352941,0.564705882352941,0.564705882352941);
#370=FILL_AREA_STYLE_COLOUR('',#369);
#371=FILL_AREA_STYLE($,(#370));
#372=SURFACE_STYLE_FILL_AREA(#371);
#373=SURFACE_SIDE_STYLE('',(#372));
#374=SURFACE_STYLE_USAGE(.BOTH.,#373);
#375=PRESENTATION_STYLE_ASSIGNMENT((#374));
#376=STYLED_ITEM('',(#375),#368);
#377=ADVANCED_FACE('',(#1066),#1068,.F.);
#378=COLOUR_RGB('',0.564705882352941,0.564705882352941,0.564705882352941);
#379=FILL_AREA_STYLE_COLOUR('',#378);
#380=FILL_AREA_STYLE($,(#379));
#381=SURFACE_STYLE_FILL_AREA(#380);
#382=SURFACE_SIDE_STYLE('',(#381));
#383=SURFACE_STYLE_USAGE(.BOTH.,#382);
#384=PRESENTATION_STYLE_ASSIGNMENT((#383));
#385=STYLED_ITEM('',(#384),#377);
#386=ADVANCED_FACE('',(#1073),#1075,.F.);
#387=COLOUR_RGB('',0.564705882352941,0.564705882352941,0.564705882352941);
#388=FILL_AREA_STYLE_COLOUR('',#387);
#389=FILL_AREA_STYLE($,(#388));
#390=SURFACE_STYLE_FILL_AREA(#389);
#391=SURFACE_SIDE_STYLE('',(#390));
#392=SURFACE_STYLE_USAGE(.BOTH.,#391);
#393=PRESENTATION_STYLE_ASSIGNMENT((#392));
#394=STYLED_ITEM('',(#393),#386);
#395=ADVANCED_FACE('',(#1080),#1082,.F.);
#396=COLOUR_RGB('',0.564705882352941,0.564705882352941,0.564705882352941);
#397=FILL_AREA_STYLE_COLOUR('',#396);
#398=FILL_AREA_STYLE($,(#397));
#399=SURFACE_STYLE_FILL_AREA(#398);
#400=SURFACE_SIDE_STYLE('',(#399));
#401=SURFACE_STYLE_USAGE(.BOTH.,#400);
#402=PRESENTATION_STYLE_ASSIGNMENT((#401));
#403=STYLED_ITEM('',(#402),#395);
#404=ADVANCED_FACE('',(#1087),#1089,.F.);
#405=COLOUR_RGB('',0.564705882352941,0.564705882352941,0.564705882352941);
#406=FILL_AREA_STYLE_COLOUR('',#405);
#407=FILL_AREA_STYLE($,(#406));
#408=SURFACE_STYLE_FILL_AREA(#407);
#409=SURFACE_SIDE_STYLE('',(#408));
#410=SURFACE_STYLE_USAGE(.BOTH.,#409);
#411=PRESENTATION_STYLE_ASSIGNMENT((#410));
#412=STYLED_ITEM('',(#411),#404);
#413=ADVANCED_FACE('',(#1094),#1096,.F.);
#414=COLOUR_RGB('',0.564705882352941,0.564705882352941,0.564705882352941);
#415=FILL_AREA_STYLE_COLOUR('',#414);
#416=FILL_AREA_STYLE($,(#415));
#417=SURFACE_STYLE_FILL_AREA(#416);
#418=SURFACE_SIDE_STYLE('',(#417));
#419=SURFACE_STYLE_USAGE(.BOTH.,#418);
#420=PRESENTATION_STYLE_ASSIGNMENT((#419));
#421=STYLED_ITEM('',(#420),#413);
#422=ADVANCED_FACE('',(#1101),#1103,.F.);
#423=COLOUR_RGB('',0.564705882352941,0.564705882352941,0.564705882352941);
#424=FILL_AREA_STYLE_COLOUR('',#423);
#425=FILL_AREA_STYLE($,(#424));
#426=SURFACE_STYLE_FILL_AREA(#425);
#427=SURFACE_SIDE_STYLE('',(#426));
#428=SURFACE_STYLE_USAGE(.BOTH.,#427);
#429=PRESENTATION_STYLE_ASSIGNMENT((#428));
#430=STYLED_ITEM('',(#429),#422);
#431=ADVANCED_FACE('',(#1108,#1110),#1112,.F.);
#432=COLOUR_RGB('',0.564705882352941,0.564705882352941,0.564705882352941);
#433=FILL_AREA_STYLE_COLOUR('',#432);
#434=FILL_AREA_STYLE($,(#433));
#435=SURFACE_STYLE_FILL_AREA(#434);
#436=SURFACE_SIDE_STYLE('',(#435));
#437=SURFACE_STYLE_USAGE(.BOTH.,#436);
#438=PRESENTATION_STYLE_ASSIGNMENT((#437));
#439=STYLED_ITEM('',(#438),#431);
#440=ADVANCED_FACE('',(#1117,#1119),#1121,.F.);
#441=COLOUR_RGB('',0.564705882352941,0.564705882352941,0.564705882352941);
#442=FILL_AREA_STYLE_COLOUR('',#441);
#443=FILL_AREA_STYLE($,(#442));
#444=SURFACE_STYLE_FILL_AREA(#443);
#445=SURFACE_SIDE_STYLE('',(#444));
#446=SURFACE_STYLE_USAGE(.BOTH.,#445);
#447=PRESENTATION_STYLE_ASSIGNMENT((#446));
#448=STYLED_ITEM('',(#447),#440);
#449=ADVANCED_FACE('',(#1126,#1128),#1130,.F.);
#450=COLOUR_RGB('',0.564705882352941,0.564705882352941,0.564705882352941);
#451=FILL_AREA_STYLE_COLOUR('',#450);
#452=FILL_AREA_STYLE($,(#451));
#453=SURFACE_STYLE_FILL_AREA(#452);
#454=SURFACE_SIDE_STYLE('',(#453));
#455=SURFACE_STYLE_USAGE(.BOTH.,#454);
#456=PRESENTATION_STYLE_ASSIGNMENT((#455));
#457=STYLED_ITEM('',(#456),#449);
#458=ADVANCED_FACE('',(#1135,#1137),#1139,.F.);
#459=COLOUR_RGB('',0.564705882352941,0.564705882352941,0.564705882352941);
#460=FILL_AREA_STYLE_COLOUR('',#459);
#461=FILL_AREA_STYLE($,(#460));
#462=SURFACE_STYLE_FILL_AREA(#461);
#463=SURFACE_SIDE_STYLE('',(#462));
#464=SURFACE_STYLE_USAGE(.BOTH.,#463);
#465=PRESENTATION_STYLE_ASSIGNMENT((#464));
#466=STYLED_ITEM('',(#465),#458);
#467=ADVANCED_FACE('',(#1144,#1146),#1148,.F.);
#468=COLOUR_RGB('',0.564705882352941,0.564705882352941,0.564705882352941);
#469=FILL_AREA_STYLE_COLOUR('',#468);
#470=FILL_AREA_STYLE($,(#469));
#471=SURFACE_STYLE_FILL_AREA(#470);
#472=SURFACE_SIDE_STYLE('',(#471));
#473=SURFACE_STYLE_USAGE(.BOTH.,#472);
#474=PRESENTATION_STYLE_ASSIGNMENT((#473));
#475=STYLED_ITEM('',(#474),#467);
#476=ADVANCED_FACE('',(#1153,#1155),#1157,.F.);
#477=COLOUR_RGB('',0.564705882352941,0.564705882352941,0.564705882352941);
#478=FILL_AREA_STYLE_COLOUR('',#477);
#479=FILL_AREA_STYLE($,(#478));
#480=SURFACE_STYLE_FILL_AREA(#479);
#481=SURFACE_SIDE_STYLE('',(#480));
#482=SURFACE_STYLE_USAGE(.BOTH.,#481);
#483=PRESENTATION_STYLE_ASSIGNMENT((#482));
#484=STYLED_ITEM('',(#483),#476);
#485=ADVANCED_FACE('',(#1162,#1164),#1166,.F.);
#486=COLOUR_RGB('',0.564705882352941,0.564705882352941,0.564705882352941);
#487=FILL_AREA_STYLE_COLOUR('',#486);
#488=FILL_AREA_STYLE($,(#487));
#489=SURFACE_STYLE_FILL_AREA(#488);
#490=SURFACE_SIDE_STYLE('',(#489));
#491=SURFACE_STYLE_USAGE(.BOTH.,#490);
#492=PRESENTATION_STYLE_ASSIGNMENT((#491));
#493=STYLED_ITEM('',(#492),#485);
#494=ADVANCED_FACE('',(#1171,#1173),#1175,.F.);
#495=COLOUR_RGB('',0.564705882352941,0.564705882352941,0.564705882352941);
#496=FILL_AREA_STYLE_COLOUR('',#495);
#497=FILL_AREA_STYLE($,(#496));
#498=SURFACE_STYLE_FILL_AREA(#497);
#499=SURFACE_SIDE_STYLE('',(#498));
#500=SURFACE_STYLE_USAGE(.BOTH.,#499);
#501=PRESENTATION_STYLE_ASSIGNMENT((#500));
#502=STYLED_ITEM('',(#501),#494);
#503=ADVANCED_FACE('',(#1180,#1182),#1184,.F.);
#504=COLOUR_RGB('',0.564705882352941,0.564705882352941,0.564705882352941);
#505=FILL_AREA_STYLE_COLOUR('',#504);
#506=FILL_AREA_STYLE($,(#505));
#507=SURFACE_STYLE_FILL_AREA(#506);
#508=SURFACE_SIDE_STYLE('',(#507));
#509=SURFACE_STYLE_USAGE(.BOTH.,#508);
#510=PRESENTATION_STYLE_ASSIGNMENT((#509));
#511=STYLED_ITEM('',(#510),#503);
#512=ADVANCED_FACE('',(#1189,#1191),#1193,.F.);
#513=COLOUR_RGB('',0.564705882352941,0.564705882352941,0.564705882352941);
#514=FILL_AREA_STYLE_COLOUR('',#513);
#515=FILL_AREA_STYLE($,(#514));
#516=SURFACE_STYLE_FILL_AREA(#515);
#517=SURFACE_SIDE_STYLE('',(#516));
#518=SURFACE_STYLE_USAGE(.BOTH.,#517);
#519=PRESENTATION_STYLE_ASSIGNMENT((#518));
#520=STYLED_ITEM('',(#519),#512);
#521=ADVANCED_FACE('',(#1198,#1200),#1202,.F.);
#522=COLOUR_RGB('',0.564705882352941,0.564705882352941,0.564705882352941);
#523=FILL_AREA_STYLE_COLOUR('',#522);
#524=FILL_AREA_STYLE($,(#523));
#525=SURFACE_STYLE_FILL_AREA(#524);
#526=SURFACE_SIDE_STYLE('',(#525));
#527=SURFACE_STYLE_USAGE(.BOTH.,#526);
#528=PRESENTATION_STYLE_ASSIGNMENT((#527));
#529=STYLED_ITEM('',(#528),#521);
#530=ADVANCED_FACE('',(#1207,#1209),#1211,.F.);
#531=COLOUR_RGB('',0.564705882352941,0.564705882352941,0.564705882352941);
#532=FILL_AREA_STYLE_COLOUR('',#531);
#533=FILL_AREA_STYLE($,(#532));
#534=SURFACE_STYLE_FILL_AREA(#533);
#535=SURFACE_SIDE_STYLE('',(#534));
#536=SURFACE_STYLE_USAGE(.BOTH.,#535);
#537=PRESENTATION_STYLE_ASSIGNMENT((#536));
#538=STYLED_ITEM('',(#537),#530);
#539=ADVANCED_FACE('',(#1216,#1218),#1220,.F.);
#540=COLOUR_RGB('',0.564705882352941,0.564705882352941,0.564705882352941);
#541=FILL_AREA_STYLE_COLOUR('',#540);
#542=FILL_AREA_STYLE($,(#541));
#543=SURFACE_STYLE_FILL_AREA(#542);
#544=SURFACE_SIDE_STYLE('',(#543));
#545=SURFACE_STYLE_USAGE(.BOTH.,#544);
#546=PRESENTATION_STYLE_ASSIGNMENT((#545));
#547=STYLED_ITEM('',(#546),#539);
#548=ADVANCED_FACE('',(#1225,#1227),#1229,.F.);
#549=COLOUR_RGB('',0.564705882352941,0.564705882352941,0.564705882352941);
#550=FILL_AREA_STYLE_COLOUR('',#549);
#551=FILL_AREA_STYLE($,(#550));
#552=SURFACE_STYLE_FILL_AREA(#551);
#553=SURFACE_SIDE_STYLE('',(#552));
#554=SURFACE_STYLE_USAGE(.BOTH.,#553);
#555=PRESENTATION_STYLE_ASSIGNMENT((#554));
#556=STYLED_ITEM('',(#555),#548);
#557=ADVANCED_FACE('',(#1234,#1236),#1238,.F.);
#558=COLOUR_RGB('',0.564705882352941,0.564705882352941,0.564705882352941);
#559=FILL_AREA_STYLE_COLOUR('',#558);
#560=FILL_AREA_STYLE($,(#559));
#561=SURFACE_STYLE_FILL_AREA(#560);
#562=SURFACE_SIDE_STYLE('',(#561));
#563=SURFACE_STYLE_USAGE(.BOTH.,#562);
#564=PRESENTATION_STYLE_ASSIGNMENT((#563));
#565=STYLED_ITEM('',(#564),#557);
#566=ADVANCED_FACE('',(#1243,#1245),#1247,.F.);
#567=COLOUR_RGB('',0.564705882352941,0.564705882352941,0.564705882352941);
#568=FILL_AREA_STYLE_COLOUR('',#567);
#569=FILL_AREA_STYLE($,(#568));
#570=SURFACE_STYLE_FILL_AREA(#569);
#571=SURFACE_SIDE_STYLE('',(#570));
#572=SURFACE_STYLE_USAGE(.BOTH.,#571);
#573=PRESENTATION_STYLE_ASSIGNMENT((#572));
#574=STYLED_ITEM('',(#573),#566);
#575=ADVANCED_FACE('',(#1252,#1254),#1256,.F.);
#576=COLOUR_RGB('',0.564705882352941,0.564705882352941,0.564705882352941);
#577=FILL_AREA_STYLE_COLOUR('',#576);
#578=FILL_AREA_STYLE($,(#577));
#579=SURFACE_STYLE_FILL_AREA(#578);
#580=SURFACE_SIDE_STYLE('',(#579));
#581=SURFACE_STYLE_USAGE(.BOTH.,#580);
#582=PRESENTATION_STYLE_ASSIGNMENT((#581));
#583=STYLED_ITEM('',(#582),#575);
#584=ADVANCED_FACE('',(#1261,#1263),#1265,.F.);
#585=COLOUR_RGB('',0.564705882352941,0.564705882352941,0.564705882352941);
#586=FILL_AREA_STYLE_COLOUR('',#585);
#587=FILL_AREA_STYLE($,(#586));
#588=SURFACE_STYLE_FILL_AREA(#587);
#589=SURFACE_SIDE_STYLE('',(#588));
#590=SURFACE_STYLE_USAGE(.BOTH.,#589);
#591=PRESENTATION_STYLE_ASSIGNMENT((#590));
#592=STYLED_ITEM('',(#591),#584);
#593=ADVANCED_FACE('',(#1270,#1272),#1274,.T.);
#594=COLOUR_RGB('',0.564705882352941,0.564705882352941,0.564705882352941);
#595=FILL_AREA_STYLE_COLOUR('',#594);
#596=FILL_AREA_STYLE($,(#595));
#597=SURFACE_STYLE_FILL_AREA(#596);
#598=SURFACE_SIDE_STYLE('',(#597));
#599=SURFACE_STYLE_USAGE(.BOTH.,#598);
#600=PRESENTATION_STYLE_ASSIGNMENT((#599));
#601=STYLED_ITEM('',(#600),#593);
#602=ADVANCED_FACE('',(#1279,#1281),#1283,.T.);
#603=COLOUR_RGB('',0.564705882352941,0.564705882352941,0.564705882352941);
#604=FILL_AREA_STYLE_COLOUR('',#603);
#605=FILL_AREA_STYLE($,(#604));
#606=SURFACE_STYLE_FILL_AREA(#605);
#607=SURFACE_SIDE_STYLE('',(#606));
#608=SURFACE_STYLE_USAGE(.BOTH.,#607);
#609=PRESENTATION_STYLE_ASSIGNMENT((#608));
#610=STYLED_ITEM('',(#609),#602);
#611=ADVANCED_FACE('',(#1288),#1290,.T.);
#612=COLOUR_RGB('',0.564705882352941,0.564705882352941,0.564705882352941);
#613=FILL_AREA_STYLE_COLOUR('',#612);
#614=FILL_AREA_STYLE($,(#613));
#615=SURFACE_STYLE_FILL_AREA(#614);
#616=SURFACE_SIDE_STYLE('',(#615));
#617=SURFACE_STYLE_USAGE(.BOTH.,#616);
#618=PRESENTATION_STYLE_ASSIGNMENT((#617));
#619=STYLED_ITEM('',(#618),#611);
#620=ADVANCED_FACE('',(#1295,#1297),#1299,.F.);
#621=COLOUR_RGB('',0.564705882352941,0.564705882352941,0.564705882352941);
#622=FILL_AREA_STYLE_COLOUR('',#621);
#623=FILL_AREA_STYLE($,(#622));
#624=SURFACE_STYLE_FILL_AREA(#623);
#625=SURFACE_SIDE_STYLE('',(#624));
#626=SURFACE_STYLE_USAGE(.BOTH.,#625);
#627=PRESENTATION_STYLE_ASSIGNMENT((#626));
#628=STYLED_ITEM('',(#627),#620);
#629=ADVANCED_FACE('',(#1304,#1306),#1308,.F.);
#630=COLOUR_RGB('',0.564705882352941,0.564705882352941,0.564705882352941);
#631=FILL_AREA_STYLE_COLOUR('',#630);
#632=FILL_AREA_STYLE($,(#631));
#633=SURFACE_STYLE_FILL_AREA(#632);
#634=SURFACE_SIDE_STYLE('',(#633));
#635=SURFACE_STYLE_USAGE(.BOTH.,#634);
#636=PRESENTATION_STYLE_ASSIGNMENT((#635));
#637=STYLED_ITEM('',(#636),#629);
#638=ADVANCED_FACE('',(#1313,#1315),#1317,.F.);
#639=COLOUR_RGB('',0.564705882352941,0.564705882352941,0.564705882352941);
#640=FILL_AREA_STYLE_COLOUR('',#639);
#641=FILL_AREA_STYLE($,(#640));
#642=SURFACE_STYLE_FILL_AREA(#641);
#643=SURFACE_SIDE_STYLE('',(#642));
#644=SURFACE_STYLE_USAGE(.BOTH.,#643);
#645=PRESENTATION_STYLE_ASSIGNMENT((#644));
#646=STYLED_ITEM('',(#645),#638);
#647=ADVANCED_FACE('',(#1322,#1324),#1326,.F.);
#648=COLOUR_RGB('',0.564705882352941,0.564705882352941,0.564705882352941);
#649=FILL_AREA_STYLE_COLOUR('',#648);
#650=FILL_AREA_STYLE($,(#649));
#651=SURFACE_STYLE_FILL_AREA(#650);
#652=SURFACE_SIDE_STYLE('',(#651));
#653=SURFACE_STYLE_USAGE(.BOTH.,#652);
#654=PRESENTATION_STYLE_ASSIGNMENT((#653));
#655=STYLED_ITEM('',(#654),#647);
#656=ADVANCED_FACE('',(#1331,#1333),#1335,.F.);
#657=COLOUR_RGB('',0.564705882352941,0.564705882352941,0.564705882352941);
#658=FILL_AREA_STYLE_COLOUR('',#657);
#659=FILL_AREA_STYLE($,(#658));
#660=SURFACE_STYLE_FILL_AREA(#659);
#661=SURFACE_SIDE_STYLE('',(#660));
#662=SURFACE_STYLE_USAGE(.BOTH.,#661);
#663=PRESENTATION_STYLE_ASSIGNMENT((#662));
#664=STYLED_ITEM('',(#663),#656);
#665=ADVANCED_FACE('',(#1340,#1342),#1344,.F.);
#666=COLOUR_RGB('',0.564705882352941,0.564705882352941,0.564705882352941);
#667=FILL_AREA_STYLE_COLOUR('',#666);
#668=FILL_AREA_STYLE($,(#667));
#669=SURFACE_STYLE_FILL_AREA(#668);
#670=SURFACE_SIDE_STYLE('',(#669));
#671=SURFACE_STYLE_USAGE(.BOTH.,#670);
#672=PRESENTATION_STYLE_ASSIGNMENT((#671));
#673=STYLED_ITEM('',(#672),#665);
#674=ADVANCED_FACE('',(#1349,#1351),#1353,.F.);
#675=COLOUR_RGB('',0.564705882352941,0.564705882352941,0.564705882352941);
#676=FILL_AREA_STYLE_COLOUR('',#675);
#677=FILL_AREA_STYLE($,(#676));
#678=SURFACE_STYLE_FILL_AREA(#677);
#679=SURFACE_SIDE_STYLE('',(#678));
#680=SURFACE_STYLE_USAGE(.BOTH.,#679);
#681=PRESENTATION_STYLE_ASSIGNMENT((#680));
#682=STYLED_ITEM('',(#681),#674);
#683=ADVANCED_FACE('',(#1358,#1360),#1362,.F.);
#684=COLOUR_RGB('',0.564705882352941,0.564705882352941,0.564705882352941);
#685=FILL_AREA_STYLE_COLOUR('',#684);
#686=FILL_AREA_STYLE($,(#685));
#687=SURFACE_STYLE_FILL_AREA(#686);
#688=SURFACE_SIDE_STYLE('',(#687));
#689=SURFACE_STYLE_USAGE(.BOTH.,#688);
#690=PRESENTATION_STYLE_ASSIGNMENT((#689));
#691=STYLED_ITEM('',(#690),#683);
#692=ADVANCED_FACE('',(#1367,#1369),#1371,.F.);
#693=COLOUR_RGB('',0.564705882352941,0.564705882352941,0.564705882352941);
#694=FILL_AREA_STYLE_COLOUR('',#693);
#695=FILL_AREA_STYLE($,(#694));
#696=SURFACE_STYLE_FILL_AREA(#695);
#697=SURFACE_SIDE_STYLE('',(#696));
#698=SURFACE_STYLE_USAGE(.BOTH.,#697);
#699=PRESENTATION_STYLE_ASSIGNMENT((#698));
#700=STYLED_ITEM('',(#699),#692);
#701=ADVANCED_FACE('',(#1376,#1378),#1380,.F.);
#702=COLOUR_RGB('',0.564705882352941,0.564705882352941,0.564705882352941);
#703=FILL_AREA_STYLE_COLOUR('',#702);
#704=FILL_AREA_STYLE($,(#703));
#705=SURFACE_STYLE_FILL_AREA(#704);
#706=SURFACE_SIDE_STYLE('',(#705));
#707=SURFACE_STYLE_USAGE(.BOTH.,#706);
#708=PRESENTATION_STYLE_ASSIGNMENT((#707));
#709=STYLED_ITEM('',(#708),#701);
#710=ADVANCED_FACE('',(#1385,#1387),#1389,.F.);
#711=COLOUR_RGB('',0.564705882352941,0.564705882352941,0.564705882352941);
#712=FILL_AREA_STYLE_COLOUR('',#711);
#713=FILL_AREA_STYLE($,(#712));
#714=SURFACE_STYLE_FILL_AREA(#713);
#715=SURFACE_SIDE_STYLE('',(#714));
#716=SURFACE_STYLE_USAGE(.BOTH.,#715);
#717=PRESENTATION_STYLE_ASSIGNMENT((#716));
#718=STYLED_ITEM('',(#717),#710);
#719=ADVANCED_FACE('',(#1394,#1396),#1398,.F.);
#720=COLOUR_RGB('',0.564705882352941,0.564705882352941,0.564705882352941);
#721=FILL_AREA_STYLE_COLOUR('',#720);
#722=FILL_AREA_STYLE($,(#721));
#723=SURFACE_STYLE_FILL_AREA(#722);
#724=SURFACE_SIDE_STYLE('',(#723));
#725=SURFACE_STYLE_USAGE(.BOTH.,#724);
#726=PRESENTATION_STYLE_ASSIGNMENT((#725));
#727=STYLED_ITEM('',(#726),#719);
#728=ADVANCED_FACE('',(#1403,#1405),#1407,.T.);
#729=COLOUR_RGB('',0.564705882352941,0.564705882352941,0.564705882352941);
#730=FILL_AREA_STYLE_COLOUR('',#729);
#731=FILL_AREA_STYLE($,(#730));
#732=SURFACE_STYLE_FILL_AREA(#731);
#733=SURFACE_SIDE_STYLE('',(#732));
#734=SURFACE_STYLE_USAGE(.BOTH.,#733);
#735=PRESENTATION_STYLE_ASSIGNMENT((#734));
#736=STYLED_ITEM('',(#735),#728);
#737=ADVANCED_FACE('',(#1412,#1414),#1416,.T.);
#738=COLOUR_RGB('',0.564705882352941,0.564705882352941,0.564705882352941);
#739=FILL_AREA_STYLE_COLOUR('',#738);
#740=FILL_AREA_STYLE($,(#739));
#741=SURFACE_STYLE_FILL_AREA(#740);
#742=SURFACE_SIDE_STYLE('',(#741));
#743=SURFACE_STYLE_USAGE(.BOTH.,#742);
#744=PRESENTATION_STYLE_ASSIGNMENT((#743));
#745=STYLED_ITEM('',(#744),#737);
#746=ADVANCED_FACE('',(#1421,#1423),#1425,.F.);
#747=COLOUR_RGB('',0.564705882352941,0.564705882352941,0.564705882352941);
#748=FILL_AREA_STYLE_COLOUR('',#747);
#749=FILL_AREA_STYLE($,(#748));
#750=SURFACE_STYLE_FILL_AREA(#749);
#751=SURFACE_SIDE_STYLE('',(#750));
#752=SURFACE_STYLE_USAGE(.BOTH.,#751);
#753=PRESENTATION_STYLE_ASSIGNMENT((#752));
#754=STYLED_ITEM('',(#753),#746);
#755=ADVANCED_FACE('',(#1430,#1432),#1434,.F.);
#756=COLOUR_RGB('',0.564705882352941,0.564705882352941,0.564705882352941);
#757=FILL_AREA_STYLE_COLOUR('',#756);
#758=FILL_AREA_STYLE($,(#757));
#759=SURFACE_STYLE_FILL_AREA(#758);
#760=SURFACE_SIDE_STYLE('',(#759));
#761=SURFACE_STYLE_USAGE(.BOTH.,#760);
#762=PRESENTATION_STYLE_ASSIGNMENT((#761));
#763=STYLED_ITEM('',(#762),#755);
#764=FACE_BOUND('',#765,.T.);
#765=EDGE_LOOP('',(#1439,#1440,#1441,#1442,#1443,#1444));
#766=PLANE('',#767);
#767=AXIS2_PLACEMENT_3D('',#768,#769,#770);
#768=CARTESIAN_POINT('',(-12.8,-17.8,-4.6));
#769=DIRECTION('',(6.45947941600091E-016,1.,-0.));
#770=DIRECTION('',(-1.,6.45947941600091E-016,0.));
#771=FACE_BOUND('',#772,.T.);
#772=EDGE_LOOP('',(#1445,#1446,#1447,#1448,#1449,#1450));
#773=PLANE('',#774);
#774=AXIS2_PLACEMENT_3D('',#775,#776,#777);
#775=CARTESIAN_POINT('',(-20.3,-19.8,-4.6));
#776=DIRECTION('',(-1.,0.,0.));
#777=DIRECTION('',(0.,-1.,0.));
#778=FACE_BOUND('',#779,.T.);
#779=EDGE_LOOP('',(#1451,#1452,#1453,#1454));
#780=CYLINDRICAL_SURFACE('',#781,2.);
#781=AXIS2_PLACEMENT_3D('',#782,#783,#784);
#782=CARTESIAN_POINT('',(-18.3,-19.8,-4.6));
#783=DIRECTION('',(0.,0.,1.));
#784=DIRECTION('',(1.22464679914735E-016,1.,0.));
#785=FACE_BOUND('',#786,.T.);
#786=EDGE_LOOP('',(#1455,#1456,#1457,#1458,#1459,#1460,#1461,#1462,#1463,#1464));
#787=FACE_BOUND('',#788,.T.);
#788=EDGE_LOOP('',(#1465));
#789=FACE_BOUND('',#790,.T.);
#790=EDGE_LOOP('',(#1466));
#791=FACE_BOUND('',#792,.T.);
#792=EDGE_LOOP('',(#1467));
#793=FACE_BOUND('',#794,.T.);
#794=EDGE_LOOP('',(#1468));
#795=FACE_BOUND('',#796,.T.);
#796=EDGE_LOOP('',(#1469,#1470,#1471,#1472,#1473,#1474,#1475,#1476));
#797=FACE_BOUND('',#798,.T.);
#798=EDGE_LOOP('',(#1477,#1478,#1479,#1480,#1481,#1482,#1483,#1484));
#799=FACE_BOUND('',#800,.T.);
#800=EDGE_LOOP('',(#1485,#1486,#1487,#1488,#1489,#1490,#1491,#1492));
#801=FACE_BOUND('',#802,.T.);
#802=EDGE_LOOP('',(#1493));
#803=FACE_BOUND('',#804,.T.);
#804=EDGE_LOOP('',(#1494));
#805=FACE_BOUND('',#806,.T.);
#806=EDGE_LOOP('',(#1495));
#807=FACE_BOUND('',#808,.T.);
#808=EDGE_LOOP('',(#1496));
#809=PLANE('',#810);
#810=AXIS2_PLACEMENT_3D('',#811,#812,#813);
#811=CARTESIAN_POINT('',(0.,0.,0.));
#812=DIRECTION('',(0.,0.,1.));
#813=DIRECTION('',(-1.,1.22464679914735E-016,0.));
#814=FACE_BOUND('',#815,.T.);
#815=EDGE_LOOP('',(#1497,#1498,#1499,#1500));
#816=PLANE('',#817);
#817=AXIS2_PLACEMENT_3D('',#818,#819,#820);
#818=CARTESIAN_POINT('',(0.,0.,-0.2));
#819=DIRECTION('',(0.,0.,1.));
#820=DIRECTION('',(-1.,1.22464679914735E-016,0.));
#821=FACE_BOUND('',#822,.T.);
#822=EDGE_LOOP('',(#1501,#1502,#1503,#1504));
#823=CYLINDRICAL_SURFACE('',#824,2.);
#824=AXIS2_PLACEMENT_3D('',#825,#826,#827);
#825=CARTESIAN_POINT('',(-20.3,-19.8,-0.2));
#826=DIRECTION('',(0.,0.,1.));
#827=DIRECTION('',(1.22464679914735E-016,1.,0.));
#828=FACE_BOUND('',#829,.T.);
#829=EDGE_LOOP('',(#1505,#1506,#1507,#1508,#1509,#1510,#1511,#1512,#1513,#1514));
#830=FACE_BOUND('',#831,.T.);
#831=EDGE_LOOP('',(#1515));
#832=FACE_BOUND('',#833,.T.);
#833=EDGE_LOOP('',(#1516));
#834=FACE_BOUND('',#835,.T.);
#835=EDGE_LOOP('',(#1517));
#836=FACE_BOUND('',#837,.T.);
#837=EDGE_LOOP('',(#1518));
#838=FACE_BOUND('',#839,.T.);
#839=EDGE_LOOP('',(#1519));
#840=FACE_BOUND('',#841,.T.);
#841=EDGE_LOOP('',(#1520));
#842=FACE_BOUND('',#843,.T.);
#843=EDGE_LOOP('',(#1521));
#844=FACE_BOUND('',#845,.T.);
#845=EDGE_LOOP('',(#1522));
#846=FACE_BOUND('',#847,.T.);
#847=EDGE_LOOP('',(#1523));
#848=FACE_BOUND('',#849,.T.);
#849=EDGE_LOOP('',(#1524));
#850=PLANE('',#851);
#851=AXIS2_PLACEMENT_3D('',#852,#853,#854);
#852=CARTESIAN_POINT('',(0.,0.,-4.6));
#853=DIRECTION('',(0.,0.,1.));
#854=DIRECTION('',(-1.,1.22464679914735E-016,0.));
#855=FACE_BOUND('',#856,.T.);
#856=EDGE_LOOP('',(#1525,#1526,#1527,#1528));
#857=CYLINDRICAL_SURFACE('',#858,2.);
#858=AXIS2_PLACEMENT_3D('',#859,#860,#861);
#859=CARTESIAN_POINT('',(-12.8,-19.8,-4.6));
#860=DIRECTION('',(0.,0.,1.));
#861=DIRECTION('',(1.,-1.22464679914735E-016,0.));
#862=FACE_BOUND('',#863,.T.);
#863=EDGE_LOOP('',(#1529,#1530,#1531,#1532));
#864=PLANE('',#865);
#865=AXIS2_PLACEMENT_3D('',#866,#867,#868);
#866=CARTESIAN_POINT('',(-36.6,-22.9,-4.6));
#867=DIRECTION('',(-9.70686797486476E-017,-1.,0.));
#868=DIRECTION('',(1.,-9.70686797486476E-017,0.));
#869=FACE_BOUND('',#870,.T.);
#870=EDGE_LOOP('',(#1533,#1534,#1535,#1536));
#871=PLANE('',#872);
#872=AXIS2_PLACEMENT_3D('',#873,#874,#875);
#873=CARTESIAN_POINT('',(-10.8,-22.9,-4.6));
#874=DIRECTION('',(1.,-5.73018335290404E-016,0.));
#875=DIRECTION('',(5.73018335290404E-016,1.,0.));
#876=FACE_BOUND('',#877,.T.);
#877=EDGE_LOOP('',(#1537,#1538,#1539,#1540));
#878=PLANE('',#879);
#879=AXIS2_PLACEMENT_3D('',#880,#881,#882);
#880=CARTESIAN_POINT('',(-36.6,-22.9,-4.6));
#881=DIRECTION('',(-9.70686797486476E-017,-1.,0.));
#882=DIRECTION('',(1.,-9.70686797486476E-017,0.));
#883=FACE_BOUND('',#884,.T.);
#884=EDGE_LOOP('',(#1541,#1542,#1543,#1544));
#885=PLANE('',#886);
#886=AXIS2_PLACEMENT_3D('',#887,#888,#889);
#887=CARTESIAN_POINT('',(-2.80444117004744E-015,-22.9,-4.6));
#888=DIRECTION('',(1.,-1.22464679914735E-016,0.));
#889=DIRECTION('',(1.22464679914735E-016,1.,0.));
#890=FACE_BOUND('',#891,.T.);
#891=EDGE_LOOP('',(#1545,#1546,#1547,#1548));
#892=PLANE('',#893);
#893=AXIS2_PLACEMENT_3D('',#894,#895,#896);
#894=CARTESIAN_POINT('',(0.,0.,-4.6));
#895=DIRECTION('',(1.22464679914735E-016,1.,-0.));
#896=DIRECTION('',(-1.,1.22464679914735E-016,0.));
#897=FACE_BOUND('',#898,.T.);
#898=EDGE_LOOP('',(#1549,#1550,#1551,#1552));
#899=PLANE('',#900);
#900=AXIS2_PLACEMENT_3D('',#901,#902,#903);
#901=CARTESIAN_POINT('',(-36.6,4.48220728487931E-015,-4.6));
#902=DIRECTION('',(-1.,0.,0.));
#903=DIRECTION('',(0.,-1.,0.));
#904=FACE_OUTER_BOUND('',#905,.T.);
#905=EDGE_LOOP('',(#1553));
#906=FACE_OUTER_BOUND('',#907,.T.);
#907=EDGE_LOOP('',(#1554));
#908=CONICAL_SURFACE('',#909,1.475,0.785398163397448);
#909=AXIS2_PLACEMENT_3D('',#910,#911,#912);
#910=CARTESIAN_POINT('',(-2.70000000000001,-2.7,-0.125));
#911=DIRECTION('',(-0.,0.,1.));
#912=DIRECTION('',(-1.,3.01077430406822E-016,-0.));
#913=FACE_OUTER_BOUND('',#914,.T.);
#914=EDGE_LOOP('',(#1555));
#915=FACE_OUTER_BOUND('',#916,.T.);
#916=EDGE_LOOP('',(#1556));
#917=CONICAL_SURFACE('',#918,1.475,0.785398163397448);
#918=AXIS2_PLACEMENT_3D('',#919,#920,#921);
#919=CARTESIAN_POINT('',(-33.9,-2.7,-0.125));
#920=DIRECTION('',(-0.,-0.,1.));
#921=DIRECTION('',(-1.,-0.,-0.));
#922=FACE_OUTER_BOUND('',#923,.T.);
#923=EDGE_LOOP('',(#1557));
#924=FACE_OUTER_BOUND('',#925,.T.);
#925=EDGE_LOOP('',(#1558));
#926=CONICAL_SURFACE('',#927,1.475,0.785398163397448);
#927=AXIS2_PLACEMENT_3D('',#928,#929,#930);
#928=CARTESIAN_POINT('',(-2.7,-20.2,-0.125));
#929=DIRECTION('',(-0.,-0.,1.));
#930=DIRECTION('',(-1.,-0.,-0.));
#931=FACE_OUTER_BOUND('',#932,.T.);
#932=EDGE_LOOP('',(#1559));
#933=FACE_OUTER_BOUND('',#934,.T.);
#934=EDGE_LOOP('',(#1560));
#935=CONICAL_SURFACE('',#936,1.475,0.785398163397448);
#936=AXIS2_PLACEMENT_3D('',#937,#938,#939);
#937=CARTESIAN_POINT('',(-33.9,-20.2,-0.125));
#938=DIRECTION('',(-0.,-0.,1.));
#939=DIRECTION('',(-1.,-0.,-0.));
#940=FACE_BOUND('',#941,.T.);
#941=EDGE_LOOP('',(#1561,#1562,#1563,#1564));
#942=CYLINDRICAL_SURFACE('',#943,2.);
#943=AXIS2_PLACEMENT_3D('',#944,#945,#946);
#944=CARTESIAN_POINT('',(-27.2999800184712,-6.90000052,-2.35));
#945=DIRECTION('',(0.,0.,1.));
#946=DIRECTION('',(1.,-1.22464679914735E-016,0.));
#947=FACE_BOUND('',#948,.T.);
#948=EDGE_LOOP('',(#1565,#1566,#1567,#1568));
#949=PLANE('',#950);
#950=AXIS2_PLACEMENT_3D('',#951,#952,#953);
#951=CARTESIAN_POINT('',(-25.2999800184711,-12.90000052,-2.35));
#952=DIRECTION('',(1.,0.,0.));
#953=DIRECTION('',(0.,1.,0.));
#954=FACE_BOUND('',#955,.T.);
#955=EDGE_LOOP('',(#1569,#1570,#1571,#1572));
#956=CYLINDRICAL_SURFACE('',#957,2.);
#957=AXIS2_PLACEMENT_3D('',#958,#959,#960);
#958=CARTESIAN_POINT('',(-27.2999800184711,-12.90000052,-2.35));
#959=DIRECTION('',(0.,0.,1.));
#960=DIRECTION('',(-1.22464679914735E-016,-1.,0.));
#961=FACE_BOUND('',#962,.T.);
#962=EDGE_LOOP('',(#1573,#1574,#1575,#1576));
#963=PLANE('',#964);
#964=AXIS2_PLACEMENT_3D('',#965,#966,#967);
#965=CARTESIAN_POINT('',(-33.2999800184711,-14.90000052,-2.35));
#966=DIRECTION('',(0.,-1.,0.));
#967=DIRECTION('',(1.,0.,0.));
#968=FACE_BOUND('',#969,.T.);
#969=EDGE_LOOP('',(#1577,#1578,#1579,#1580));
#970=CYLINDRICAL_SURFACE('',#971,2.);
#971=AXIS2_PLACEMENT_3D('',#972,#973,#974);
#972=CARTESIAN_POINT('',(-33.2999800184711,-12.90000052,-2.35));
#973=DIRECTION('',(0.,0.,1.));
#974=DIRECTION('',(-1.,1.22464679914735E-016,0.));
#975=FACE_BOUND('',#976,.T.);
#976=EDGE_LOOP('',(#1581,#1582,#1583,#1584));
#977=PLANE('',#978);
#978=AXIS2_PLACEMENT_3D('',#979,#980,#981);
#979=CARTESIAN_POINT('',(-35.2999800184711,-6.90000052,-2.35));
#980=DIRECTION('',(-1.,0.,0.));
#981=DIRECTION('',(0.,-1.,0.));
#982=FACE_BOUND('',#983,.T.);
#983=EDGE_LOOP('',(#1585,#1586,#1587,#1588));
#984=CYLINDRICAL_SURFACE('',#985,2.);
#985=AXIS2_PLACEMENT_3D('',#986,#987,#988);
#986=CARTESIAN_POINT('',(-33.2999800184711,-6.90000052,-2.35));
#987=DIRECTION('',(0.,0.,1.));
#988=DIRECTION('',(1.22464679914735E-016,1.,0.));
#989=FACE_BOUND('',#990,.T.);
#990=EDGE_LOOP('',(#1589,#1590,#1591,#1592));
#991=PLANE('',#992);
#992=AXIS2_PLACEMENT_3D('',#993,#994,#995);
#993=CARTESIAN_POINT('',(-27.2999800184712,-4.90000052,-2.35));
#994=DIRECTION('',(1.48029736616688E-016,1.,-0.));
#995=DIRECTION('',(-1.,1.48029736616688E-016,0.));
#996=FACE_BOUND('',#997,.T.);
#997=EDGE_LOOP('',(#1593,#1594,#1595,#1596));
#998=CYLINDRICAL_SURFACE('',#999,2.);
#999=AXIS2_PLACEMENT_3D('',#1000,#1001,#1002);
#1000=CARTESIAN_POINT('',(-3.29998665485714,-6.90000052,-2.35));
#1001=DIRECTION('',(0.,0.,1.));
#1002=DIRECTION('',(1.,-1.22464679914735E-016,0.));
#1003=FACE_BOUND('',#1004,.T.);
#1004=EDGE_LOOP('',(#1597,#1598,#1599,#1600));
#1005=PLANE('',#1006);
#1006=AXIS2_PLACEMENT_3D('',#1007,#1008,#1009);
#1007=CARTESIAN_POINT('',(-1.29998665485714,-12.90000052,-2.35));
#1008=DIRECTION('',(1.,-1.11022302462516E-016,0.));
#1009=DIRECTION('',(1.11022302462516E-016,1.,0.));
#1010=FACE_BOUND('',#1011,.T.);
#1011=EDGE_LOOP('',(#1601,#1602,#1603,#1604));
#1012=CYLINDRICAL_SURFACE('',#1013,2.);
#1013=AXIS2_PLACEMENT_3D('',#1014,#1015,#1016);
#1014=CARTESIAN_POINT('',(-3.29998665485714,-12.90000052,-2.35));
#1015=DIRECTION('',(0.,0.,1.));
#1016=DIRECTION('',(-1.22464679914735E-016,-1.,0.));
#1017=FACE_BOUND('',#1018,.T.);
#1018=EDGE_LOOP('',(#1605,#1606,#1607,#1608));
#1019=PLANE('',#1020);
#1020=AXIS2_PLACEMENT_3D('',#1021,#1022,#1023);
#1021=CARTESIAN_POINT('',(-9.29998665485714,-14.90000052,-2.35));
#1022=DIRECTION('',(-2.96059473233375E-016,-1.,0.));
#1023=DIRECTION('',(1.,-2.96059473233375E-016,0.));
#1024=FACE_BOUND('',#1025,.T.);
#1025=EDGE_LOOP('',(#1609,#1610,#1611,#1612));
#1026=CYLINDRICAL_SURFACE('',#1027,2.);
#1027=AXIS2_PLACEMENT_3D('',#1028,#1029,#1030);
#1028=CARTESIAN_POINT('',(-9.29998665485714,-12.90000052,-2.35));
#1029=DIRECTION('',(0.,0.,1.));
#1030=DIRECTION('',(-1.,1.22464679914735E-016,0.));
#1031=FACE_BOUND('',#1032,.T.);
#1032=EDGE_LOOP('',(#1613,#1614,#1615,#1616));
#1033=PLANE('',#1034);
#1034=AXIS2_PLACEMENT_3D('',#1035,#1036,#1037);
#1035=CARTESIAN_POINT('',(-11.2999866548571,-6.90000052,-2.35));
#1036=DIRECTION('',(-1.,2.96059473233375E-016,0.));
#1037=DIRECTION('',(-2.96059473233375E-016,-1.,0.));
#1038=FACE_BOUND('',#1039,.T.);
#1039=EDGE_LOOP('',(#1617,#1618,#1619,#1620));
#1040=CYLINDRICAL_SURFACE('',#1041,2.);
#1041=AXIS2_PLACEMENT_3D('',#1042,#1043,#1044);
#1042=CARTESIAN_POINT('',(-9.29998665485714,-6.90000052,-2.35));
#1043=DIRECTION('',(0.,0.,1.));
#1044=DIRECTION('',(1.22464679914735E-016,1.,0.));
#1045=FACE_BOUND('',#1046,.T.);
#1046=EDGE_LOOP('',(#1621,#1622,#1623,#1624));
#1047=PLANE('',#1048);
#1048=AXIS2_PLACEMENT_3D('',#1049,#1050,#1051);
#1049=CARTESIAN_POINT('',(-3.29998665485714,-4.90000052,-2.35));
#1050=DIRECTION('',(1.48029736616688E-016,1.,-0.));
#1051=DIRECTION('',(-1.,1.48029736616688E-016,0.));
#1052=FACE_BOUND('',#1053,.T.);
#1053=EDGE_LOOP('',(#1625,#1626,#1627,#1628));
#1054=CYLINDRICAL_SURFACE('',#1055,2.);
#1055=AXIS2_PLACEMENT_3D('',#1056,#1057,#1058);
#1056=CARTESIAN_POINT('',(-14.3999866548571,-6.90000052,-2.35));
#1057=DIRECTION('',(0.,0.,1.));
#1058=DIRECTION('',(1.,-1.22464679914735E-016,0.));
#1059=FACE_BOUND('',#1060,.T.);
#1060=EDGE_LOOP('',(#1629,#1630,#1631,#1632));
#1061=PLANE('',#1062);
#1062=AXIS2_PLACEMENT_3D('',#1063,#1064,#1065);
#1063=CARTESIAN_POINT('',(-12.3999866548571,-12.90000052,-2.35));
#1064=DIRECTION('',(1.,-2.96059473233375E-016,0.));
#1065=DIRECTION('',(2.96059473233375E-016,1.,0.));
#1066=FACE_BOUND('',#1067,.T.);
#1067=EDGE_LOOP('',(#1633,#1634,#1635,#1636));
#1068=CYLINDRICAL_SURFACE('',#1069,2.);
#1069=AXIS2_PLACEMENT_3D('',#1070,#1071,#1072);
#1070=CARTESIAN_POINT('',(-14.3999866548571,-12.90000052,-2.35));
#1071=DIRECTION('',(0.,0.,1.));
#1072=DIRECTION('',(-1.22464679914735E-016,-1.,0.));
#1073=FACE_BOUND('',#1074,.T.);
#1074=EDGE_LOOP('',(#1637,#1638,#1639,#1640));
#1075=PLANE('',#1076);
#1076=AXIS2_PLACEMENT_3D('',#1077,#1078,#1079);
#1077=CARTESIAN_POINT('',(-22.1999800184712,-14.90000052,-2.35));
#1078=DIRECTION('',(-2.27738250097331E-016,-1.,0.));
#1079=DIRECTION('',(1.,-2.27738250097331E-016,0.));
#1080=FACE_BOUND('',#1081,.T.);
#1081=EDGE_LOOP('',(#1641,#1642,#1643,#1644));
#1082=CYLINDRICAL_SURFACE('',#1083,2.);
#1083=AXIS2_PLACEMENT_3D('',#1084,#1085,#1086);
#1084=CARTESIAN_POINT('',(-22.1999800184712,-12.90000052,-2.35));
#1085=DIRECTION('',(0.,0.,1.));
#1086=DIRECTION('',(-1.,1.22464679914735E-016,0.));
#1087=FACE_BOUND('',#1088,.T.);
#1088=EDGE_LOOP('',(#1645,#1646,#1647,#1648));
#1089=PLANE('',#1090);
#1090=AXIS2_PLACEMENT_3D('',#1091,#1092,#1093);
#1091=CARTESIAN_POINT('',(-24.1999800184711,-6.90000052,-2.35));
#1092=DIRECTION('',(-1.,0.,0.));
#1093=DIRECTION('',(0.,-1.,0.));
#1094=FACE_BOUND('',#1095,.T.);
#1095=EDGE_LOOP('',(#1649,#1650,#1651,#1652));
#1096=CYLINDRICAL_SURFACE('',#1097,2.);
#1097=AXIS2_PLACEMENT_3D('',#1098,#1099,#1100);
#1098=CARTESIAN_POINT('',(-22.1999800184711,-6.90000052,-2.35));
#1099=DIRECTION('',(0.,0.,1.));
#1100=DIRECTION('',(1.22464679914735E-016,1.,0.));
#1101=FACE_BOUND('',#1102,.T.);
#1102=EDGE_LOOP('',(#1653,#1654,#1655,#1656));
#1103=PLANE('',#1104);
#1104=AXIS2_PLACEMENT_3D('',#1105,#1106,#1107);
#1105=CARTESIAN_POINT('',(-14.3999866548571,-4.90000052,-2.35));
#1106=DIRECTION('',(1.13869125048666E-016,1.,-0.));
#1107=DIRECTION('',(-1.,1.13869125048666E-016,0.));
#1108=FACE_OUTER_BOUND('',#1109,.T.);
#1109=EDGE_LOOP('',(#1657));
#1110=FACE_OUTER_BOUND('',#1111,.T.);
#1111=EDGE_LOOP('',(#1658));
#1112=CONICAL_SURFACE('',#1113,1.475,0.785398163397448);
#1113=AXIS2_PLACEMENT_3D('',#1114,#1115,#1116);
#1114=CARTESIAN_POINT('',(-28.5,-20.2,-0.125));
#1115=DIRECTION('',(-0.,-0.,1.));
#1116=DIRECTION('',(-1.,-0.,-0.));
#1117=FACE_OUTER_BOUND('',#1118,.T.);
#1118=EDGE_LOOP('',(#1659));
#1119=FACE_OUTER_BOUND('',#1120,.T.);
#1120=EDGE_LOOP('',(#1660));
#1121=CONICAL_SURFACE('',#1122,1.475,0.785398163397448);
#1122=AXIS2_PLACEMENT_3D('',#1123,#1124,#1125);
#1123=CARTESIAN_POINT('',(-28.5,-2.7,-0.125));
#1124=DIRECTION('',(-0.,-0.,1.));
#1125=DIRECTION('',(-1.,-0.,-0.));
#1126=FACE_OUTER_BOUND('',#1127,.T.);
#1127=EDGE_LOOP('',(#1661));
#1128=FACE_OUTER_BOUND('',#1129,.T.);
#1129=EDGE_LOOP('',(#1662));
#1130=CONICAL_SURFACE('',#1131,1.475,0.785398163397448);
#1131=AXIS2_PLACEMENT_3D('',#1132,#1133,#1134);
#1132=CARTESIAN_POINT('',(-8.1,-20.2,-0.125));
#1133=DIRECTION('',(-0.,-0.,1.));
#1134=DIRECTION('',(-1.,-0.,-0.));
#1135=FACE_OUTER_BOUND('',#1136,.T.);
#1136=EDGE_LOOP('',(#1663));
#1137=FACE_OUTER_BOUND('',#1138,.T.);
#1138=EDGE_LOOP('',(#1664));
#1139=CONICAL_SURFACE('',#1140,1.475,0.785398163397448);
#1140=AXIS2_PLACEMENT_3D('',#1141,#1142,#1143);
#1141=CARTESIAN_POINT('',(-8.10000000000001,-2.7,-0.125));
#1142=DIRECTION('',(-0.,-0.,1.));
#1143=DIRECTION('',(-1.,-0.,-0.));
#1144=FACE_OUTER_BOUND('',#1145,.T.);
#1145=EDGE_LOOP('',(#1665));
#1146=FACE_OUTER_BOUND('',#1147,.T.);
#1147=EDGE_LOOP('',(#1666));
#1148=CYLINDRICAL_SURFACE('',#1149,2.4);
#1149=AXIS2_PLACEMENT_3D('',#1150,#1151,#1152);
#1150=CARTESIAN_POINT('',(-2.70000000000001,-2.7,-4.1));
#1151=DIRECTION('',(0.,0.,-1.));
#1152=DIRECTION('',(1.,1.22464679914735E-016,0.));
#1153=FACE_OUTER_BOUND('',#1154,.T.);
#1154=EDGE_LOOP('',(#1667));
#1155=FACE_OUTER_BOUND('',#1156,.T.);
#1156=EDGE_LOOP('',(#1668));
#1157=CYLINDRICAL_SURFACE('',#1158,2.4);
#1158=AXIS2_PLACEMENT_3D('',#1159,#1160,#1161);
#1159=CARTESIAN_POINT('',(-8.1,-2.7,-4.1));
#1160=DIRECTION('',(0.,0.,-1.));
#1161=DIRECTION('',(1.,1.22464679914735E-016,0.));
#1162=FACE_OUTER_BOUND('',#1163,.T.);
#1163=EDGE_LOOP('',(#1669));
#1164=FACE_OUTER_BOUND('',#1165,.T.);
#1165=EDGE_LOOP('',(#1670));
#1166=CYLINDRICAL_SURFACE('',#1167,2.4);
#1167=AXIS2_PLACEMENT_3D('',#1168,#1169,#1170);
#1168=CARTESIAN_POINT('',(-8.1,-20.2,-4.1));
#1169=DIRECTION('',(0.,0.,-1.));
#1170=DIRECTION('',(1.,1.22464679914735E-016,0.));
#1171=FACE_OUTER_BOUND('',#1172,.T.);
#1172=EDGE_LOOP('',(#1671));
#1173=FACE_OUTER_BOUND('',#1174,.T.);
#1174=EDGE_LOOP('',(#1672));
#1175=CYLINDRICAL_SURFACE('',#1176,2.4);
#1176=AXIS2_PLACEMENT_3D('',#1177,#1178,#1179);
#1177=CARTESIAN_POINT('',(-2.7,-20.2,-4.1));
#1178=DIRECTION('',(0.,0.,-1.));
#1179=DIRECTION('',(1.,1.22464679914735E-016,0.));
#1180=FACE_OUTER_BOUND('',#1181,.T.);
#1181=EDGE_LOOP('',(#1673));
#1182=FACE_OUTER_BOUND('',#1183,.T.);
#1183=EDGE_LOOP('',(#1674));
#1184=CYLINDRICAL_SURFACE('',#1185,2.4);
#1185=AXIS2_PLACEMENT_3D('',#1186,#1187,#1188);
#1186=CARTESIAN_POINT('',(-28.5,-2.7,-4.1));
#1187=DIRECTION('',(0.,0.,-1.));
#1188=DIRECTION('',(1.,1.22464679914735E-016,0.));
#1189=FACE_OUTER_BOUND('',#1190,.T.);
#1190=EDGE_LOOP('',(#1675));
#1191=FACE_OUTER_BOUND('',#1192,.T.);
#1192=EDGE_LOOP('',(#1676));
#1193=CYLINDRICAL_SURFACE('',#1194,2.4);
#1194=AXIS2_PLACEMENT_3D('',#1195,#1196,#1197);
#1195=CARTESIAN_POINT('',(-33.9,-2.7,-4.1));
#1196=DIRECTION('',(0.,0.,-1.));
#1197=DIRECTION('',(1.,1.22464679914735E-016,0.));
#1198=FACE_OUTER_BOUND('',#1199,.T.);
#1199=EDGE_LOOP('',(#1677));
#1200=FACE_OUTER_BOUND('',#1201,.T.);
#1201=EDGE_LOOP('',(#1678));
#1202=CYLINDRICAL_SURFACE('',#1203,2.4);
#1203=AXIS2_PLACEMENT_3D('',#1204,#1205,#1206);
#1204=CARTESIAN_POINT('',(-33.9,-20.2,-4.1));
#1205=DIRECTION('',(0.,0.,-1.));
#1206=DIRECTION('',(1.,1.22464679914735E-016,0.));
#1207=FACE_OUTER_BOUND('',#1208,.T.);
#1208=EDGE_LOOP('',(#1679));
#1209=FACE_OUTER_BOUND('',#1210,.T.);
#1210=EDGE_LOOP('',(#1680));
#1211=CYLINDRICAL_SURFACE('',#1212,2.4);
#1212=AXIS2_PLACEMENT_3D('',#1213,#1214,#1215);
#1213=CARTESIAN_POINT('',(-28.5,-20.2,-4.1));
#1214=DIRECTION('',(0.,0.,-1.));
#1215=DIRECTION('',(1.,1.22464679914735E-016,0.));
#1216=FACE_OUTER_BOUND('',#1217,.T.);
#1217=EDGE_LOOP('',(#1681));
#1218=FACE_OUTER_BOUND('',#1219,.T.);
#1219=EDGE_LOOP('',(#1682));
#1220=CYLINDRICAL_SURFACE('',#1221,4.4);
#1221=AXIS2_PLACEMENT_3D('',#1222,#1223,#1224);
#1222=CARTESIAN_POINT('',(-6.29998665485714,-9.90000052,-3.6));
#1223=DIRECTION('',(0.,0.,-1.));
#1224=DIRECTION('',(-1.,0.,0.));
#1225=FACE_OUTER_BOUND('',#1226,.T.);
#1226=EDGE_LOOP('',(#1683));
#1227=FACE_OUTER_BOUND('',#1228,.T.);
#1228=EDGE_LOOP('',(#1684));
#1229=CYLINDRICAL_SURFACE('',#1230,4.4);
#1230=AXIS2_PLACEMENT_3D('',#1231,#1232,#1233);
#1231=CARTESIAN_POINT('',(-30.2999800184711,-9.90000052,-3.6));
#1232=DIRECTION('',(0.,0.,-1.));
#1233=DIRECTION('',(-1.,0.,0.));
#1234=FACE_OUTER_BOUND('',#1235,.T.);
#1235=EDGE_LOOP('',(#1685));
#1236=FACE_OUTER_BOUND('',#1237,.T.);
#1237=EDGE_LOOP('',(#1686));
#1238=CYLINDRICAL_SURFACE('',#1239,1.35);
#1239=AXIS2_PLACEMENT_3D('',#1240,#1241,#1242);
#1240=CARTESIAN_POINT('',(-2.70000000000001,-2.7,0.));
#1241=DIRECTION('',(0.,0.,-1.));
#1242=DIRECTION('',(1.,1.22464679914735E-016,0.));
#1243=FACE_OUTER_BOUND('',#1244,.T.);
#1244=EDGE_LOOP('',(#1687));
#1245=FACE_OUTER_BOUND('',#1246,.T.);
#1246=EDGE_LOOP('',(#1688));
#1247=CYLINDRICAL_SURFACE('',#1248,1.35);
#1248=AXIS2_PLACEMENT_3D('',#1249,#1250,#1251);
#1249=CARTESIAN_POINT('',(-33.9,-2.7,0.));
#1250=DIRECTION('',(0.,0.,-1.));
#1251=DIRECTION('',(1.,1.22464679914735E-016,0.));
#1252=FACE_OUTER_BOUND('',#1253,.T.);
#1253=EDGE_LOOP('',(#1689));
#1254=FACE_OUTER_BOUND('',#1255,.T.);
#1255=EDGE_LOOP('',(#1690));
#1256=CYLINDRICAL_SURFACE('',#1257,1.35);
#1257=AXIS2_PLACEMENT_3D('',#1258,#1259,#1260);
#1258=CARTESIAN_POINT('',(-2.7,-20.2,0.));
#1259=DIRECTION('',(0.,0.,-1.));
#1260=DIRECTION('',(1.,1.22464679914735E-016,0.));
#1261=FACE_OUTER_BOUND('',#1262,.T.);
#1262=EDGE_LOOP('',(#1691));
#1263=FACE_OUTER_BOUND('',#1264,.T.);
#1264=EDGE_LOOP('',(#1692));
#1265=CYLINDRICAL_SURFACE('',#1266,1.35);
#1266=AXIS2_PLACEMENT_3D('',#1267,#1268,#1269);
#1267=CARTESIAN_POINT('',(-33.9,-20.2,0.));
#1268=DIRECTION('',(0.,0.,-1.));
#1269=DIRECTION('',(1.,1.22464679914735E-016,0.));
#1270=FACE_BOUND('',#1271,.T.);
#1271=EDGE_LOOP('',(#1693,#1694,#1695,#1696,#1697,#1698,#1699,#1700));
#1272=FACE_BOUND('',#1273,.T.);
#1273=EDGE_LOOP('',(#1701));
#1274=PLANE('',#1275);
#1275=AXIS2_PLACEMENT_3D('',#1276,#1277,#1278);
#1276=CARTESIAN_POINT('',(0.,0.,-2.35));
#1277=DIRECTION('',(0.,0.,1.));
#1278=DIRECTION('',(-1.,1.22464679914735E-016,0.));
#1279=FACE_BOUND('',#1280,.T.);
#1280=EDGE_LOOP('',(#1702,#1703,#1704,#1705,#1706,#1707,#1708,#1709));
#1281=FACE_BOUND('',#1282,.T.);
#1282=EDGE_LOOP('',(#1710));
#1283=PLANE('',#1284);
#1284=AXIS2_PLACEMENT_3D('',#1285,#1286,#1287);
#1285=CARTESIAN_POINT('',(0.,0.,-2.35));
#1286=DIRECTION('',(0.,0.,1.));
#1287=DIRECTION('',(-1.,1.22464679914735E-016,0.));
#1288=FACE_BOUND('',#1289,.T.);
#1289=EDGE_LOOP('',(#1711,#1712,#1713,#1714,#1715,#1716,#1717,#1718));
#1290=PLANE('',#1291);
#1291=AXIS2_PLACEMENT_3D('',#1292,#1293,#1294);
#1292=CARTESIAN_POINT('',(0.,0.,-2.35));
#1293=DIRECTION('',(0.,0.,1.));
#1294=DIRECTION('',(-1.,1.22464679914735E-016,0.));
#1295=FACE_OUTER_BOUND('',#1296,.T.);
#1296=EDGE_LOOP('',(#1719));
#1297=FACE_OUTER_BOUND('',#1298,.T.);
#1298=EDGE_LOOP('',(#1720));
#1299=CYLINDRICAL_SURFACE('',#1300,1.35);
#1300=AXIS2_PLACEMENT_3D('',#1301,#1302,#1303);
#1301=CARTESIAN_POINT('',(-28.5,-20.2,0.));
#1302=DIRECTION('',(0.,0.,-1.));
#1303=DIRECTION('',(1.,1.22464679914735E-016,0.));
#1304=FACE_OUTER_BOUND('',#1305,.T.);
#1305=EDGE_LOOP('',(#1721));
#1306=FACE_OUTER_BOUND('',#1307,.T.);
#1307=EDGE_LOOP('',(#1722));
#1308=CYLINDRICAL_SURFACE('',#1309,1.35);
#1309=AXIS2_PLACEMENT_3D('',#1310,#1311,#1312);
#1310=CARTESIAN_POINT('',(-28.5,-2.7,0.));
#1311=DIRECTION('',(0.,0.,-1.));
#1312=DIRECTION('',(1.,1.22464679914735E-016,0.));
#1313=FACE_OUTER_BOUND('',#1314,.T.);
#1314=EDGE_LOOP('',(#1723));
#1315=FACE_OUTER_BOUND('',#1316,.T.);
#1316=EDGE_LOOP('',(#1724));
#1317=CYLINDRICAL_SURFACE('',#1318,1.35);
#1318=AXIS2_PLACEMENT_3D('',#1319,#1320,#1321);
#1319=CARTESIAN_POINT('',(-8.1,-20.2,0.));
#1320=DIRECTION('',(0.,0.,-1.));
#1321=DIRECTION('',(1.,1.22464679914735E-016,0.));
#1322=FACE_OUTER_BOUND('',#1323,.T.);
#1323=EDGE_LOOP('',(#1725));
#1324=FACE_OUTER_BOUND('',#1325,.T.);
#1325=EDGE_LOOP('',(#1726));
#1326=CYLINDRICAL_SURFACE('',#1327,1.35);
#1327=AXIS2_PLACEMENT_3D('',#1328,#1329,#1330);
#1328=CARTESIAN_POINT('',(-8.10000000000001,-2.7,0.));
#1329=DIRECTION('',(0.,0.,-1.));
#1330=DIRECTION('',(1.,1.22464679914735E-016,0.));
#1331=FACE_OUTER_BOUND('',#1332,.T.);
#1332=EDGE_LOOP('',(#1727));
#1333=FACE_OUTER_BOUND('',#1334,.T.);
#1334=EDGE_LOOP('',(#1728));
#1335=CONICAL_SURFACE('',#1336,1.875,0.785398163397448);
#1336=AXIS2_PLACEMENT_3D('',#1337,#1338,#1339);
#1337=CARTESIAN_POINT('',(-2.70000000000001,-2.7,-3.525));
#1338=DIRECTION('',(0.,0.,-1.));
#1339=DIRECTION('',(1.,2.3373116307898E-016,0.));
#1340=FACE_OUTER_BOUND('',#1341,.T.);
#1341=EDGE_LOOP('',(#1729));
#1342=FACE_OUTER_BOUND('',#1343,.T.);
#1343=EDGE_LOOP('',(#1730));
#1344=CONICAL_SURFACE('',#1345,1.875,0.785398163397448);
#1345=AXIS2_PLACEMENT_3D('',#1346,#1347,#1348);
#1346=CARTESIAN_POINT('',(-8.10000000000001,-2.7,-3.525));
#1347=DIRECTION('',(0.,0.,-1.));
#1348=DIRECTION('',(1.,0.,0.));
#1349=FACE_OUTER_BOUND('',#1350,.T.);
#1350=EDGE_LOOP('',(#1731));
#1351=FACE_OUTER_BOUND('',#1352,.T.);
#1352=EDGE_LOOP('',(#1732));
#1353=CONICAL_SURFACE('',#1354,1.875,0.785398163397448);
#1354=AXIS2_PLACEMENT_3D('',#1355,#1356,#1357);
#1355=CARTESIAN_POINT('',(-8.1,-20.2,-3.525));
#1356=DIRECTION('',(0.,0.,-1.));
#1357=DIRECTION('',(1.,0.,0.));
#1358=FACE_OUTER_BOUND('',#1359,.T.);
#1359=EDGE_LOOP('',(#1733));
#1360=FACE_OUTER_BOUND('',#1361,.T.);
#1361=EDGE_LOOP('',(#1734));
#1362=CONICAL_SURFACE('',#1363,1.875,0.785398163397448);
#1363=AXIS2_PLACEMENT_3D('',#1364,#1365,#1366);
#1364=CARTESIAN_POINT('',(-2.7,-20.2,-3.525));
#1365=DIRECTION('',(0.,0.,-1.));
#1366=DIRECTION('',(1.,0.,0.));
#1367=FACE_OUTER_BOUND('',#1368,.T.);
#1368=EDGE_LOOP('',(#1735));
#1369=FACE_OUTER_BOUND('',#1370,.T.);
#1370=EDGE_LOOP('',(#1736));
#1371=CONICAL_SURFACE('',#1372,1.875,0.785398163397449);
#1372=AXIS2_PLACEMENT_3D('',#1373,#1374,#1375);
#1373=CARTESIAN_POINT('',(-28.5,-2.7,-3.525));
#1374=DIRECTION('',(0.,0.,-1.));
#1375=DIRECTION('',(1.,0.,0.));
#1376=FACE_OUTER_BOUND('',#1377,.T.);
#1377=EDGE_LOOP('',(#1737));
#1378=FACE_OUTER_BOUND('',#1379,.T.);
#1379=EDGE_LOOP('',(#1738));
#1380=CONICAL_SURFACE('',#1381,1.875,0.785398163397449);
#1381=AXIS2_PLACEMENT_3D('',#1382,#1383,#1384);
#1382=CARTESIAN_POINT('',(-33.9,-2.7,-3.525));
#1383=DIRECTION('',(0.,0.,-1.));
#1384=DIRECTION('',(1.,0.,0.));
#1385=FACE_OUTER_BOUND('',#1386,.T.);
#1386=EDGE_LOOP('',(#1739));
#1387=FACE_OUTER_BOUND('',#1388,.T.);
#1388=EDGE_LOOP('',(#1740));
#1389=CONICAL_SURFACE('',#1390,1.875,0.785398163397449);
#1390=AXIS2_PLACEMENT_3D('',#1391,#1392,#1393);
#1391=CARTESIAN_POINT('',(-33.9,-20.2,-3.525));
#1392=DIRECTION('',(0.,0.,-1.));
#1393=DIRECTION('',(1.,0.,0.));
#1394=FACE_OUTER_BOUND('',#1395,.T.);
#1395=EDGE_LOOP('',(#1741));
#1396=FACE_OUTER_BOUND('',#1397,.T.);
#1397=EDGE_LOOP('',(#1742));
#1398=CONICAL_SURFACE('',#1399,1.875,0.785398163397449);
#1399=AXIS2_PLACEMENT_3D('',#1400,#1401,#1402);
#1400=CARTESIAN_POINT('',(-28.5,-20.2,-3.525));
#1401=DIRECTION('',(0.,0.,-1.));
#1402=DIRECTION('',(1.,0.,0.));
#1403=FACE_BOUND('',#1404,.T.);
#1404=EDGE_LOOP('',(#1743));
#1405=FACE_BOUND('',#1406,.T.);
#1406=EDGE_LOOP('',(#1744));
#1407=PLANE('',#1408);
#1408=AXIS2_PLACEMENT_3D('',#1409,#1410,#1411);
#1409=CARTESIAN_POINT('',(0.,0.,-3.6));
#1410=DIRECTION('',(-0.,0.,-1.));
#1411=DIRECTION('',(-1.,0.,0.));
#1412=FACE_BOUND('',#1413,.T.);
#1413=EDGE_LOOP('',(#1745));
#1414=FACE_BOUND('',#1415,.T.);
#1415=EDGE_LOOP('',(#1746));
#1416=PLANE('',#1417);
#1417=AXIS2_PLACEMENT_3D('',#1418,#1419,#1420);
#1418=CARTESIAN_POINT('',(0.,0.,-3.6));
#1419=DIRECTION('',(-0.,0.,-1.));
#1420=DIRECTION('',(-1.,0.,0.));
#1421=FACE_OUTER_BOUND('',#1422,.T.);
#1422=EDGE_LOOP('',(#1747));
#1423=FACE_OUTER_BOUND('',#1424,.T.);
#1424=EDGE_LOOP('',(#1748));
#1425=CYLINDRICAL_SURFACE('',#1426,3.5);
#1426=AXIS2_PLACEMENT_3D('',#1427,#1428,#1429);
#1427=CARTESIAN_POINT('',(-30.2999800184711,-9.90000052,-4.6));
#1428=DIRECTION('',(0.,0.,1.));
#1429=DIRECTION('',(-1.,1.22464679914735E-016,0.));
#1430=FACE_OUTER_BOUND('',#1431,.T.);
#1431=EDGE_LOOP('',(#1749));
#1432=FACE_OUTER_BOUND('',#1433,.T.);
#1433=EDGE_LOOP('',(#1750));
#1434=CYLINDRICAL_SURFACE('',#1435,3.5);
#1435=AXIS2_PLACEMENT_3D('',#1436,#1437,#1438);
#1436=CARTESIAN_POINT('',(-6.29998665485714,-9.90000052,-4.6));
#1437=DIRECTION('',(0.,0.,1.));
#1438=DIRECTION('',(-1.,1.22464679914735E-016,0.));
#1439=ORIENTED_EDGE('',*,*,#1751,.F.);
#1440=ORIENTED_EDGE('',*,*,#1752,.F.);
#1441=ORIENTED_EDGE('',*,*,#1753,.F.);
#1442=ORIENTED_EDGE('',*,*,#1754,.F.);
#1443=ORIENTED_EDGE('',*,*,#1755,.F.);
#1444=ORIENTED_EDGE('',*,*,#1756,.T.);
#1445=ORIENTED_EDGE('',*,*,#1757,.T.);
#1446=ORIENTED_EDGE('',*,*,#1758,.F.);
#1447=ORIENTED_EDGE('',*,*,#1759,.F.);
#1448=ORIENTED_EDGE('',*,*,#1760,.F.);
#1449=ORIENTED_EDGE('',*,*,#1761,.T.);
#1450=ORIENTED_EDGE('',*,*,#1762,.T.);
#1451=ORIENTED_EDGE('',*,*,#1763,.T.);
#1452=ORIENTED_EDGE('',*,*,#1761,.F.);
#1453=ORIENTED_EDGE('',*,*,#1764,.F.);
#1454=ORIENTED_EDGE('',*,*,#1754,.T.);
#1455=ORIENTED_EDGE('',*,*,#1765,.T.);
#1456=ORIENTED_EDGE('',*,*,#1751,.T.);
#1457=ORIENTED_EDGE('',*,*,#1766,.T.);
#1458=ORIENTED_EDGE('',*,*,#1767,.T.);
#1459=ORIENTED_EDGE('',*,*,#1768,.T.);
#1460=ORIENTED_EDGE('',*,*,#1769,.T.);
#1461=ORIENTED_EDGE('',*,*,#1770,.T.);
#1462=ORIENTED_EDGE('',*,*,#1771,.T.);
#1463=ORIENTED_EDGE('',*,*,#1772,.T.);
#1464=ORIENTED_EDGE('',*,*,#1758,.T.);
#1465=ORIENTED_EDGE('',*,*,#1773,.T.);
#1466=ORIENTED_EDGE('',*,*,#1774,.T.);
#1467=ORIENTED_EDGE('',*,*,#1775,.T.);
#1468=ORIENTED_EDGE('',*,*,#1776,.T.);
#1469=ORIENTED_EDGE('',*,*,#1777,.T.);
#1470=ORIENTED_EDGE('',*,*,#1778,.T.);
#1471=ORIENTED_EDGE('',*,*,#1779,.T.);
#1472=ORIENTED_EDGE('',*,*,#1780,.T.);
#1473=ORIENTED_EDGE('',*,*,#1781,.T.);
#1474=ORIENTED_EDGE('',*,*,#1782,.T.);
#1475=ORIENTED_EDGE('',*,*,#1783,.T.);
#1476=ORIENTED_EDGE('',*,*,#1784,.T.);
#1477=ORIENTED_EDGE('',*,*,#1785,.T.);
#1478=ORIENTED_EDGE('',*,*,#1786,.T.);
#1479=ORIENTED_EDGE('',*,*,#1787,.T.);
#1480=ORIENTED_EDGE('',*,*,#1788,.T.);
#1481=ORIENTED_EDGE('',*,*,#1789,.T.);
#1482=ORIENTED_EDGE('',*,*,#1790,.T.);
#1483=ORIENTED_EDGE('',*,*,#1791,.T.);
#1484=ORIENTED_EDGE('',*,*,#1792,.T.);
#1485=ORIENTED_EDGE('',*,*,#1793,.T.);
#1486=ORIENTED_EDGE('',*,*,#1794,.T.);
#1487=ORIENTED_EDGE('',*,*,#1795,.T.);
#1488=ORIENTED_EDGE('',*,*,#1796,.T.);
#1489=ORIENTED_EDGE('',*,*,#1797,.T.);
#1490=ORIENTED_EDGE('',*,*,#1798,.T.);
#1491=ORIENTED_EDGE('',*,*,#1799,.T.);
#1492=ORIENTED_EDGE('',*,*,#1800,.T.);
#1493=ORIENTED_EDGE('',*,*,#1801,.T.);
#1494=ORIENTED_EDGE('',*,*,#1802,.T.);
#1495=ORIENTED_EDGE('',*,*,#1803,.T.);
#1496=ORIENTED_EDGE('',*,*,#1804,.T.);
#1497=ORIENTED_EDGE('',*,*,#1763,.F.);
#1498=ORIENTED_EDGE('',*,*,#1753,.T.);
#1499=ORIENTED_EDGE('',*,*,#1805,.T.);
#1500=ORIENTED_EDGE('',*,*,#1762,.F.);
#1501=ORIENTED_EDGE('',*,*,#1765,.F.);
#1502=ORIENTED_EDGE('',*,*,#1757,.F.);
#1503=ORIENTED_EDGE('',*,*,#1805,.F.);
#1504=ORIENTED_EDGE('',*,*,#1752,.T.);
#1505=ORIENTED_EDGE('',*,*,#1764,.T.);
#1506=ORIENTED_EDGE('',*,*,#1760,.T.);
#1507=ORIENTED_EDGE('',*,*,#1806,.F.);
#1508=ORIENTED_EDGE('',*,*,#1807,.F.);
#1509=ORIENTED_EDGE('',*,*,#1808,.F.);
#1510=ORIENTED_EDGE('',*,*,#1809,.F.);
#1511=ORIENTED_EDGE('',*,*,#1810,.F.);
#1512=ORIENTED_EDGE('',*,*,#1811,.T.);
#1513=ORIENTED_EDGE('',*,*,#1812,.T.);
#1514=ORIENTED_EDGE('',*,*,#1755,.T.);
#1515=ORIENTED_EDGE('',*,*,#1813,.T.);
#1516=ORIENTED_EDGE('',*,*,#1814,.T.);
#1517=ORIENTED_EDGE('',*,*,#1815,.T.);
#1518=ORIENTED_EDGE('',*,*,#1816,.T.);
#1519=ORIENTED_EDGE('',*,*,#1817,.T.);
#1520=ORIENTED_EDGE('',*,*,#1818,.T.);
#1521=ORIENTED_EDGE('',*,*,#1819,.T.);
#1522=ORIENTED_EDGE('',*,*,#1820,.T.);
#1523=ORIENTED_EDGE('',*,*,#1821,.T.);
#1524=ORIENTED_EDGE('',*,*,#1822,.T.);
#1525=ORIENTED_EDGE('',*,*,#1766,.F.);
#1526=ORIENTED_EDGE('',*,*,#1756,.F.);
#1527=ORIENTED_EDGE('',*,*,#1812,.F.);
#1528=ORIENTED_EDGE('',*,*,#1823,.T.);
#1529=ORIENTED_EDGE('',*,*,#1759,.T.);
#1530=ORIENTED_EDGE('',*,*,#1772,.F.);
#1531=ORIENTED_EDGE('',*,*,#1824,.F.);
#1532=ORIENTED_EDGE('',*,*,#1806,.T.);
#1533=ORIENTED_EDGE('',*,*,#1767,.F.);
#1534=ORIENTED_EDGE('',*,*,#1823,.F.);
#1535=ORIENTED_EDGE('',*,*,#1811,.F.);
#1536=ORIENTED_EDGE('',*,*,#1825,.F.);
#1537=ORIENTED_EDGE('',*,*,#1825,.T.);
#1538=ORIENTED_EDGE('',*,*,#1810,.T.);
#1539=ORIENTED_EDGE('',*,*,#1826,.T.);
#1540=ORIENTED_EDGE('',*,*,#1768,.F.);
#1541=ORIENTED_EDGE('',*,*,#1809,.T.);
#1542=ORIENTED_EDGE('',*,*,#1827,.T.);
#1543=ORIENTED_EDGE('',*,*,#1769,.F.);
#1544=ORIENTED_EDGE('',*,*,#1826,.F.);
#1545=ORIENTED_EDGE('',*,*,#1808,.T.);
#1546=ORIENTED_EDGE('',*,*,#1828,.T.);
#1547=ORIENTED_EDGE('',*,*,#1770,.F.);
#1548=ORIENTED_EDGE('',*,*,#1827,.F.);
#1549=ORIENTED_EDGE('',*,*,#1807,.T.);
#1550=ORIENTED_EDGE('',*,*,#1824,.T.);
#1551=ORIENTED_EDGE('',*,*,#1771,.F.);
#1552=ORIENTED_EDGE('',*,*,#1828,.F.);
#1553=ORIENTED_EDGE('',*,*,#1773,.F.);
#1554=ORIENTED_EDGE('',*,*,#1829,.T.);
#1555=ORIENTED_EDGE('',*,*,#1774,.F.);
#1556=ORIENTED_EDGE('',*,*,#1830,.T.);
#1557=ORIENTED_EDGE('',*,*,#1775,.F.);
#1558=ORIENTED_EDGE('',*,*,#1831,.T.);
#1559=ORIENTED_EDGE('',*,*,#1776,.F.);
#1560=ORIENTED_EDGE('',*,*,#1832,.T.);
#1561=ORIENTED_EDGE('',*,*,#1777,.F.);
#1562=ORIENTED_EDGE('',*,*,#1833,.F.);
#1563=ORIENTED_EDGE('',*,*,#1834,.F.);
#1564=ORIENTED_EDGE('',*,*,#1835,.T.);
#1565=ORIENTED_EDGE('',*,*,#1778,.F.);
#1566=ORIENTED_EDGE('',*,*,#1835,.F.);
#1567=ORIENTED_EDGE('',*,*,#1836,.F.);
#1568=ORIENTED_EDGE('',*,*,#1837,.T.);
#1569=ORIENTED_EDGE('',*,*,#1779,.F.);
#1570=ORIENTED_EDGE('',*,*,#1837,.F.);
#1571=ORIENTED_EDGE('',*,*,#1838,.F.);
#1572=ORIENTED_EDGE('',*,*,#1839,.T.);
#1573=ORIENTED_EDGE('',*,*,#1780,.F.);
#1574=ORIENTED_EDGE('',*,*,#1839,.F.);
#1575=ORIENTED_EDGE('',*,*,#1840,.F.);
#1576=ORIENTED_EDGE('',*,*,#1841,.T.);
#1577=ORIENTED_EDGE('',*,*,#1781,.F.);
#1578=ORIENTED_EDGE('',*,*,#1841,.F.);
#1579=ORIENTED_EDGE('',*,*,#1842,.F.);
#1580=ORIENTED_EDGE('',*,*,#1843,.T.);
#1581=ORIENTED_EDGE('',*,*,#1782,.F.);
#1582=ORIENTED_EDGE('',*,*,#1843,.F.);
#1583=ORIENTED_EDGE('',*,*,#1844,.F.);
#1584=ORIENTED_EDGE('',*,*,#1845,.T.);
#1585=ORIENTED_EDGE('',*,*,#1783,.F.);
#1586=ORIENTED_EDGE('',*,*,#1845,.F.);
#1587=ORIENTED_EDGE('',*,*,#1846,.F.);
#1588=ORIENTED_EDGE('',*,*,#1847,.T.);
#1589=ORIENTED_EDGE('',*,*,#1784,.F.);
#1590=ORIENTED_EDGE('',*,*,#1847,.F.);
#1591=ORIENTED_EDGE('',*,*,#1848,.F.);
#1592=ORIENTED_EDGE('',*,*,#1833,.T.);
#1593=ORIENTED_EDGE('',*,*,#1785,.F.);
#1594=ORIENTED_EDGE('',*,*,#1849,.F.);
#1595=ORIENTED_EDGE('',*,*,#1850,.F.);
#1596=ORIENTED_EDGE('',*,*,#1851,.T.);
#1597=ORIENTED_EDGE('',*,*,#1786,.F.);
#1598=ORIENTED_EDGE('',*,*,#1851,.F.);
#1599=ORIENTED_EDGE('',*,*,#1852,.F.);
#1600=ORIENTED_EDGE('',*,*,#1853,.T.);
#1601=ORIENTED_EDGE('',*,*,#1787,.F.);
#1602=ORIENTED_EDGE('',*,*,#1853,.F.);
#1603=ORIENTED_EDGE('',*,*,#1854,.F.);
#1604=ORIENTED_EDGE('',*,*,#1855,.T.);
#1605=ORIENTED_EDGE('',*,*,#1788,.F.);
#1606=ORIENTED_EDGE('',*,*,#1855,.F.);
#1607=ORIENTED_EDGE('',*,*,#1856,.F.);
#1608=ORIENTED_EDGE('',*,*,#1857,.T.);
#1609=ORIENTED_EDGE('',*,*,#1789,.F.);
#1610=ORIENTED_EDGE('',*,*,#1857,.F.);
#1611=ORIENTED_EDGE('',*,*,#1858,.F.);
#1612=ORIENTED_EDGE('',*,*,#1859,.T.);
#1613=ORIENTED_EDGE('',*,*,#1790,.F.);
#1614=ORIENTED_EDGE('',*,*,#1859,.F.);
#1615=ORIENTED_EDGE('',*,*,#1860,.F.);
#1616=ORIENTED_EDGE('',*,*,#1861,.T.);
#1617=ORIENTED_EDGE('',*,*,#1791,.F.);
#1618=ORIENTED_EDGE('',*,*,#1861,.F.);
#1619=ORIENTED_EDGE('',*,*,#1862,.F.);
#1620=ORIENTED_EDGE('',*,*,#1863,.T.);
#1621=ORIENTED_EDGE('',*,*,#1792,.F.);
#1622=ORIENTED_EDGE('',*,*,#1863,.F.);
#1623=ORIENTED_EDGE('',*,*,#1864,.F.);
#1624=ORIENTED_EDGE('',*,*,#1849,.T.);
#1625=ORIENTED_EDGE('',*,*,#1793,.F.);
#1626=ORIENTED_EDGE('',*,*,#1865,.F.);
#1627=ORIENTED_EDGE('',*,*,#1866,.F.);
#1628=ORIENTED_EDGE('',*,*,#1867,.T.);
#1629=ORIENTED_EDGE('',*,*,#1794,.F.);
#1630=ORIENTED_EDGE('',*,*,#1867,.F.);
#1631=ORIENTED_EDGE('',*,*,#1868,.F.);
#1632=ORIENTED_EDGE('',*,*,#1869,.T.);
#1633=ORIENTED_EDGE('',*,*,#1795,.F.);
#1634=ORIENTED_EDGE('',*,*,#1869,.F.);
#1635=ORIENTED_EDGE('',*,*,#1870,.F.);
#1636=ORIENTED_EDGE('',*,*,#1871,.T.);
#1637=ORIENTED_EDGE('',*,*,#1796,.F.);
#1638=ORIENTED_EDGE('',*,*,#1871,.F.);
#1639=ORIENTED_EDGE('',*,*,#1872,.F.);
#1640=ORIENTED_EDGE('',*,*,#1873,.T.);
#1641=ORIENTED_EDGE('',*,*,#1797,.F.);
#1642=ORIENTED_EDGE('',*,*,#1873,.F.);
#1643=ORIENTED_EDGE('',*,*,#1874,.F.);
#1644=ORIENTED_EDGE('',*,*,#1875,.T.);
#1645=ORIENTED_EDGE('',*,*,#1798,.F.);
#1646=ORIENTED_EDGE('',*,*,#1875,.F.);
#1647=ORIENTED_EDGE('',*,*,#1876,.F.);
#1648=ORIENTED_EDGE('',*,*,#1877,.T.);
#1649=ORIENTED_EDGE('',*,*,#1799,.F.);
#1650=ORIENTED_EDGE('',*,*,#1877,.F.);
#1651=ORIENTED_EDGE('',*,*,#1878,.F.);
#1652=ORIENTED_EDGE('',*,*,#1879,.T.);
#1653=ORIENTED_EDGE('',*,*,#1800,.F.);
#1654=ORIENTED_EDGE('',*,*,#1879,.F.);
#1655=ORIENTED_EDGE('',*,*,#1880,.F.);
#1656=ORIENTED_EDGE('',*,*,#1865,.T.);
#1657=ORIENTED_EDGE('',*,*,#1801,.F.);
#1658=ORIENTED_EDGE('',*,*,#1881,.T.);
#1659=ORIENTED_EDGE('',*,*,#1802,.F.);
#1660=ORIENTED_EDGE('',*,*,#1882,.T.);
#1661=ORIENTED_EDGE('',*,*,#1803,.F.);
#1662=ORIENTED_EDGE('',*,*,#1883,.T.);
#1663=ORIENTED_EDGE('',*,*,#1804,.F.);
#1664=ORIENTED_EDGE('',*,*,#1884,.T.);
#1665=ORIENTED_EDGE('',*,*,#1885,.F.);
#1666=ORIENTED_EDGE('',*,*,#1813,.F.);
#1667=ORIENTED_EDGE('',*,*,#1886,.F.);
#1668=ORIENTED_EDGE('',*,*,#1814,.F.);
#1669=ORIENTED_EDGE('',*,*,#1887,.F.);
#1670=ORIENTED_EDGE('',*,*,#1815,.F.);
#1671=ORIENTED_EDGE('',*,*,#1888,.F.);
#1672=ORIENTED_EDGE('',*,*,#1816,.F.);
#1673=ORIENTED_EDGE('',*,*,#1889,.F.);
#1674=ORIENTED_EDGE('',*,*,#1817,.F.);
#1675=ORIENTED_EDGE('',*,*,#1890,.F.);
#1676=ORIENTED_EDGE('',*,*,#1818,.F.);
#1677=ORIENTED_EDGE('',*,*,#1891,.F.);
#1678=ORIENTED_EDGE('',*,*,#1819,.F.);
#1679=ORIENTED_EDGE('',*,*,#1892,.F.);
#1680=ORIENTED_EDGE('',*,*,#1820,.F.);
#1681=ORIENTED_EDGE('',*,*,#1893,.F.);
#1682=ORIENTED_EDGE('',*,*,#1821,.F.);
#1683=ORIENTED_EDGE('',*,*,#1894,.F.);
#1684=ORIENTED_EDGE('',*,*,#1822,.F.);
#1685=ORIENTED_EDGE('',*,*,#1829,.F.);
#1686=ORIENTED_EDGE('',*,*,#1895,.T.);
#1687=ORIENTED_EDGE('',*,*,#1830,.F.);
#1688=ORIENTED_EDGE('',*,*,#1896,.T.);
#1689=ORIENTED_EDGE('',*,*,#1831,.F.);
#1690=ORIENTED_EDGE('',*,*,#1897,.T.);
#1691=ORIENTED_EDGE('',*,*,#1832,.F.);
#1692=ORIENTED_EDGE('',*,*,#1898,.T.);
#1693=ORIENTED_EDGE('',*,*,#1834,.T.);
#1694=ORIENTED_EDGE('',*,*,#1848,.T.);
#1695=ORIENTED_EDGE('',*,*,#1846,.T.);
#1696=ORIENTED_EDGE('',*,*,#1844,.T.);
#1697=ORIENTED_EDGE('',*,*,#1842,.T.);
#1698=ORIENTED_EDGE('',*,*,#1840,.T.);
#1699=ORIENTED_EDGE('',*,*,#1838,.T.);
#1700=ORIENTED_EDGE('',*,*,#1836,.T.);
#1701=ORIENTED_EDGE('',*,*,#1899,.T.);
#1702=ORIENTED_EDGE('',*,*,#1850,.T.);
#1703=ORIENTED_EDGE('',*,*,#1864,.T.);
#1704=ORIENTED_EDGE('',*,*,#1862,.T.);
#1705=ORIENTED_EDGE('',*,*,#1860,.T.);
#1706=ORIENTED_EDGE('',*,*,#1858,.T.);
#1707=ORIENTED_EDGE('',*,*,#1856,.T.);
#1708=ORIENTED_EDGE('',*,*,#1854,.T.);
#1709=ORIENTED_EDGE('',*,*,#1852,.T.);
#1710=ORIENTED_EDGE('',*,*,#1900,.T.);
#1711=ORIENTED_EDGE('',*,*,#1866,.T.);
#1712=ORIENTED_EDGE('',*,*,#1880,.T.);
#1713=ORIENTED_EDGE('',*,*,#1878,.T.);
#1714=ORIENTED_EDGE('',*,*,#1876,.T.);
#1715=ORIENTED_EDGE('',*,*,#1874,.T.);
#1716=ORIENTED_EDGE('',*,*,#1872,.T.);
#1717=ORIENTED_EDGE('',*,*,#1870,.T.);
#1718=ORIENTED_EDGE('',*,*,#1868,.T.);
#1719=ORIENTED_EDGE('',*,*,#1881,.F.);
#1720=ORIENTED_EDGE('',*,*,#1901,.T.);
#1721=ORIENTED_EDGE('',*,*,#1882,.F.);
#1722=ORIENTED_EDGE('',*,*,#1902,.T.);
#1723=ORIENTED_EDGE('',*,*,#1883,.F.);
#1724=ORIENTED_EDGE('',*,*,#1903,.T.);
#1725=ORIENTED_EDGE('',*,*,#1884,.F.);
#1726=ORIENTED_EDGE('',*,*,#1904,.T.);
#1727=ORIENTED_EDGE('',*,*,#1885,.T.);
#1728=ORIENTED_EDGE('',*,*,#1895,.F.);
#1729=ORIENTED_EDGE('',*,*,#1886,.T.);
#1730=ORIENTED_EDGE('',*,*,#1904,.F.);
#1731=ORIENTED_EDGE('',*,*,#1887,.T.);
#1732=ORIENTED_EDGE('',*,*,#1903,.F.);
#1733=ORIENTED_EDGE('',*,*,#1888,.T.);
#1734=ORIENTED_EDGE('',*,*,#1897,.F.);
#1735=ORIENTED_EDGE('',*,*,#1889,.T.);
#1736=ORIENTED_EDGE('',*,*,#1902,.F.);
#1737=ORIENTED_EDGE('',*,*,#1890,.T.);
#1738=ORIENTED_EDGE('',*,*,#1896,.F.);
#1739=ORIENTED_EDGE('',*,*,#1891,.T.);
#1740=ORIENTED_EDGE('',*,*,#1898,.F.);
#1741=ORIENTED_EDGE('',*,*,#1892,.T.);
#1742=ORIENTED_EDGE('',*,*,#1901,.F.);
#1743=ORIENTED_EDGE('',*,*,#1893,.T.);
#1744=ORIENTED_EDGE('',*,*,#1905,.F.);
#1745=ORIENTED_EDGE('',*,*,#1894,.T.);
#1746=ORIENTED_EDGE('',*,*,#1906,.F.);
#1747=ORIENTED_EDGE('',*,*,#1899,.F.);
#1748=ORIENTED_EDGE('',*,*,#1906,.T.);
#1749=ORIENTED_EDGE('',*,*,#1900,.F.);
#1750=ORIENTED_EDGE('',*,*,#1905,.T.);
#1751=EDGE_CURVE('',#1907,#1908,#1909,.F.);
#1752=EDGE_CURVE('',#1910,#1907,#1911,.T.);
#1753=EDGE_CURVE('',#1912,#1910,#1913,.T.);
#1754=EDGE_CURVE('',#1914,#1912,#1915,.T.);
#1755=EDGE_CURVE('',#1916,#1914,#1917,.T.);
#1756=EDGE_CURVE('',#1916,#1908,#1918,.T.);
#1757=EDGE_CURVE('',#1919,#1920,#1921,.T.);
#1758=EDGE_CURVE('',#1922,#1920,#1923,.F.);
#1759=EDGE_CURVE('',#1924,#1922,#1925,.F.);
#1760=EDGE_CURVE('',#1926,#1924,#1927,.T.);
#1761=EDGE_CURVE('',#1926,#1928,#1929,.T.);
#1762=EDGE_CURVE('',#1928,#1919,#1930,.F.);
#1763=EDGE_CURVE('',#1912,#1928,#1931,.T.);
#1764=EDGE_CURVE('',#1914,#1926,#1932,.T.);
#1765=EDGE_CURVE('',#1920,#1907,#1933,.F.);
#1766=EDGE_CURVE('',#1908,#1934,#1935,.F.);
#1767=EDGE_CURVE('',#1934,#1936,#1937,.F.);
#1768=EDGE_CURVE('',#1936,#1938,#1939,.T.);
#1769=EDGE_CURVE('',#1938,#1940,#1941,.T.);
#1770=EDGE_CURVE('',#1940,#1942,#1943,.T.);
#1771=EDGE_CURVE('',#1942,#1944,#1945,.T.);
#1772=EDGE_CURVE('',#1944,#1922,#1946,.T.);
#1773=EDGE_CURVE('',#1947,#1947,#1948,.T.);
#1774=EDGE_CURVE('',#1949,#1949,#1950,.T.);
#1775=EDGE_CURVE('',#1951,#1951,#1952,.T.);
#1776=EDGE_CURVE('',#1953,#1953,#1954,.T.);
#1777=EDGE_CURVE('',#1955,#1956,#1957,.F.);
#1778=EDGE_CURVE('',#1956,#1958,#1959,.F.);
#1779=EDGE_CURVE('',#1958,#1960,#1961,.F.);
#1780=EDGE_CURVE('',#1960,#1962,#1963,.F.);
#1781=EDGE_CURVE('',#1962,#1964,#1965,.F.);
#1782=EDGE_CURVE('',#1964,#1966,#1967,.F.);
#1783=EDGE_CURVE('',#1966,#1968,#1969,.F.);
#1784=EDGE_CURVE('',#1968,#1955,#1970,.F.);
#1785=EDGE_CURVE('',#1971,#1972,#1973,.F.);
#1786=EDGE_CURVE('',#1972,#1974,#1975,.F.);
#1787=EDGE_CURVE('',#1974,#1976,#1977,.F.);
#1788=EDGE_CURVE('',#1976,#1978,#1979,.F.);
#1789=EDGE_CURVE('',#1978,#1980,#1981,.F.);
#1790=EDGE_CURVE('',#1980,#1982,#1983,.F.);
#1791=EDGE_CURVE('',#1982,#1984,#1985,.F.);
#1792=EDGE_CURVE('',#1984,#1971,#1986,.F.);
#1793=EDGE_CURVE('',#1987,#1988,#1989,.F.);
#1794=EDGE_CURVE('',#1988,#1990,#1991,.F.);
#1795=EDGE_CURVE('',#1990,#1992,#1993,.F.);
#1796=EDGE_CURVE('',#1992,#1994,#1995,.F.);
#1797=EDGE_CURVE('',#1994,#1996,#1997,.F.);
#1798=EDGE_CURVE('',#1996,#1998,#1999,.F.);
#1799=EDGE_CURVE('',#1998,#2000,#2001,.F.);
#1800=EDGE_CURVE('',#2000,#1987,#2002,.F.);
#1801=EDGE_CURVE('',#2003,#2003,#2004,.T.);
#1802=EDGE_CURVE('',#2005,#2005,#2006,.T.);
#1803=EDGE_CURVE('',#2007,#2007,#2008,.T.);
#1804=EDGE_CURVE('',#2009,#2009,#2010,.T.);
#1805=EDGE_CURVE('',#1910,#1919,#2011,.T.);
#1806=EDGE_CURVE('',#2012,#1924,#2013,.T.);
#1807=EDGE_CURVE('',#2014,#2012,#2015,.T.);
#1808=EDGE_CURVE('',#2016,#2014,#2017,.T.);
#1809=EDGE_CURVE('',#2018,#2016,#2019,.T.);
#1810=EDGE_CURVE('',#2020,#2018,#2021,.T.);
#1811=EDGE_CURVE('',#2020,#2022,#2023,.T.);
#1812=EDGE_CURVE('',#2022,#1916,#2024,.T.);
#1813=EDGE_CURVE('',#2025,#2025,#2026,.F.);
#1814=EDGE_CURVE('',#2027,#2027,#2028,.F.);
#1815=EDGE_CURVE('',#2029,#2029,#2030,.F.);
#1816=EDGE_CURVE('',#2031,#2031,#2032,.F.);
#1817=EDGE_CURVE('',#2033,#2033,#2034,.F.);
#1818=EDGE_CURVE('',#2035,#2035,#2036,.F.);
#1819=EDGE_CURVE('',#2037,#2037,#2038,.F.);
#1820=EDGE_CURVE('',#2039,#2039,#2040,.F.);
#1821=EDGE_CURVE('',#2041,#2041,#2042,.F.);
#1822=EDGE_CURVE('',#2043,#2043,#2044,.F.);
#1823=EDGE_CURVE('',#2022,#1934,#2045,.T.);
#1824=EDGE_CURVE('',#2012,#1944,#2046,.T.);
#1825=EDGE_CURVE('',#1936,#2020,#2047,.F.);
#1826=EDGE_CURVE('',#2018,#1938,#2048,.T.);
#1827=EDGE_CURVE('',#2016,#1940,#2049,.T.);
#1828=EDGE_CURVE('',#2014,#1942,#2050,.T.);
#1829=EDGE_CURVE('',#2051,#2051,#2052,.T.);
#1830=EDGE_CURVE('',#2053,#2053,#2054,.T.);
#1831=EDGE_CURVE('',#2055,#2055,#2056,.T.);
#1832=EDGE_CURVE('',#2057,#2057,#2058,.T.);
#1833=EDGE_CURVE('',#2059,#1955,#2060,.T.);
#1834=EDGE_CURVE('',#2061,#2059,#2062,.T.);
#1835=EDGE_CURVE('',#2061,#1956,#2063,.T.);
#1836=EDGE_CURVE('',#2064,#2061,#2065,.T.);
#1837=EDGE_CURVE('',#2064,#1958,#2066,.T.);
#1838=EDGE_CURVE('',#2067,#2064,#2068,.T.);
#1839=EDGE_CURVE('',#2067,#1960,#2069,.T.);
#1840=EDGE_CURVE('',#2070,#2067,#2071,.T.);
#1841=EDGE_CURVE('',#2070,#1962,#2072,.T.);
#1842=EDGE_CURVE('',#2073,#2070,#2074,.T.);
#1843=EDGE_CURVE('',#2073,#1964,#2075,.T.);
#1844=EDGE_CURVE('',#2076,#2073,#2077,.T.);
#1845=EDGE_CURVE('',#2076,#1966,#2078,.T.);
#1846=EDGE_CURVE('',#2079,#2076,#2080,.T.);
#1847=EDGE_CURVE('',#2079,#1968,#2081,.T.);
#1848=EDGE_CURVE('',#2059,#2079,#2082,.T.);
#1849=EDGE_CURVE('',#2083,#1971,#2084,.T.);
#1850=EDGE_CURVE('',#2085,#2083,#2086,.T.);
#1851=EDGE_CURVE('',#2085,#1972,#2087,.T.);
#1852=EDGE_CURVE('',#2088,#2085,#2089,.T.);
#1853=EDGE_CURVE('',#2088,#1974,#2090,.T.);
#1854=EDGE_CURVE('',#2091,#2088,#2092,.T.);
#1855=EDGE_CURVE('',#2091,#1976,#2093,.T.);
#1856=EDGE_CURVE('',#2094,#2091,#2095,.T.);
#1857=EDGE_CURVE('',#2094,#1978,#2096,.T.);
#1858=EDGE_CURVE('',#2097,#2094,#2098,.T.);
#1859=EDGE_CURVE('',#2097,#1980,#2099,.T.);
#1860=EDGE_CURVE('',#2100,#2097,#2101,.T.);
#1861=EDGE_CURVE('',#2100,#1982,#2102,.T.);
#1862=EDGE_CURVE('',#2103,#2100,#2104,.T.);
#1863=EDGE_CURVE('',#2103,#1984,#2105,.T.);
#1864=EDGE_CURVE('',#2083,#2103,#2106,.T.);
#1865=EDGE_CURVE('',#2107,#1987,#2108,.T.);
#1866=EDGE_CURVE('',#2109,#2107,#2110,.T.);
#1867=EDGE_CURVE('',#2109,#1988,#2111,.T.);
#1868=EDGE_CURVE('',#2112,#2109,#2113,.T.);
#1869=EDGE_CURVE('',#2112,#1990,#2114,.T.);
#1870=EDGE_CURVE('',#2115,#2112,#2116,.T.);
#1871=EDGE_CURVE('',#2115,#1992,#2117,.T.);
#1872=EDGE_CURVE('',#2118,#2115,#2119,.T.);
#1873=EDGE_CURVE('',#2118,#1994,#2120,.T.);
#1874=EDGE_CURVE('',#2121,#2118,#2122,.T.);
#1875=EDGE_CURVE('',#2121,#1996,#2123,.T.);
#1876=EDGE_CURVE('',#2124,#2121,#2125,.T.);
#1877=EDGE_CURVE('',#2124,#1998,#2126,.T.);
#1878=EDGE_CURVE('',#2127,#2124,#2128,.T.);
#1879=EDGE_CURVE('',#2127,#2000,#2129,.T.);
#1880=EDGE_CURVE('',#2107,#2127,#2130,.T.);
#1881=EDGE_CURVE('',#2131,#2131,#2132,.T.);
#1882=EDGE_CURVE('',#2133,#2133,#2134,.T.);
#1883=EDGE_CURVE('',#2135,#2135,#2136,.T.);
#1884=EDGE_CURVE('',#2137,#2137,#2138,.T.);
#1885=EDGE_CURVE('',#2139,#2139,#2140,.T.);
#1886=EDGE_CURVE('',#2141,#2141,#2142,.T.);
#1887=EDGE_CURVE('',#2143,#2143,#2144,.T.);
#1888=EDGE_CURVE('',#2145,#2145,#2146,.T.);
#1889=EDGE_CURVE('',#2147,#2147,#2148,.T.);
#1890=EDGE_CURVE('',#2149,#2149,#2150,.T.);
#1891=EDGE_CURVE('',#2151,#2151,#2152,.T.);
#1892=EDGE_CURVE('',#2153,#2153,#2154,.T.);
#1893=EDGE_CURVE('',#2155,#2155,#2156,.T.);
#1894=EDGE_CURVE('',#2157,#2157,#2158,.T.);
#1895=EDGE_CURVE('',#2159,#2159,#2160,.T.);
#1896=EDGE_CURVE('',#2161,#2161,#2162,.T.);
#1897=EDGE_CURVE('',#2163,#2163,#2164,.T.);
#1898=EDGE_CURVE('',#2165,#2165,#2166,.T.);
#1899=EDGE_CURVE('',#2167,#2167,#2168,.F.);
#1900=EDGE_CURVE('',#2169,#2169,#2170,.F.);
#1901=EDGE_CURVE('',#2171,#2171,#2172,.T.);
#1902=EDGE_CURVE('',#2173,#2173,#2174,.T.);
#1903=EDGE_CURVE('',#2175,#2175,#2176,.T.);
#1904=EDGE_CURVE('',#2177,#2177,#2178,.T.);
#1905=EDGE_CURVE('',#2179,#2179,#2180,.F.);
#1906=EDGE_CURVE('',#2181,#2181,#2182,.F.);
#1907=VERTEX_POINT('',#2183);
#1908=VERTEX_POINT('',#2184);
#1909=LINE('',#2185,#2186);
#1910=VERTEX_POINT('',#2188);
#1911=LINE('',#2189,#2190);
#1912=VERTEX_POINT('',#2192);
#1913=LINE('',#2193,#2194);
#1914=VERTEX_POINT('',#2196);
#1915=LINE('',#2197,#2198);
#1916=VERTEX_POINT('',#2200);
#1917=LINE('',#2201,#2202);
#1918=LINE('',#2204,#2205);
#1919=VERTEX_POINT('',#2207);
#1920=VERTEX_POINT('',#2208);
#1921=LINE('',#2209,#2210);
#1922=VERTEX_POINT('',#2212);
#1923=LINE('',#2213,#2214);
#1924=VERTEX_POINT('',#2216);
#1925=LINE('',#2217,#2218);
#1926=VERTEX_POINT('',#2220);
#1927=LINE('',#2221,#2222);
#1928=VERTEX_POINT('',#2224);
#1929=LINE('',#2225,#2226);
#1930=LINE('',#2228,#2229);
#1931=CIRCLE('',#2231,2.);
#1932=CIRCLE('',#2235,2.);
#1933=CIRCLE('',#2239,2.);
#1934=VERTEX_POINT('',#2243);
#1935=CIRCLE('',#2244,2.);
#1936=VERTEX_POINT('',#2248);
#1937=LINE('',#2249,#2250);
#1938=VERTEX_POINT('',#2252);
#1939=LINE('',#2253,#2254);
#1940=VERTEX_POINT('',#2256);
#1941=LINE('',#2257,#2258);
#1942=VERTEX_POINT('',#2260);
#1943=LINE('',#2261,#2262);
#1944=VERTEX_POINT('',#2264);
#1945=LINE('',#2265,#2266);
#1946=LINE('',#2268,#2269);
#1947=VERTEX_POINT('',#2271);
#1948=CIRCLE('',#2272,1.6);
#1949=VERTEX_POINT('',#2276);
#1950=CIRCLE('',#2277,1.6);
#1951=VERTEX_POINT('',#2281);
#1952=CIRCLE('',#2282,1.6);
#1953=VERTEX_POINT('',#2286);
#1954=CIRCLE('',#2287,1.6);
#1955=VERTEX_POINT('',#2291);
#1956=VERTEX_POINT('',#2292);
#1957=CIRCLE('',#2293,2.);
#1958=VERTEX_POINT('',#2297);
#1959=LINE('',#2298,#2299);
#1960=VERTEX_POINT('',#2301);
#1961=CIRCLE('',#2302,2.);
#1962=VERTEX_POINT('',#2306);
#1963=LINE('',#2307,#2308);
#1964=VERTEX_POINT('',#2310);
#1965=CIRCLE('',#2311,2.);
#1966=VERTEX_POINT('',#2315);
#1967=LINE('',#2316,#2317);
#1968=VERTEX_POINT('',#2319);
#1969=CIRCLE('',#2320,2.);
#1970=LINE('',#2324,#2325);
#1971=VERTEX_POINT('',#2327);
#1972=VERTEX_POINT('',#2328);
#1973=CIRCLE('',#2329,2.);
#1974=VERTEX_POINT('',#2333);
#1975=LINE('',#2334,#2335);
#1976=VERTEX_POINT('',#2337);
#1977=CIRCLE('',#2338,2.);
#1978=VERTEX_POINT('',#2342);
#1979=LINE('',#2343,#2344);
#1980=VERTEX_POINT('',#2346);
#1981=CIRCLE('',#2347,2.);
#1982=VERTEX_POINT('',#2351);
#1983=LINE('',#2352,#2353);
#1984=VERTEX_POINT('',#2355);
#1985=CIRCLE('',#2356,2.);
#1986=LINE('',#2360,#2361);
#1987=VERTEX_POINT('',#2363);
#1988=VERTEX_POINT('',#2364);
#1989=CIRCLE('',#2365,2.);
#1990=VERTEX_POINT('',#2369);
#1991=LINE('',#2370,#2371);
#1992=VERTEX_POINT('',#2373);
#1993=CIRCLE('',#2374,2.);
#1994=VERTEX_POINT('',#2378);
#1995=LINE('',#2379,#2380);
#1996=VERTEX_POINT('',#2382);
#1997=CIRCLE('',#2383,2.);
#1998=VERTEX_POINT('',#2387);
#1999=LINE('',#2388,#2389);
#2000=VERTEX_POINT('',#2391);
#2001=CIRCLE('',#2392,2.);
#2002=LINE('',#2396,#2397);
#2003=VERTEX_POINT('',#2399);
#2004=CIRCLE('',#2400,1.6);
#2005=VERTEX_POINT('',#2404);
#2006=CIRCLE('',#2405,1.6);
#2007=VERTEX_POINT('',#2409);
#2008=CIRCLE('',#2410,1.6);
#2009=VERTEX_POINT('',#2414);
#2010=CIRCLE('',#2415,1.6);
#2011=CIRCLE('',#2419,2.);
#2012=VERTEX_POINT('',#2423);
#2013=LINE('',#2424,#2425);
#2014=VERTEX_POINT('',#2427);
#2015=LINE('',#2428,#2429);
#2016=VERTEX_POINT('',#2431);
#2017=LINE('',#2432,#2433);
#2018=VERTEX_POINT('',#2435);
#2019=LINE('',#2436,#2437);
#2020=VERTEX_POINT('',#2439);
#2021=LINE('',#2440,#2441);
#2022=VERTEX_POINT('',#2443);
#2023=LINE('',#2444,#2445);
#2024=CIRCLE('',#2447,2.);
#2025=VERTEX_POINT('',#2451);
#2026=CIRCLE('',#2452,2.4);
#2027=VERTEX_POINT('',#2456);
#2028=CIRCLE('',#2457,2.4);
#2029=VERTEX_POINT('',#2461);
#2030=CIRCLE('',#2462,2.4);
#2031=VERTEX_POINT('',#2466);
#2032=CIRCLE('',#2467,2.4);
#2033=VERTEX_POINT('',#2471);
#2034=CIRCLE('',#2472,2.4);
#2035=VERTEX_POINT('',#2476);
#2036=CIRCLE('',#2477,2.4);
#2037=VERTEX_POINT('',#2481);
#2038=CIRCLE('',#2482,2.4);
#2039=VERTEX_POINT('',#2486);
#2040=CIRCLE('',#2487,2.4);
#2041=VERTEX_POINT('',#2491);
#2042=CIRCLE('',#2492,4.4);
#2043=VERTEX_POINT('',#2496);
#2044=CIRCLE('',#2497,4.4);
#2045=LINE('',#2501,#2502);
#2046=LINE('',#2504,#2505);
#2047=LINE('',#2507,#2508);
#2048=LINE('',#2510,#2511);
#2049=LINE('',#2513,#2514);
#2050=LINE('',#2516,#2517);
#2051=VERTEX_POINT('',#2519);
#2052=CIRCLE('',#2520,1.35);
#2053=VERTEX_POINT('',#2524);
#2054=CIRCLE('',#2525,1.35);
#2055=VERTEX_POINT('',#2529);
#2056=CIRCLE('',#2530,1.35);
#2057=VERTEX_POINT('',#2534);
#2058=CIRCLE('',#2535,1.35);
#2059=VERTEX_POINT('',#2539);
#2060=LINE('',#2540,#2541);
#2061=VERTEX_POINT('',#2543);
#2062=CIRCLE('',#2544,2.);
#2063=LINE('',#2548,#2549);
#2064=VERTEX_POINT('',#2551);
#2065=LINE('',#2552,#2553);
#2066=LINE('',#2555,#2556);
#2067=VERTEX_POINT('',#2558);
#2068=CIRCLE('',#2559,2.);
#2069=LINE('',#2563,#2564);
#2070=VERTEX_POINT('',#2566);
#2071=LINE('',#2567,#2568);
#2072=LINE('',#2570,#2571);
#2073=VERTEX_POINT('',#2573);
#2074=CIRCLE('',#2574,2.);
#2075=LINE('',#2578,#2579);
#2076=VERTEX_POINT('',#2581);
#2077=LINE('',#2582,#2583);
#2078=LINE('',#2585,#2586);
#2079=VERTEX_POINT('',#2588);
#2080=CIRCLE('',#2589,2.);
#2081=LINE('',#2593,#2594);
#2082=LINE('',#2596,#2597);
#2083=VERTEX_POINT('',#2599);
#2084=LINE('',#2600,#2601);
#2085=VERTEX_POINT('',#2603);
#2086=CIRCLE('',#2604,2.);
#2087=LINE('',#2608,#2609);
#2088=VERTEX_POINT('',#2611);
#2089=LINE('',#2612,#2613);
#2090=LINE('',#2615,#2616);
#2091=VERTEX_POINT('',#2618);
#2092=CIRCLE('',#2619,2.);
#2093=LINE('',#2623,#2624);
#2094=VERTEX_POINT('',#2626);
#2095=LINE('',#2627,#2628);
#2096=LINE('',#2630,#2631);
#2097=VERTEX_POINT('',#2633);
#2098=CIRCLE('',#2634,2.);
#2099=LINE('',#2638,#2639);
#2100=VERTEX_POINT('',#2641);
#2101=LINE('',#2642,#2643);
#2102=LINE('',#2645,#2646);
#2103=VERTEX_POINT('',#2648);
#2104=CIRCLE('',#2649,2.);
#2105=LINE('',#2653,#2654);
#2106=LINE('',#2656,#2657);
#2107=VERTEX_POINT('',#2659);
#2108=LINE('',#2660,#2661);
#2109=VERTEX_POINT('',#2663);
#2110=CIRCLE('',#2664,2.);
#2111=LINE('',#2668,#2669);
#2112=VERTEX_POINT('',#2671);
#2113=LINE('',#2672,#2673);
#2114=LINE('',#2675,#2676);
#2115=VERTEX_POINT('',#2678);
#2116=CIRCLE('',#2679,2.);
#2117=LINE('',#2683,#2684);
#2118=VERTEX_POINT('',#2686);
#2119=LINE('',#2687,#2688);
#2120=LINE('',#2690,#2691);
#2121=VERTEX_POINT('',#2693);
#2122=CIRCLE('',#2694,2.);
#2123=LINE('',#2698,#2699);
#2124=VERTEX_POINT('',#2701);
#2125=LINE('',#2702,#2703);
#2126=LINE('',#2705,#2706);
#2127=VERTEX_POINT('',#2708);
#2128=CIRCLE('',#2709,2.);
#2129=LINE('',#2713,#2714);
#2130=LINE('',#2716,#2717);
#2131=VERTEX_POINT('',#2719);
#2132=CIRCLE('',#2720,1.35);
#2133=VERTEX_POINT('',#2724);
#2134=CIRCLE('',#2725,1.35);
#2135=VERTEX_POINT('',#2729);
#2136=CIRCLE('',#2730,1.35);
#2137=VERTEX_POINT('',#2734);
#2138=CIRCLE('',#2735,1.35);
#2139=VERTEX_POINT('',#2739);
#2140=CIRCLE('',#2740,2.4);
#2141=VERTEX_POINT('',#2744);
#2142=CIRCLE('',#2745,2.4);
#2143=VERTEX_POINT('',#2749);
#2144=CIRCLE('',#2750,2.4);
#2145=VERTEX_POINT('',#2754);
#2146=CIRCLE('',#2755,2.4);
#2147=VERTEX_POINT('',#2759);
#2148=CIRCLE('',#2760,2.4);
#2149=VERTEX_POINT('',#2764);
#2150=CIRCLE('',#2765,2.4);
#2151=VERTEX_POINT('',#2769);
#2152=CIRCLE('',#2770,2.4);
#2153=VERTEX_POINT('',#2774);
#2154=CIRCLE('',#2775,2.4);
#2155=VERTEX_POINT('',#2779);
#2156=CIRCLE('',#2780,4.4);
#2157=VERTEX_POINT('',#2784);
#2158=CIRCLE('',#2785,4.4);
#2159=VERTEX_POINT('',#2789);
#2160=CIRCLE('',#2790,1.35);
#2161=VERTEX_POINT('',#2794);
#2162=CIRCLE('',#2795,1.35);
#2163=VERTEX_POINT('',#2799);
#2164=CIRCLE('',#2800,1.35);
#2165=VERTEX_POINT('',#2804);
#2166=CIRCLE('',#2805,1.35);
#2167=VERTEX_POINT('',#2809);
#2168=CIRCLE('',#2810,3.5);
#2169=VERTEX_POINT('',#2814);
#2170=CIRCLE('',#2815,3.5);
#2171=VERTEX_POINT('',#2819);
#2172=CIRCLE('',#2820,1.35);
#2173=VERTEX_POINT('',#2824);
#2174=CIRCLE('',#2825,1.35);
#2175=VERTEX_POINT('',#2829);
#2176=CIRCLE('',#2830,1.35);
#2177=VERTEX_POINT('',#2834);
#2178=CIRCLE('',#2835,1.35);
#2179=VERTEX_POINT('',#2839);
#2180=CIRCLE('',#2840,3.5);
#2181=VERTEX_POINT('',#2844);
#2182=CIRCLE('',#2845,3.5);
#2183=CARTESIAN_POINT('',(-20.3,-17.8,0.));
#2184=CARTESIAN_POINT('',(-12.8,-17.8,0.));
#2185=CARTESIAN_POINT('',(-12.8,-17.8,0.));
#2186=VECTOR('',#2187,1.);
#2187=DIRECTION('',(-1.,1.8947806286936E-015,0.));
#2188=CARTESIAN_POINT('',(-20.3,-17.8,-0.2));
#2189=CARTESIAN_POINT('',(-20.3,-17.8,-0.2));
#2190=VECTOR('',#2191,1.);
#2191=DIRECTION('',(0.,0.,1.));
#2192=CARTESIAN_POINT('',(-18.3,-17.8,-0.2));
#2193=CARTESIAN_POINT('',(-18.3,-17.8,-0.2));
#2194=VECTOR('',#2195,1.);
#2195=DIRECTION('',(-1.,0.,0.));
#2196=CARTESIAN_POINT('',(-18.3,-17.8,-4.6));
#2197=CARTESIAN_POINT('',(-18.3,-17.8,-4.6));
#2198=VECTOR('',#2199,1.);
#2199=DIRECTION('',(0.,0.,1.));
#2200=CARTESIAN_POINT('',(-12.8,-17.8,-4.6));
#2201=CARTESIAN_POINT('',(-12.8,-17.8,-4.6));
#2202=VECTOR('',#2203,1.);
#2203=DIRECTION('',(-1.,1.29189588320018E-015,0.));
#2204=CARTESIAN_POINT('',(-12.8,-17.8,-4.6));
#2205=VECTOR('',#2206,1.);
#2206=DIRECTION('',(0.,0.,1.));
#2207=CARTESIAN_POINT('',(-20.3,-21.8,-0.2));
#2208=CARTESIAN_POINT('',(-20.3,-21.8,0.));
#2209=CARTESIAN_POINT('',(-20.3,-21.8,-0.2));
#2210=VECTOR('',#2211,1.);
#2211=DIRECTION('',(0.,0.,1.));
#2212=CARTESIAN_POINT('',(-20.3,-22.9,0.));
#2213=CARTESIAN_POINT('',(-20.3,-21.8,0.));
#2214=VECTOR('',#2215,1.);
#2215=DIRECTION('',(0.,-1.,0.));
#2216=CARTESIAN_POINT('',(-20.3,-22.9,-4.6));
#2217=CARTESIAN_POINT('',(-20.3,-22.9,0.));
#2218=VECTOR('',#2219,1.);
#2219=DIRECTION('',(0.,0.,-1.));
#2220=CARTESIAN_POINT('',(-20.3,-19.8,-4.6));
#2221=CARTESIAN_POINT('',(-20.3,-19.8,-4.6));
#2222=VECTOR('',#2223,1.);
#2223=DIRECTION('',(0.,-1.,0.));
#2224=CARTESIAN_POINT('',(-20.3,-19.8,-0.2));
#2225=CARTESIAN_POINT('',(-20.3,-19.8,-4.6));
#2226=VECTOR('',#2227,1.);
#2227=DIRECTION('',(0.,0.,1.));
#2228=CARTESIAN_POINT('',(-20.3,-21.8,-0.2));
#2229=VECTOR('',#2230,1.);
#2230=DIRECTION('',(0.,1.,0.));
#2231=AXIS2_PLACEMENT_3D('',#2232,#2233,#2234);
#2232=CARTESIAN_POINT('',(-18.3,-19.8,-0.2));
#2233=DIRECTION('',(0.,-0.,1.));
#2234=DIRECTION('',(0.,1.,0.));
#2235=AXIS2_PLACEMENT_3D('',#2236,#2237,#2238);
#2236=CARTESIAN_POINT('',(-18.3,-19.8,-4.6));
#2237=DIRECTION('',(0.,-0.,1.));
#2238=DIRECTION('',(0.,1.,0.));
#2239=AXIS2_PLACEMENT_3D('',#2240,#2241,#2242);
#2240=CARTESIAN_POINT('',(-20.3,-19.8,0.));
#2241=DIRECTION('',(0.,-0.,1.));
#2242=DIRECTION('',(0.,1.,0.));
#2243=CARTESIAN_POINT('',(-10.8,-19.8,0.));
#2244=AXIS2_PLACEMENT_3D('',#2245,#2246,#2247);
#2245=CARTESIAN_POINT('',(-12.8,-19.8,0.));
#2246=DIRECTION('',(-0.,0.,1.));
#2247=DIRECTION('',(1.,0.,0.));
#2248=CARTESIAN_POINT('',(-10.8,-22.9,0.));
#2249=CARTESIAN_POINT('',(-10.8,-22.9,0.));
#2250=VECTOR('',#2251,1.);
#2251=DIRECTION('',(1.14603667058081E-015,1.,0.));
#2252=CARTESIAN_POINT('',(-2.80444117004744E-015,-22.9,0.));
#2253=CARTESIAN_POINT('',(-10.8,-22.9,0.));
#2254=VECTOR('',#2255,1.);
#2255=DIRECTION('',(1.,0.,0.));
#2256=CARTESIAN_POINT('',(0.,0.,0.));
#2257=CARTESIAN_POINT('',(-2.80444117004744E-015,-22.9,0.));
#2258=VECTOR('',#2259,1.);
#2259=DIRECTION('',(1.22464679914735E-016,1.,0.));
#2260=CARTESIAN_POINT('',(-36.6,4.48220728487931E-015,0.));
#2261=CARTESIAN_POINT('',(0.,0.,0.));
#2262=VECTOR('',#2263,1.);
#2263=DIRECTION('',(-1.,1.22464679914735E-016,0.));
#2264=CARTESIAN_POINT('',(-36.6,-22.9,0.));
#2265=CARTESIAN_POINT('',(-36.6,4.48220728487931E-015,0.));
#2266=VECTOR('',#2267,1.);
#2267=DIRECTION('',(0.,-1.,0.));
#2268=CARTESIAN_POINT('',(-36.6,-22.9,0.));
#2269=VECTOR('',#2270,1.);
#2270=DIRECTION('',(1.,0.,0.));
#2271=CARTESIAN_POINT('',(-1.10000000000001,-2.7,0.));
#2272=AXIS2_PLACEMENT_3D('',#2273,#2274,#2275);
#2273=CARTESIAN_POINT('',(-2.70000000000001,-2.7,0.));
#2274=DIRECTION('',(-0.,-0.,-1.));
#2275=DIRECTION('',(1.,-2.44929359829471E-016,0.));
#2276=CARTESIAN_POINT('',(-32.3,-2.7,0.));
#2277=AXIS2_PLACEMENT_3D('',#2278,#2279,#2280);
#2278=CARTESIAN_POINT('',(-33.9,-2.7,0.));
#2279=DIRECTION('',(-0.,-0.,-1.));
#2280=DIRECTION('',(1.,-2.44929359829471E-016,0.));
#2281=CARTESIAN_POINT('',(-1.1,-20.2,0.));
#2282=AXIS2_PLACEMENT_3D('',#2283,#2284,#2285);
#2283=CARTESIAN_POINT('',(-2.7,-20.2,0.));
#2284=DIRECTION('',(-0.,-0.,-1.));
#2285=DIRECTION('',(1.,-2.44929359829471E-016,0.));
#2286=CARTESIAN_POINT('',(-32.3,-20.2,0.));
#2287=AXIS2_PLACEMENT_3D('',#2288,#2289,#2290);
#2288=CARTESIAN_POINT('',(-33.9,-20.2,0.));
#2289=DIRECTION('',(-0.,-0.,-1.));
#2290=DIRECTION('',(1.,-2.44929359829471E-016,0.));
#2291=CARTESIAN_POINT('',(-27.2999800184712,-4.90000052,0.));
#2292=CARTESIAN_POINT('',(-25.2999800184712,-6.90000052,0.));
#2293=AXIS2_PLACEMENT_3D('',#2294,#2295,#2296);
#2294=CARTESIAN_POINT('',(-27.2999800184712,-6.90000052,0.));
#2295=DIRECTION('',(-0.,0.,1.));
#2296=DIRECTION('',(1.,0.,0.));
#2297=CARTESIAN_POINT('',(-25.2999800184711,-12.90000052,0.));
#2298=CARTESIAN_POINT('',(-25.2999800184711,-12.90000052,0.));
#2299=VECTOR('',#2300,1.);
#2300=DIRECTION('',(0.,1.,0.));
#2301=CARTESIAN_POINT('',(-27.2999800184711,-14.90000052,0.));
#2302=AXIS2_PLACEMENT_3D('',#2303,#2304,#2305);
#2303=CARTESIAN_POINT('',(-27.2999800184711,-12.90000052,0.));
#2304=DIRECTION('',(0.,0.,1.));
#2305=DIRECTION('',(0.,-1.,0.));
#2306=CARTESIAN_POINT('',(-33.2999800184711,-14.90000052,0.));
#2307=CARTESIAN_POINT('',(-33.2999800184711,-14.90000052,0.));
#2308=VECTOR('',#2309,1.);
#2309=DIRECTION('',(1.,0.,0.));
#2310=CARTESIAN_POINT('',(-35.2999800184711,-12.90000052,0.));
#2311=AXIS2_PLACEMENT_3D('',#2312,#2313,#2314);
#2312=CARTESIAN_POINT('',(-33.2999800184711,-12.90000052,0.));
#2313=DIRECTION('',(0.,0.,1.));
#2314=DIRECTION('',(-1.,0.,0.));
#2315=CARTESIAN_POINT('',(-35.2999800184711,-6.90000052,0.));
#2316=CARTESIAN_POINT('',(-35.2999800184711,-6.90000052,0.));
#2317=VECTOR('',#2318,1.);
#2318=DIRECTION('',(0.,-1.,0.));
#2319=CARTESIAN_POINT('',(-33.2999800184711,-4.90000052,0.));
#2320=AXIS2_PLACEMENT_3D('',#2321,#2322,#2323);
#2321=CARTESIAN_POINT('',(-33.2999800184711,-6.90000052,0.));
#2322=DIRECTION('',(0.,-0.,1.));
#2323=DIRECTION('',(0.,1.,0.));
#2324=CARTESIAN_POINT('',(-27.2999800184712,-4.90000052,0.));
#2325=VECTOR('',#2326,1.);
#2326=DIRECTION('',(-1.,2.96059473233375E-016,0.));
#2327=CARTESIAN_POINT('',(-3.29998665485714,-4.90000052,0.));
#2328=CARTESIAN_POINT('',(-1.29998665485714,-6.90000052,0.));
#2329=AXIS2_PLACEMENT_3D('',#2330,#2331,#2332);
#2330=CARTESIAN_POINT('',(-3.29998665485714,-6.90000052,0.));
#2331=DIRECTION('',(-0.,0.,1.));
#2332=DIRECTION('',(1.,0.,0.));
#2333=CARTESIAN_POINT('',(-1.29998665485714,-12.90000052,0.));
#2334=CARTESIAN_POINT('',(-1.29998665485714,-12.90000052,0.));
#2335=VECTOR('',#2336,1.);
#2336=DIRECTION('',(1.11022302462516E-016,1.,0.));
#2337=CARTESIAN_POINT('',(-3.29998665485714,-14.90000052,0.));
#2338=AXIS2_PLACEMENT_3D('',#2339,#2340,#2341);
#2339=CARTESIAN_POINT('',(-3.29998665485714,-12.90000052,0.));
#2340=DIRECTION('',(0.,0.,1.));
#2341=DIRECTION('',(-2.22044604925031E-016,-1.,0.));
#2342=CARTESIAN_POINT('',(-9.29998665485714,-14.90000052,0.));
#2343=CARTESIAN_POINT('',(-9.29998665485714,-14.90000052,0.));
#2344=VECTOR('',#2345,1.);
#2345=DIRECTION('',(1.,-2.96059473233375E-016,0.));
#2346=CARTESIAN_POINT('',(-11.2999866548571,-12.90000052,0.));
#2347=AXIS2_PLACEMENT_3D('',#2348,#2349,#2350);
#2348=CARTESIAN_POINT('',(-9.29998665485714,-12.90000052,0.));
#2349=DIRECTION('',(0.,0.,1.));
#2350=DIRECTION('',(-1.,0.,0.));
#2351=CARTESIAN_POINT('',(-11.2999866548571,-6.90000052,0.));
#2352=CARTESIAN_POINT('',(-11.2999866548571,-6.90000052,0.));
#2353=VECTOR('',#2354,1.);
#2354=DIRECTION('',(-5.9211894646675E-016,-1.,0.));
#2355=CARTESIAN_POINT('',(-9.29998665485714,-4.90000052,0.));
#2356=AXIS2_PLACEMENT_3D('',#2357,#2358,#2359);
#2357=CARTESIAN_POINT('',(-9.29998665485714,-6.90000052,0.));
#2358=DIRECTION('',(0.,-0.,1.));
#2359=DIRECTION('',(0.,1.,0.));
#2360=CARTESIAN_POINT('',(-3.29998665485714,-4.90000052,0.));
#2361=VECTOR('',#2362,1.);
#2362=DIRECTION('',(-1.,1.48029736616688E-016,0.));
#2363=CARTESIAN_POINT('',(-14.3999866548571,-4.90000052,0.));
#2364=CARTESIAN_POINT('',(-12.3999866548571,-6.90000052,0.));
#2365=AXIS2_PLACEMENT_3D('',#2366,#2367,#2368);
#2366=CARTESIAN_POINT('',(-14.3999866548571,-6.90000052,0.));
#2367=DIRECTION('',(-0.,0.,1.));
#2368=DIRECTION('',(1.,0.,0.));
#2369=CARTESIAN_POINT('',(-12.3999866548571,-12.90000052,0.));
#2370=CARTESIAN_POINT('',(-12.3999866548571,-12.90000052,0.));
#2371=VECTOR('',#2372,1.);
#2372=DIRECTION('',(5.9211894646675E-016,1.,0.));
#2373=CARTESIAN_POINT('',(-14.3999866548571,-14.90000052,0.));
#2374=AXIS2_PLACEMENT_3D('',#2375,#2376,#2377);
#2375=CARTESIAN_POINT('',(-14.3999866548571,-12.90000052,0.));
#2376=DIRECTION('',(0.,0.,1.));
#2377=DIRECTION('',(0.,-1.,0.));
#2378=CARTESIAN_POINT('',(-22.1999800184712,-14.90000052,0.));
#2379=CARTESIAN_POINT('',(-22.1999800184712,-14.90000052,0.));
#2380=VECTOR('',#2381,1.);
#2381=DIRECTION('',(1.,-4.55476500194662E-016,0.));
#2382=CARTESIAN_POINT('',(-24.1999800184712,-12.90000052,0.));
#2383=AXIS2_PLACEMENT_3D('',#2384,#2385,#2386);
#2384=CARTESIAN_POINT('',(-22.1999800184712,-12.90000052,0.));
#2385=DIRECTION('',(0.,0.,1.));
#2386=DIRECTION('',(-1.,0.,0.));
#2387=CARTESIAN_POINT('',(-24.1999800184711,-6.90000052,0.));
#2388=CARTESIAN_POINT('',(-24.1999800184711,-6.90000052,0.));
#2389=VECTOR('',#2390,1.);
#2390=DIRECTION('',(0.,-1.,0.));
#2391=CARTESIAN_POINT('',(-22.1999800184711,-4.90000052,0.));
#2392=AXIS2_PLACEMENT_3D('',#2393,#2394,#2395);
#2393=CARTESIAN_POINT('',(-22.1999800184711,-6.90000052,0.));
#2394=DIRECTION('',(0.,-0.,1.));
#2395=DIRECTION('',(0.,1.,0.));
#2396=CARTESIAN_POINT('',(-14.3999866548571,-4.90000052,0.));
#2397=VECTOR('',#2398,1.);
#2398=DIRECTION('',(-1.,1.13869125048665E-016,0.));
#2399=CARTESIAN_POINT('',(-26.9,-20.2,0.));
#2400=AXIS2_PLACEMENT_3D('',#2401,#2402,#2403);
#2401=CARTESIAN_POINT('',(-28.5,-20.2,0.));
#2402=DIRECTION('',(-0.,-0.,-1.));
#2403=DIRECTION('',(1.,-2.44929359829471E-016,0.));
#2404=CARTESIAN_POINT('',(-26.9,-2.7,0.));
#2405=AXIS2_PLACEMENT_3D('',#2406,#2407,#2408);
#2406=CARTESIAN_POINT('',(-28.5,-2.7,0.));
#2407=DIRECTION('',(-0.,-0.,-1.));
#2408=DIRECTION('',(1.,-2.44929359829471E-016,0.));
#2409=CARTESIAN_POINT('',(-6.5,-20.2,0.));
#2410=AXIS2_PLACEMENT_3D('',#2411,#2412,#2413);
#2411=CARTESIAN_POINT('',(-8.1,-20.2,0.));
#2412=DIRECTION('',(-0.,-0.,-1.));
#2413=DIRECTION('',(1.,-2.44929359829471E-016,0.));
#2414=CARTESIAN_POINT('',(-6.50000000000001,-2.7,0.));
#2415=AXIS2_PLACEMENT_3D('',#2416,#2417,#2418);
#2416=CARTESIAN_POINT('',(-8.10000000000001,-2.7,0.));
#2417=DIRECTION('',(-0.,-0.,-1.));
#2418=DIRECTION('',(1.,-2.44929359829471E-016,0.));
#2419=AXIS2_PLACEMENT_3D('',#2420,#2421,#2422);
#2420=CARTESIAN_POINT('',(-20.3,-19.8,-0.2));
#2421=DIRECTION('',(0.,0.,1.));
#2422=DIRECTION('',(0.,1.,0.));
#2423=CARTESIAN_POINT('',(-36.6,-22.9,-4.6));
#2424=CARTESIAN_POINT('',(-36.6,-22.9,-4.6));
#2425=VECTOR('',#2426,1.);
#2426=DIRECTION('',(1.,0.,0.));
#2427=CARTESIAN_POINT('',(-36.6,4.48220728487931E-015,-4.6));
#2428=CARTESIAN_POINT('',(-36.6,4.48220728487931E-015,-4.6));
#2429=VECTOR('',#2430,1.);
#2430=DIRECTION('',(0.,-1.,0.));
#2431=CARTESIAN_POINT('',(0.,0.,-4.6));
#2432=CARTESIAN_POINT('',(0.,0.,-4.6));
#2433=VECTOR('',#2434,1.);
#2434=DIRECTION('',(-1.,1.22464679914735E-016,0.));
#2435=CARTESIAN_POINT('',(-2.80444117004744E-015,-22.9,-4.6));
#2436=CARTESIAN_POINT('',(-2.80444117004744E-015,-22.9,-4.6));
#2437=VECTOR('',#2438,1.);
#2438=DIRECTION('',(1.22464679914735E-016,1.,0.));
#2439=CARTESIAN_POINT('',(-10.8,-22.9,-4.6));
#2440=CARTESIAN_POINT('',(-10.8,-22.9,-4.6));
#2441=VECTOR('',#2442,1.);
#2442=DIRECTION('',(1.,0.,0.));
#2443=CARTESIAN_POINT('',(-10.8,-19.8,-4.6));
#2444=CARTESIAN_POINT('',(-10.8,-22.9,-4.6));
#2445=VECTOR('',#2446,1.);
#2446=DIRECTION('',(1.14603667058081E-015,1.,0.));
#2447=AXIS2_PLACEMENT_3D('',#2448,#2449,#2450);
#2448=CARTESIAN_POINT('',(-12.8,-19.8,-4.6));
#2449=DIRECTION('',(-0.,0.,1.));
#2450=DIRECTION('',(1.,0.,0.));
#2451=CARTESIAN_POINT('',(-0.30000000000001,-2.7,-4.6));
#2452=AXIS2_PLACEMENT_3D('',#2453,#2454,#2455);
#2453=CARTESIAN_POINT('',(-2.70000000000001,-2.7,-4.6));
#2454=DIRECTION('',(-0.,-0.,-1.));
#2455=DIRECTION('',(1.,1.22464679914735E-016,-0.));
#2456=CARTESIAN_POINT('',(-5.7,-2.7,-4.6));
#2457=AXIS2_PLACEMENT_3D('',#2458,#2459,#2460);
#2458=CARTESIAN_POINT('',(-8.1,-2.7,-4.6));
#2459=DIRECTION('',(-0.,-0.,-1.));
#2460=DIRECTION('',(1.,1.22464679914735E-016,-0.));
#2461=CARTESIAN_POINT('',(-5.7,-20.2,-4.6));
#2462=AXIS2_PLACEMENT_3D('',#2463,#2464,#2465);
#2463=CARTESIAN_POINT('',(-8.1,-20.2,-4.6));
#2464=DIRECTION('',(-0.,-0.,-1.));
#2465=DIRECTION('',(1.,1.22464679914735E-016,-0.));
#2466=CARTESIAN_POINT('',(-0.300000000000004,-20.2,-4.6));
#2467=AXIS2_PLACEMENT_3D('',#2468,#2469,#2470);
#2468=CARTESIAN_POINT('',(-2.7,-20.2,-4.6));
#2469=DIRECTION('',(-0.,-0.,-1.));
#2470=DIRECTION('',(1.,1.22464679914735E-016,-0.));
#2471=CARTESIAN_POINT('',(-26.1,-2.7,-4.6));
#2472=AXIS2_PLACEMENT_3D('',#2473,#2474,#2475);
#2473=CARTESIAN_POINT('',(-28.5,-2.7,-4.6));
#2474=DIRECTION('',(-0.,-0.,-1.));
#2475=DIRECTION('',(1.,1.22464679914735E-016,-0.));
#2476=CARTESIAN_POINT('',(-31.5,-2.7,-4.6));
#2477=AXIS2_PLACEMENT_3D('',#2478,#2479,#2480);
#2478=CARTESIAN_POINT('',(-33.9,-2.7,-4.6));
#2479=DIRECTION('',(-0.,-0.,-1.));
#2480=DIRECTION('',(1.,1.22464679914735E-016,-0.));
#2481=CARTESIAN_POINT('',(-31.5,-20.2,-4.6));
#2482=AXIS2_PLACEMENT_3D('',#2483,#2484,#2485);
#2483=CARTESIAN_POINT('',(-33.9,-20.2,-4.6));
#2484=DIRECTION('',(-0.,-0.,-1.));
#2485=DIRECTION('',(1.,1.22464679914735E-016,-0.));
#2486=CARTESIAN_POINT('',(-26.1,-20.2,-4.6));
#2487=AXIS2_PLACEMENT_3D('',#2488,#2489,#2490);
#2488=CARTESIAN_POINT('',(-28.5,-20.2,-4.6));
#2489=DIRECTION('',(-0.,-0.,-1.));
#2490=DIRECTION('',(1.,1.22464679914735E-016,-0.));
#2491=CARTESIAN_POINT('',(-10.6999866548571,-9.90000052,-4.6));
#2492=AXIS2_PLACEMENT_3D('',#2493,#2494,#2495);
#2493=CARTESIAN_POINT('',(-6.29998665485714,-9.90000052,-4.6));
#2494=DIRECTION('',(-0.,-0.,-1.));
#2495=DIRECTION('',(-1.,0.,0.));
#2496=CARTESIAN_POINT('',(-34.6999800184711,-9.90000052,-4.6));
#2497=AXIS2_PLACEMENT_3D('',#2498,#2499,#2500);
#2498=CARTESIAN_POINT('',(-30.2999800184711,-9.90000052,-4.6));
#2499=DIRECTION('',(-0.,-0.,-1.));
#2500=DIRECTION('',(-1.,0.,0.));
#2501=CARTESIAN_POINT('',(-10.8,-19.8,-4.6));
#2502=VECTOR('',#2503,1.);
#2503=DIRECTION('',(0.,0.,1.));
#2504=CARTESIAN_POINT('',(-36.6,-22.9,-4.6));
#2505=VECTOR('',#2506,1.);
#2506=DIRECTION('',(0.,0.,1.));
#2507=CARTESIAN_POINT('',(-10.8,-22.9,-4.6));
#2508=VECTOR('',#2509,1.);
#2509=DIRECTION('',(0.,0.,1.));
#2510=CARTESIAN_POINT('',(0.,-22.9,-4.6));
#2511=VECTOR('',#2512,1.);
#2512=DIRECTION('',(0.,0.,1.));
#2513=CARTESIAN_POINT('',(0.,0.,-4.6));
#2514=VECTOR('',#2515,1.);
#2515=DIRECTION('',(0.,0.,1.));
#2516=CARTESIAN_POINT('',(-36.6,4.48220728487931E-015,-4.6));
#2517=VECTOR('',#2518,1.);
#2518=DIRECTION('',(0.,0.,1.));
#2519=CARTESIAN_POINT('',(-1.35000000000001,-2.7,-0.25));
#2520=AXIS2_PLACEMENT_3D('',#2521,#2522,#2523);
#2521=CARTESIAN_POINT('',(-2.70000000000001,-2.7,-0.25));
#2522=DIRECTION('',(0.,0.,-1.));
#2523=DIRECTION('',(1.,0.,0.));
#2524=CARTESIAN_POINT('',(-32.55,-2.7,-0.25));
#2525=AXIS2_PLACEMENT_3D('',#2526,#2527,#2528);
#2526=CARTESIAN_POINT('',(-33.9,-2.7,-0.25));
#2527=DIRECTION('',(0.,0.,-1.));
#2528=DIRECTION('',(1.,0.,0.));
#2529=CARTESIAN_POINT('',(-1.35,-20.2,-0.25));
#2530=AXIS2_PLACEMENT_3D('',#2531,#2532,#2533);
#2531=CARTESIAN_POINT('',(-2.7,-20.2,-0.25));
#2532=DIRECTION('',(0.,0.,-1.));
#2533=DIRECTION('',(1.,0.,0.));
#2534=CARTESIAN_POINT('',(-32.55,-20.2,-0.25));
#2535=AXIS2_PLACEMENT_3D('',#2536,#2537,#2538);
#2536=CARTESIAN_POINT('',(-33.9,-20.2,-0.25));
#2537=DIRECTION('',(0.,0.,-1.));
#2538=DIRECTION('',(1.,0.,0.));
#2539=CARTESIAN_POINT('',(-27.2999800184712,-4.90000052,-2.35));
#2540=CARTESIAN_POINT('',(-27.2999800184712,-4.90000052,-2.35));
#2541=VECTOR('',#2542,1.);
#2542=DIRECTION('',(0.,0.,1.));
#2543=CARTESIAN_POINT('',(-25.2999800184712,-6.90000052,-2.35));
#2544=AXIS2_PLACEMENT_3D('',#2545,#2546,#2547);
#2545=CARTESIAN_POINT('',(-27.2999800184712,-6.90000052,-2.35));
#2546=DIRECTION('',(0.,0.,1.));
#2547=DIRECTION('',(1.,0.,0.));
#2548=CARTESIAN_POINT('',(-25.2999800184711,-6.90000052,-2.35));
#2549=VECTOR('',#2550,1.);
#2550=DIRECTION('',(0.,0.,1.));
#2551=CARTESIAN_POINT('',(-25.2999800184711,-12.90000052,-2.35));
#2552=CARTESIAN_POINT('',(-25.2999800184711,-12.90000052,-2.35));
#2553=VECTOR('',#2554,1.);
#2554=DIRECTION('',(0.,1.,0.));
#2555=CARTESIAN_POINT('',(-25.2999800184711,-12.90000052,-2.35));
#2556=VECTOR('',#2557,1.);
#2557=DIRECTION('',(0.,0.,1.));
#2558=CARTESIAN_POINT('',(-27.2999800184711,-14.90000052,-2.35));
#2559=AXIS2_PLACEMENT_3D('',#2560,#2561,#2562);
#2560=CARTESIAN_POINT('',(-27.2999800184711,-12.90000052,-2.35));
#2561=DIRECTION('',(0.,0.,1.));
#2562=DIRECTION('',(0.,-1.,0.));
#2563=CARTESIAN_POINT('',(-27.2999800184711,-14.90000052,-2.35));
#2564=VECTOR('',#2565,1.);
#2565=DIRECTION('',(0.,0.,1.));
#2566=CARTESIAN_POINT('',(-33.2999800184711,-14.90000052,-2.35));
#2567=CARTESIAN_POINT('',(-33.2999800184711,-14.90000052,-2.35));
#2568=VECTOR('',#2569,1.);
#2569=DIRECTION('',(1.,0.,0.));
#2570=CARTESIAN_POINT('',(-33.2999800184711,-14.90000052,-2.35));
#2571=VECTOR('',#2572,1.);
#2572=DIRECTION('',(0.,0.,1.));
#2573=CARTESIAN_POINT('',(-35.2999800184711,-12.90000052,-2.35));
#2574=AXIS2_PLACEMENT_3D('',#2575,#2576,#2577);
#2575=CARTESIAN_POINT('',(-33.2999800184711,-12.90000052,-2.35));
#2576=DIRECTION('',(0.,0.,1.));
#2577=DIRECTION('',(-1.,0.,0.));
#2578=CARTESIAN_POINT('',(-35.2999800184711,-12.90000052,-2.35));
#2579=VECTOR('',#2580,1.);
#2580=DIRECTION('',(0.,0.,1.));
#2581=CARTESIAN_POINT('',(-35.2999800184711,-6.90000052,-2.35));
#2582=CARTESIAN_POINT('',(-35.2999800184711,-6.90000052,-2.35));
#2583=VECTOR('',#2584,1.);
#2584=DIRECTION('',(0.,-1.,0.));
#2585=CARTESIAN_POINT('',(-35.2999800184711,-6.90000052,-2.35));
#2586=VECTOR('',#2587,1.);
#2587=DIRECTION('',(0.,0.,1.));
#2588=CARTESIAN_POINT('',(-33.2999800184711,-4.90000052,-2.35));
#2589=AXIS2_PLACEMENT_3D('',#2590,#2591,#2592);
#2590=CARTESIAN_POINT('',(-33.2999800184711,-6.90000052,-2.35));
#2591=DIRECTION('',(0.,0.,1.));
#2592=DIRECTION('',(0.,1.,0.));
#2593=CARTESIAN_POINT('',(-33.2999800184711,-4.90000052,-2.35));
#2594=VECTOR('',#2595,1.);
#2595=DIRECTION('',(0.,0.,1.));
#2596=CARTESIAN_POINT('',(-27.2999800184712,-4.90000052,-2.35));
#2597=VECTOR('',#2598,1.);
#2598=DIRECTION('',(-1.,1.48029736616688E-016,0.));
#2599=CARTESIAN_POINT('',(-3.29998665485714,-4.90000052,-2.35));
#2600=CARTESIAN_POINT('',(-3.29998665485714,-4.90000052,-2.35));
#2601=VECTOR('',#2602,1.);
#2602=DIRECTION('',(0.,0.,1.));
#2603=CARTESIAN_POINT('',(-1.29998665485714,-6.90000052,-2.35));
#2604=AXIS2_PLACEMENT_3D('',#2605,#2606,#2607);
#2605=CARTESIAN_POINT('',(-3.29998665485714,-6.90000052,-2.35));
#2606=DIRECTION('',(0.,0.,1.));
#2607=DIRECTION('',(1.,0.,0.));
#2608=CARTESIAN_POINT('',(-1.29998665485714,-6.90000052,-2.35));
#2609=VECTOR('',#2610,1.);
#2610=DIRECTION('',(0.,0.,1.));
#2611=CARTESIAN_POINT('',(-1.29998665485714,-12.90000052,-2.35));
#2612=CARTESIAN_POINT('',(-1.29998665485714,-12.90000052,-2.35));
#2613=VECTOR('',#2614,1.);
#2614=DIRECTION('',(1.11022302462516E-016,1.,0.));
#2615=CARTESIAN_POINT('',(-1.29998665485714,-12.90000052,-2.35));
#2616=VECTOR('',#2617,1.);
#2617=DIRECTION('',(0.,0.,1.));
#2618=CARTESIAN_POINT('',(-3.29998665485714,-14.90000052,-2.35));
#2619=AXIS2_PLACEMENT_3D('',#2620,#2621,#2622);
#2620=CARTESIAN_POINT('',(-3.29998665485714,-12.90000052,-2.35));
#2621=DIRECTION('',(0.,0.,1.));
#2622=DIRECTION('',(-2.22044604925031E-016,-1.,0.));
#2623=CARTESIAN_POINT('',(-3.29998665485714,-14.90000052,-2.35));
#2624=VECTOR('',#2625,1.);
#2625=DIRECTION('',(0.,0.,1.));
#2626=CARTESIAN_POINT('',(-9.29998665485714,-14.90000052,-2.35));
#2627=CARTESIAN_POINT('',(-9.29998665485714,-14.90000052,-2.35));
#2628=VECTOR('',#2629,1.);
#2629=DIRECTION('',(1.,-2.96059473233375E-016,0.));
#2630=CARTESIAN_POINT('',(-9.29998665485714,-14.90000052,-2.35));
#2631=VECTOR('',#2632,1.);
#2632=DIRECTION('',(0.,0.,1.));
#2633=CARTESIAN_POINT('',(-11.2999866548571,-12.90000052,-2.35));
#2634=AXIS2_PLACEMENT_3D('',#2635,#2636,#2637);
#2635=CARTESIAN_POINT('',(-9.29998665485714,-12.90000052,-2.35));
#2636=DIRECTION('',(0.,0.,1.));
#2637=DIRECTION('',(-1.,0.,0.));
#2638=CARTESIAN_POINT('',(-11.2999866548571,-12.90000052,-2.35));
#2639=VECTOR('',#2640,1.);
#2640=DIRECTION('',(0.,0.,1.));
#2641=CARTESIAN_POINT('',(-11.2999866548571,-6.90000052,-2.35));
#2642=CARTESIAN_POINT('',(-11.2999866548571,-6.90000052,-2.35));
#2643=VECTOR('',#2644,1.);
#2644=DIRECTION('',(-2.96059473233375E-016,-1.,0.));
#2645=CARTESIAN_POINT('',(-11.2999866548571,-6.90000052,-2.35));
#2646=VECTOR('',#2647,1.);
#2647=DIRECTION('',(0.,0.,1.));
#2648=CARTESIAN_POINT('',(-9.29998665485714,-4.90000052,-2.35));
#2649=AXIS2_PLACEMENT_3D('',#2650,#2651,#2652);
#2650=CARTESIAN_POINT('',(-9.29998665485714,-6.90000052,-2.35));
#2651=DIRECTION('',(0.,0.,1.));
#2652=DIRECTION('',(0.,1.,0.));
#2653=CARTESIAN_POINT('',(-9.29998665485714,-4.90000052,-2.35));
#2654=VECTOR('',#2655,1.);
#2655=DIRECTION('',(0.,0.,1.));
#2656=CARTESIAN_POINT('',(-3.29998665485714,-4.90000052,-2.35));
#2657=VECTOR('',#2658,1.);
#2658=DIRECTION('',(-1.,1.48029736616688E-016,0.));
#2659=CARTESIAN_POINT('',(-14.3999866548571,-4.90000052,-2.35));
#2660=CARTESIAN_POINT('',(-14.3999866548571,-4.90000052,-2.35));
#2661=VECTOR('',#2662,1.);
#2662=DIRECTION('',(0.,0.,1.));
#2663=CARTESIAN_POINT('',(-12.3999866548571,-6.90000052,-2.35));
#2664=AXIS2_PLACEMENT_3D('',#2665,#2666,#2667);
#2665=CARTESIAN_POINT('',(-14.3999866548571,-6.90000052,-2.35));
#2666=DIRECTION('',(0.,0.,1.));
#2667=DIRECTION('',(1.,0.,0.));
#2668=CARTESIAN_POINT('',(-12.3999866548571,-6.90000052,-2.35));
#2669=VECTOR('',#2670,1.);
#2670=DIRECTION('',(0.,0.,1.));
#2671=CARTESIAN_POINT('',(-12.3999866548571,-12.90000052,-2.35));
#2672=CARTESIAN_POINT('',(-12.3999866548571,-12.90000052,-2.35));
#2673=VECTOR('',#2674,1.);
#2674=DIRECTION('',(2.96059473233375E-016,1.,0.));
#2675=CARTESIAN_POINT('',(-12.3999866548571,-12.90000052,-2.35));
#2676=VECTOR('',#2677,1.);
#2677=DIRECTION('',(0.,0.,1.));
#2678=CARTESIAN_POINT('',(-14.3999866548571,-14.90000052,-2.35));
#2679=AXIS2_PLACEMENT_3D('',#2680,#2681,#2682);
#2680=CARTESIAN_POINT('',(-14.3999866548571,-12.90000052,-2.35));
#2681=DIRECTION('',(0.,0.,1.));
#2682=DIRECTION('',(0.,-1.,0.));
#2683=CARTESIAN_POINT('',(-14.3999866548571,-14.90000052,-2.35));
#2684=VECTOR('',#2685,1.);
#2685=DIRECTION('',(0.,0.,1.));
#2686=CARTESIAN_POINT('',(-22.1999800184712,-14.90000052,-2.35));
#2687=CARTESIAN_POINT('',(-22.1999800184712,-14.90000052,-2.35));
#2688=VECTOR('',#2689,1.);
#2689=DIRECTION('',(1.,-2.27738250097331E-016,0.));
#2690=CARTESIAN_POINT('',(-22.1999800184712,-14.90000052,-2.35));
#2691=VECTOR('',#2692,1.);
#2692=DIRECTION('',(0.,0.,1.));
#2693=CARTESIAN_POINT('',(-24.1999800184712,-12.90000052,-2.35));
#2694=AXIS2_PLACEMENT_3D('',#2695,#2696,#2697);
#2695=CARTESIAN_POINT('',(-22.1999800184712,-12.90000052,-2.35));
#2696=DIRECTION('',(0.,0.,1.));
#2697=DIRECTION('',(-1.,0.,0.));
#2698=CARTESIAN_POINT('',(-24.1999800184711,-12.90000052,-2.35));
#2699=VECTOR('',#2700,1.);
#2700=DIRECTION('',(0.,0.,1.));
#2701=CARTESIAN_POINT('',(-24.1999800184711,-6.90000052,-2.35));
#2702=CARTESIAN_POINT('',(-24.1999800184711,-6.90000052,-2.35));
#2703=VECTOR('',#2704,1.);
#2704=DIRECTION('',(0.,-1.,0.));
#2705=CARTESIAN_POINT('',(-24.1999800184711,-6.90000052,-2.35));
#2706=VECTOR('',#2707,1.);
#2707=DIRECTION('',(0.,0.,1.));
#2708=CARTESIAN_POINT('',(-22.1999800184711,-4.90000052,-2.35));
#2709=AXIS2_PLACEMENT_3D('',#2710,#2711,#2712);
#2710=CARTESIAN_POINT('',(-22.1999800184711,-6.90000052,-2.35));
#2711=DIRECTION('',(0.,0.,1.));
#2712=DIRECTION('',(0.,1.,0.));
#2713=CARTESIAN_POINT('',(-22.1999800184711,-4.90000052,-2.35));
#2714=VECTOR('',#2715,1.);
#2715=DIRECTION('',(0.,0.,1.));
#2716=CARTESIAN_POINT('',(-14.3999866548571,-4.90000052,-2.35));
#2717=VECTOR('',#2718,1.);
#2718=DIRECTION('',(-1.,1.13869125048666E-016,0.));
#2719=CARTESIAN_POINT('',(-27.15,-20.2,-0.25));
#2720=AXIS2_PLACEMENT_3D('',#2721,#2722,#2723);
#2721=CARTESIAN_POINT('',(-28.5,-20.2,-0.25));
#2722=DIRECTION('',(0.,0.,-1.));
#2723=DIRECTION('',(1.,0.,0.));
#2724=CARTESIAN_POINT('',(-27.15,-2.7,-0.25));
#2725=AXIS2_PLACEMENT_3D('',#2726,#2727,#2728);
#2726=CARTESIAN_POINT('',(-28.5,-2.7,-0.25));
#2727=DIRECTION('',(0.,0.,-1.));
#2728=DIRECTION('',(1.,0.,0.));
#2729=CARTESIAN_POINT('',(-6.75,-20.2,-0.25));
#2730=AXIS2_PLACEMENT_3D('',#2731,#2732,#2733);
#2731=CARTESIAN_POINT('',(-8.1,-20.2,-0.25));
#2732=DIRECTION('',(0.,0.,-1.));
#2733=DIRECTION('',(1.,0.,0.));
#2734=CARTESIAN_POINT('',(-6.75000000000001,-2.7,-0.25));
#2735=AXIS2_PLACEMENT_3D('',#2736,#2737,#2738);
#2736=CARTESIAN_POINT('',(-8.10000000000001,-2.7,-0.25));
#2737=DIRECTION('',(0.,0.,-1.));
#2738=DIRECTION('',(1.,0.,0.));
#2739=CARTESIAN_POINT('',(-0.300000000000009,-2.7,-4.05));
#2740=AXIS2_PLACEMENT_3D('',#2741,#2742,#2743);
#2741=CARTESIAN_POINT('',(-2.70000000000001,-2.7,-4.05));
#2742=DIRECTION('',(0.,0.,-1.));
#2743=DIRECTION('',(1.,1.85037170770859E-016,0.));
#2744=CARTESIAN_POINT('',(-5.7,-2.7,-4.05));
#2745=AXIS2_PLACEMENT_3D('',#2746,#2747,#2748);
#2746=CARTESIAN_POINT('',(-8.1,-2.7,-4.05));
#2747=DIRECTION('',(0.,0.,-1.));
#2748=DIRECTION('',(1.,1.85037170770859E-016,0.));
#2749=CARTESIAN_POINT('',(-5.7,-20.2,-4.05));
#2750=AXIS2_PLACEMENT_3D('',#2751,#2752,#2753);
#2751=CARTESIAN_POINT('',(-8.1,-20.2,-4.05));
#2752=DIRECTION('',(0.,0.,-1.));
#2753=DIRECTION('',(1.,0.,0.));
#2754=CARTESIAN_POINT('',(-0.300000000000004,-20.2,-4.05));
#2755=AXIS2_PLACEMENT_3D('',#2756,#2757,#2758);
#2756=CARTESIAN_POINT('',(-2.7,-20.2,-4.05));
#2757=DIRECTION('',(0.,0.,-1.));
#2758=DIRECTION('',(1.,0.,0.));
#2759=CARTESIAN_POINT('',(-26.1,-2.7,-4.05));
#2760=AXIS2_PLACEMENT_3D('',#2761,#2762,#2763);
#2761=CARTESIAN_POINT('',(-28.5,-2.7,-4.05));
#2762=DIRECTION('',(0.,0.,-1.));
#2763=DIRECTION('',(1.,1.8503717077086E-016,0.));
#2764=CARTESIAN_POINT('',(-31.5,-2.7,-4.05));
#2765=AXIS2_PLACEMENT_3D('',#2766,#2767,#2768);
#2766=CARTESIAN_POINT('',(-33.9,-2.7,-4.05));
#2767=DIRECTION('',(0.,0.,-1.));
#2768=DIRECTION('',(1.,1.8503717077086E-016,0.));
#2769=CARTESIAN_POINT('',(-31.5,-20.2,-4.05));
#2770=AXIS2_PLACEMENT_3D('',#2771,#2772,#2773);
#2771=CARTESIAN_POINT('',(-33.9,-20.2,-4.05));
#2772=DIRECTION('',(0.,0.,-1.));
#2773=DIRECTION('',(1.,0.,0.));
#2774=CARTESIAN_POINT('',(-26.1,-20.2,-4.05));
#2775=AXIS2_PLACEMENT_3D('',#2776,#2777,#2778);
#2776=CARTESIAN_POINT('',(-28.5,-20.2,-4.04999999999999));
#2777=DIRECTION('',(0.,0.,-1.));
#2778=DIRECTION('',(1.,0.,0.));
#2779=CARTESIAN_POINT('',(-10.6999866548571,-9.90000052,-3.6));
#2780=AXIS2_PLACEMENT_3D('',#2781,#2782,#2783);
#2781=CARTESIAN_POINT('',(-6.29998665485714,-9.90000052,-3.6));
#2782=DIRECTION('',(-0.,0.,-1.));
#2783=DIRECTION('',(-1.,0.,0.));
#2784=CARTESIAN_POINT('',(-34.6999800184711,-9.90000052,-3.6));
#2785=AXIS2_PLACEMENT_3D('',#2786,#2787,#2788);
#2786=CARTESIAN_POINT('',(-30.2999800184711,-9.90000052,-3.6));
#2787=DIRECTION('',(-0.,0.,-1.));
#2788=DIRECTION('',(-1.,0.,0.));
#2789=CARTESIAN_POINT('',(-1.35000000000001,-2.7,-3.));
#2790=AXIS2_PLACEMENT_3D('',#2791,#2792,#2793);
#2791=CARTESIAN_POINT('',(-2.70000000000001,-2.7,-3.));
#2792=DIRECTION('',(0.,0.,-1.));
#2793=DIRECTION('',(1.,0.,0.));
#2794=CARTESIAN_POINT('',(-32.55,-2.7,-3.));
#2795=AXIS2_PLACEMENT_3D('',#2796,#2797,#2798);
#2796=CARTESIAN_POINT('',(-33.9,-2.7,-3.));
#2797=DIRECTION('',(0.,0.,-1.));
#2798=DIRECTION('',(1.,0.,0.));
#2799=CARTESIAN_POINT('',(-1.35,-20.2,-3.));
#2800=AXIS2_PLACEMENT_3D('',#2801,#2802,#2803);
#2801=CARTESIAN_POINT('',(-2.7,-20.2,-3.));
#2802=DIRECTION('',(0.,0.,-1.));
#2803=DIRECTION('',(1.,0.,0.));
#2804=CARTESIAN_POINT('',(-32.55,-20.2,-3.));
#2805=AXIS2_PLACEMENT_3D('',#2806,#2807,#2808);
#2806=CARTESIAN_POINT('',(-33.9,-20.2,-3.));
#2807=DIRECTION('',(0.,0.,-1.));
#2808=DIRECTION('',(1.,0.,0.));
#2809=CARTESIAN_POINT('',(-33.7999800184711,-9.90000052,-2.35));
#2810=AXIS2_PLACEMENT_3D('',#2811,#2812,#2813);
#2811=CARTESIAN_POINT('',(-30.2999800184711,-9.90000052,-2.35));
#2812=DIRECTION('',(0.,0.,1.));
#2813=DIRECTION('',(-1.,1.22464679914735E-016,0.));
#2814=CARTESIAN_POINT('',(-9.79998665485714,-9.90000052,-2.35));
#2815=AXIS2_PLACEMENT_3D('',#2816,#2817,#2818);
#2816=CARTESIAN_POINT('',(-6.29998665485714,-9.90000052,-2.35));
#2817=DIRECTION('',(0.,0.,1.));
#2818=DIRECTION('',(-1.,1.22464679914735E-016,0.));
#2819=CARTESIAN_POINT('',(-27.15,-20.2,-3.));
#2820=AXIS2_PLACEMENT_3D('',#2821,#2822,#2823);
#2821=CARTESIAN_POINT('',(-28.5,-20.2,-3.));
#2822=DIRECTION('',(0.,0.,-1.));
#2823=DIRECTION('',(1.,0.,0.));
#2824=CARTESIAN_POINT('',(-27.15,-2.7,-3.));
#2825=AXIS2_PLACEMENT_3D('',#2826,#2827,#2828);
#2826=CARTESIAN_POINT('',(-28.5,-2.7,-3.));
#2827=DIRECTION('',(0.,0.,-1.));
#2828=DIRECTION('',(1.,0.,0.));
#2829=CARTESIAN_POINT('',(-6.75,-20.2,-3.));
#2830=AXIS2_PLACEMENT_3D('',#2831,#2832,#2833);
#2831=CARTESIAN_POINT('',(-8.1,-20.2,-3.));
#2832=DIRECTION('',(0.,0.,-1.));
#2833=DIRECTION('',(1.,0.,0.));
#2834=CARTESIAN_POINT('',(-6.75000000000001,-2.7,-3.));
#2835=AXIS2_PLACEMENT_3D('',#2836,#2837,#2838);
#2836=CARTESIAN_POINT('',(-8.10000000000001,-2.7,-3.));
#2837=DIRECTION('',(0.,0.,-1.));
#2838=DIRECTION('',(1.,0.,0.));
#2839=CARTESIAN_POINT('',(-9.79998665485714,-9.90000052,-3.6));
#2840=AXIS2_PLACEMENT_3D('',#2841,#2842,#2843);
#2841=CARTESIAN_POINT('',(-6.29998665485714,-9.90000052,-3.6));
#2842=DIRECTION('',(0.,-0.,1.));
#2843=DIRECTION('',(-1.,1.22464679914735E-016,0.));
#2844=CARTESIAN_POINT('',(-33.7999800184711,-9.90000052,-3.6));
#2845=AXIS2_PLACEMENT_3D('',#2846,#2847,#2848);
#2846=CARTESIAN_POINT('',(-30.2999800184711,-9.90000052,-3.6));
#2847=DIRECTION('',(0.,-0.,1.));
#2848=DIRECTION('',(-1.,1.22464679914735E-016,0.));
ENDSEC;
END-ISO-10303-21;
