  0
SECTION
  2
HEADER
  9
$ACADVER
  1
AC1032
  9
$ACADMAINTVER
 90
       55
  9
$DWGCODEPAGE
  3
ANSI_1251
  9
$LASTSAVEDBY
  1
gocal
  9
$REQUIREDVERSIONS
160
                 0
  9
$INSBASE
 10
0.0
 20
0.0
 30
0.0
  9
$EXTMIN
 10
0.0
 20
0.0
 30
0.0
  9
$EXTMAX
 10
51.63496315550851
 20
31.82364249823634
 30
0.0
  9
$LIMMIN
 10
0.0
 20
0.0
  9
$LIMMAX
 10
420.0
 20
297.0
  9
$ORTHOMODE
 70
     0
  9
$REGENMODE
 70
     1
  9
$FILLMODE
 70
     1
  9
$QTEXTMODE
 70
     0
  9
$MIRRTEXT
 70
     1
  9
$LTSCALE
 40
1.0
  9
$ATTMODE
 70
     1
  9
$TEXTSIZE
 40
2.5
  9
$TRACEWID
 40
1.0
  9
$TEXTSTYLE
  7
Standard
  9
$CLAYER
  8
0
  9
$CELTYPE
  6
ByLayer
  9
$CECOLOR
 62
   256
  9
$CELTSCALE
 40
1.0
  9
$DISPSILH
 70
     0
  9
$DIMSCALE
 40
1.0
  9
$DIMASZ
 40
2.5
  9
$DIMEXO
 40
0.625
  9
$DIMDLI
 40
3.75
  9
$DIMRND
 40
0.0
  9
$DIMDLE
 40
0.0
  9
$DIMEXE
 40
1.25
  9
$DIMTP
 40
0.0
  9
$DIMTM
 40
0.0
  9
$DIMTXT
 40
2.5
  9
$DIMCEN
 40
2.5
  9
$DIMTSZ
 40
0.0
  9
$DIMTOL
 70
     0
  9
$DIMLIM
 70
     0
  9
$DIMTIH
 70
     0
  9
$DIMTOH
 70
     0
  9
$DIMSE1
 70
     0
  9
$DIMSE2
 70
     0
  9
$DIMTAD
 70
     1
  9
$DIMZIN
 70
     8
  9
$DIMBLK
  1

  9
$DIMASO
 70
     1
  9
$DIMSHO
 70
     1
  9
$DIMPOST
  1

  9
$DIMAPOST
  1

  9
$DIMALT
 70
     0
  9
$DIMALTD
 70
     3
  9
$DIMALTF
 40
0.03937007874016
  9
$DIMLFAC
 40
1.0
  9
$DIMTOFL
 70
     1
  9
$DIMTVP
 40
0.0
  9
$DIMTIX
 70
     0
  9
$DIMSOXD
 70
     0
  9
$DIMSAH
 70
     0
  9
$DIMBLK1
  1

  9
$DIMBLK2
  1

  9
$DIMSTYLE
  2
ISO-25
  9
$DIMCLRD
 70
     0
  9
$DIMCLRE
 70
     0
  9
$DIMCLRT
 70
     0
  9
$DIMTFAC
 40
1.0
  9
$DIMGAP
 40
0.625
  9
$DIMJUST
 70
     0
  9
$DIMSD1
 70
     0
  9
$DIMSD2
 70
     0
  9
$DIMTOLJ
 70
     0
  9
$DIMTZIN
 70
     8
  9
$DIMALTZ
 70
     0
  9
$DIMALTTZ
 70
     0
  9
$DIMUPT
 70
     0
  9
$DIMDEC
 70
     2
  9
$DIMTDEC
 70
     2
  9
$DIMALTU
 70
     2
  9
$DIMALTTD
 70
     3
  9
$DIMTXSTY
  7
Standard
  9
$DIMAUNIT
 70
     0
  9
$DIMADEC
 70
     0
  9
$DIMALTRND
 40
0.0
  9
$DIMAZIN
 70
     0
  9
$DIMDSEP
 70
    44
  9
$DIMATFIT
 70
     3
  9
$DIMFRAC
 70
     0
  9
$DIMLDRBLK
  1

  9
$DIMLUNIT
 70
     2
  9
$DIMLWD
 70
    -2
  9
$DIMLWE
 70
    -2
  9
$DIMTMOVE
 70
     0
  9
$DIMFXL
 40
1.0
  9
$DIMFXLON
 70
     0
  9
$DIMJOGANG
 40
0.7853981633974483
  9
$DIMTFILL
 70
     0
  9
$DIMTFILLCLR
 70
     0
  9
$DIMARCSYM
 70
     0
  9
$DIMLTYPE
  6

  9
$DIMLTEX1
  6

  9
$DIMLTEX2
  6

  9
$DIMTXTDIRECTION
 70
     0
  9
$LUNITS
 70
     2
  9
$LUPREC
 70
     4
  9
$SKETCHINC
 40
1.0
  9
$FILLETRAD
 40
0.0
  9
$AUNITS
 70
     0
  9
$AUPREC
 70
     0
  9
$MENU
  1
.
  9
$ELEVATION
 40
0.0
  9
$PELEVATION
 40
0.0
  9
$THICKNESS
 40
0.0
  9
$LIMCHECK
 70
     0
  9
$CHAMFERA
 40
0.0
  9
$CHAMFERB
 40
0.0
  9
$CHAMFERC
 40
0.0
  9
$CHAMFERD
 40
0.0
  9
$SKPOLY
 70
     0
  9
$TDCREATE
 40
2460797.658396551
  9
$TDUCREATE
 40
2460797.533396551
  9
$TDUPDATE
 40
2460797.658397951
  9
$TDUUPDATE
 40
2460797.533397951
  9
$TDINDWG
 40
0.0000000116
  9
$TDUSRTIMER
 40
0.0000000116
  9
$USRTIMER
 70
     1
  9
$ANGBASE
 50
0.0
  9
$ANGDIR
 70
     0
  9
$PDMODE
 70
     0
  9
$PDSIZE
 40
0.0
  9
$PLINEWID
 40
0.0
  9
$SPLFRAME
 70
     0
  9
$SPLINETYPE
 70
     6
  9
$SPLINESEGS
 70
     8
  9
$HANDSEED
  5
10C
  9
$SURFTAB1
 70
     6
  9
$SURFTAB2
 70
     6
  9
$SURFTYPE
 70
     6
  9
$SURFU
 70
     6
  9
$SURFV
 70
     6
  9
$UCSBASE
  2

  9
$UCSNAME
  2

  9
$UCSORG
 10
0.0
 20
0.0
 30
0.0
  9
$UCSXDIR
 10
1.0
 20
0.0
 30
0.0
  9
$UCSYDIR
 10
0.0
 20
1.0
 30
0.0
  9
$UCSORTHOREF
  2

  9
$UCSORTHOVIEW
 70
     0
  9
$UCSORGTOP
 10
0.0
 20
0.0
 30
0.0
  9
$UCSORGBOTTOM
 10
0.0
 20
0.0
 30
0.0
  9
$UCSORGLEFT
 10
0.0
 20
0.0
 30
0.0
  9
$UCSORGRIGHT
 10
0.0
 20
0.0
 30
0.0
  9
$UCSORGFRONT
 10
0.0
 20
0.0
 30
0.0
  9
$UCSORGBACK
 10
0.0
 20
0.0
 30
0.0
  9
$PUCSBASE
  2

  9
$PUCSNAME
  2

  9
$PUCSORG
 10
0.0
 20
0.0
 30
0.0
  9
$PUCSXDIR
 10
1.0
 20
0.0
 30
0.0
  9
$PUCSYDIR
 10
0.0
 20
1.0
 30
0.0
  9
$PUCSORTHOREF
  2

  9
$PUCSORTHOVIEW
 70
     0
  9
$PUCSORGTOP
 10
0.0
 20
0.0
 30
0.0
  9
$PUCSORGBOTTOM
 10
0.0
 20
0.0
 30
0.0
  9
$PUCSORGLEFT
 10
0.0
 20
0.0
 30
0.0
  9
$PUCSORGRIGHT
 10
0.0
 20
0.0
 30
0.0
  9
$PUCSORGFRONT
 10
0.0
 20
0.0
 30
0.0
  9
$PUCSORGBACK
 10
0.0
 20
0.0
 30
0.0
  9
$USERI1
 70
     0
  9
$USERI2
 70
     0
  9
$USERI3
 70
     0
  9
$USERI4
 70
     0
  9
$USERI5
 70
     0
  9
$USERR1
 40
0.0
  9
$USERR2
 40
0.0
  9
$USERR3
 40
0.0
  9
$USERR4
 40
0.0
  9
$USERR5
 40
0.0
  9
$WORLDVIEW
 70
     1
  9
$SHADEDGE
 70
     3
  9
$SHADEDIF
 70
    70
  9
$TILEMODE
 70
     1
  9
$MAXACTVP
 70
    64
  9
$PINSBASE
 10
0.0
 20
0.0
 30
0.0
  9
$PLIMCHECK
 70
     0
  9
$PEXTMIN
 10
1.000000000000000E+20
 20
1.000000000000000E+20
 30
1.000000000000000E+20
  9
$PEXTMAX
 10
-1.000000000000000E+20
 20
-1.000000000000000E+20
 30
-1.000000000000000E+20
  9
$PLIMMIN
 10
0.0
 20
0.0
  9
$PLIMMAX
 10
420.0
 20
297.0
  9
$UNITMODE
 70
     0
  9
$VISRETAIN
 70
     1
  9
$PLINEGEN
 70
     0
  9
$PSLTSCALE
 70
     1
  9
$TREEDEPTH
 70
  3020
  9
$CMLSTYLE
  2
Standard
  9
$CMLJUST
 70
     0
  9
$CMLSCALE
 40
20.0
  9
$PROXYGRAPHICS
 70
     1
  9
$MEASUREMENT
 70
     1
  9
$CELWEIGHT
370
    -1
  9
$ENDCAPS
280
     0
  9
$JOINSTYLE
280
     0
  9
$LWDISPLAY
290
     0
  9
$INSUNITS
 70
     4
  9
$HYPERLINKBASE
  1

  9
$STYLESHEET
  1

  9
$XEDIT
290
     1
  9
$CEPSNTYPE
380
     0
  9
$PSTYLEMODE
290
     1
  9
$FINGERPRINTGUID
  2
{7c309663-8cb7-4a40-821e-1d1344a1fd69}
  9
$VERSIONGUID
  2
{FAEB1C32-E019-11D5-929B-00C0DF256EC4}
  9
$EXTNAMES
290
     1
  9
$PSVPSCALE
 40
0.0
  9
$OLESTARTUP
290
     0
  9
$SORTENTS
280
   127
  9
$INDEXCTL
280
     0
  9
$HIDETEXT
280
     1
  9
$XCLIPFRAME
280
     2
  9
$HALOGAP
280
     0
  9
$OBSCOLOR
 70
   257
  9
$OBSLTYPE
280
     0
  9
$INTERSECTIONDISPLAY
280
     0
  9
$INTERSECTIONCOLOR
 70
   257
  9
$DIMASSOC
280
     2
  9
$PROJECTNAME
  1

  9
$CAMERADISPLAY
290
     0
  9
$LENSLENGTH
 40
50.0
  9
$CAMERAHEIGHT
 40
0.0
  9
$STEPSPERSEC
 40
2.0
  9
$STEPSIZE
 40
6.0
  9
$3DDWFPREC
 40
2.0
  9
$PSOLWIDTH
 40
5.0
  9
$PSOLHEIGHT
 40
80.0
  9
$LOFTANG1
 40
1.570796326794897
  9
$LOFTANG2
 40
1.570796326794897
  9
$LOFTMAG1
 40
0.0
  9
$LOFTMAG2
 40
0.0
  9
$LOFTPARAM
 70
     7
  9
$LOFTNORMALS
280
     1
  9
$LATITUDE
 40
37.795
  9
$LONGITUDE
 40
-122.394
  9
$NORTHDIRECTION
 40
0.0
  9
$TIMEZONE
 70
 -8000
  9
$LIGHTGLYPHDISPLAY
280
     1
  9
$TILEMODELIGHTSYNCH
280
     1
  9
$CMATERIAL
347
44
  9
$SOLIDHIST
280
     0
  9
$SHOWHIST
280
     1
  9
$DWFFRAME
280
     2
  9
$DGNFRAME
280
     2
  9
$REALWORLDSCALE
290
     1
  9
$INTERFERECOLOR
 62
   256
  9
$CSHADOW
280
     0
  9
$SHADOWPLANELOCATION
 40
0.0
  0
ENDSEC
  0
SECTION
  2
CLASSES
  0
CLASS
  1
ACDBDICTIONARYWDFLT
  2
AcDbDictionaryWithDefault
  3
ObjectDBX Classes
 90
        0
 91
        3
280
     0
281
     0
  0
CLASS
  1
VISUALSTYLE
  2
AcDbVisualStyle
  3
ObjectDBX Classes
 90
     4095
 91
        3
280
     0
281
     0
  0
CLASS
  1
MATERIAL
  2
AcDbMaterial
  3
ObjectDBX Classes
 90
     1153
 91
        3
280
     0
281
     0
  0
CLASS
  1
SCALE
  2
AcDbScale
  3
ObjectDBX Classes
 90
     1153
 91
        3
280
     0
281
     0
  0
CLASS
  1
TABLESTYLE
  2
AcDbTableStyle
  3
ObjectDBX Classes
 90
     4095
 91
        3
280
     0
281
     0
  0
CLASS
  1
MLEADERSTYLE
  2
AcDbMLeaderStyle
  3
ACDB_MLEADERSTYLE_CLASS
 90
     4095
 91
        3
280
     0
281
     0
  0
CLASS
  1
SUN
  2
AcDbSun
  3
SCENEOE
 90
     1153
 91
        3
280
     0
281
     0
  0
CLASS
  1
DICTIONARYVAR
  2
AcDbDictionaryVar
  3
ObjectDBX Classes
 90
        0
 91
        3
280
     0
281
     0
  0
CLASS
  1
CELLSTYLEMAP
  2
AcDbCellStyleMap
  3
ObjectDBX Classes
 90
     1152
 91
        3
280
     0
281
     0
  0
ENDSEC
  0
SECTION
  2
TABLES
  0
TABLE
  2
VPORT
  5
8
330
0
100
AcDbSymbolTable
 70
     1
  0
VPORT
  5
29
330
8
100
AcDbSymbolTableRecord
100
AcDbViewportTableRecord
  2
*Active
 70
     0
 10
0.0
 20
0.0
 11
1.0
 21
1.0
 12
25.99292450136988
 22
15.91182124911816
 13
0.0
 23
0.0
 14
10.0
 24
10.0
 15
10.0
 25
10.0
 16
0.0
 26
0.0
 36
1.0
 17
0.0
 27
0.0
 37
0.0
 40
32.46011534820106
 41
1.633560614741723
 42
50.0
 43
0.0
 44
0.0
 50
0.0
 51
0.0
 71
     0
 72
   100
 73
     1
 74
     3
 75
     0
 76
     0
 77
     0
 78
     0
281
     0
 65
     1
110
0.0
120
0.0
130
0.0
111
1.0
121
0.0
131
0.0
112
0.0
122
1.0
132
0.0
 79
     0
146
0.0
348
2F
 60
     3
 61
     5
292
     1
282
     1
141
0.0
142
0.0
 63
   250
361
5D
  0
ENDTAB
  0
TABLE
  2
LTYPE
  5
5
330
0
100
AcDbSymbolTable
 70
     3
  0
LTYPE
  5
14
330
5
100
AcDbSymbolTableRecord
100
AcDbLinetypeTableRecord
  2
ByBlock
 70
     0
  3

 72
    65
 73
     0
 40
0.0
  0
LTYPE
  5
15
330
5
100
AcDbSymbolTableRecord
100
AcDbLinetypeTableRecord
  2
ByLayer
 70
     0
  3

 72
    65
 73
     0
 40
0.0
  0
LTYPE
  5
16
330
5
100
AcDbSymbolTableRecord
100
AcDbLinetypeTableRecord
  2
Continuous
 70
     0
  3
Solid line
 72
    65
 73
     0
 40
0.0
  0
LTYPE
  5
60
330
5
100
AcDbSymbolTableRecord
100
AcDbLinetypeTableRecord
  2
K5LT_THIN
 70
     0
  3

 72
    65
 73
     0
 40
0.0
  0
LTYPE
  5
6A
330
5
100
AcDbSymbolTableRecord
100
AcDbLinetypeTableRecord
  2
K5LT_BASIC
 70
     0
  3

 72
    65
 73
     0
 40
0.0
  0
ENDTAB
  0
TABLE
  2
LAYER
  5
2
330
0
100
AcDbSymbolTable
 70
     2
  0
LAYER
  5
10
330
2
100
AcDbSymbolTableRecord
100
AcDbLayerTableRecord
  2
0
 70
     0
 62
     7
  6
Continuous
370
    -3
390
F
347
46
348
0
  0
LAYER
  5
5F
330
2
100
AcDbSymbolTableRecord
100
AcDbLayerTableRecord
  2
Системный слой
 70
     0
 62
     7
  6
Continuous
370
    -3
390
F
347
46
348
0
  0
ENDTAB
  0
TABLE
  2
STYLE
  5
3
330
0
100
AcDbSymbolTable
 70
     2
  0
STYLE
  5
11
330
3
100
AcDbSymbolTableRecord
100
AcDbTextStyleTableRecord
  2
Standard
 70
     0
 40
0.0
 41
1.0
 50
0.0
 71
     0
 42
2.5
  3
txt
  4

  0
STYLE
  5
E8
330
3
100
AcDbSymbolTableRecord
100
AcDbTextStyleTableRecord
  2
KTEXTSTYLE
 70
     0
 40
5.0
 41
0.96
 50
0.0
 71
     0
 42
2.5
  3
GOST_AU.SHX
  4

  0
ENDTAB
  0
TABLE
  2
VIEW
  5
6
330
0
100
AcDbSymbolTable
 70
     0
  0
ENDTAB
  0
TABLE
  2
UCS
  5
7
330
0
100
AcDbSymbolTable
 70
     0
  0
ENDTAB
  0
TABLE
  2
APPID
  5
9
330
0
100
AcDbSymbolTable
 70
     2
  0
APPID
  5
12
330
9
100
AcDbSymbolTableRecord
100
AcDbRegAppTableRecord
  2
ACAD
 70
     0
  0
APPID
  5
5E
330
9
100
AcDbSymbolTableRecord
100
AcDbRegAppTableRecord
  2
KOMPAS
 70
     0
  0
ENDTAB
  0
TABLE
  2
DIMSTYLE
  5
A
330
0
100
AcDbSymbolTable
 70
     1
100
AcDbDimStyleTable
  0
DIMSTYLE
105
27
330
A
100
AcDbSymbolTableRecord
100
AcDbDimStyleTableRecord
  2
ISO-25
 70
     0
 41
2.5
 42
0.625
 43
3.75
 44
1.25
 73
     0
 74
     0
 77
     1
 78
     8
140
2.5
141
2.5
143
0.03937007874016
147
0.625
171
     3
172
     1
178
     0
271
     2
272
     2
274
     3
278
    44
283
     0
284
     8
340
11
  0
ENDTAB
  0
TABLE
  2
BLOCK_RECORD
  5
1
330
0
100
AcDbSymbolTable
 70
     4
  0
BLOCK_RECORD
  5
1F
330
1
100
AcDbSymbolTableRecord
100
AcDbBlockTableRecord
  2
*Model_Space
340
22
 70
     0
280
     1
281
     0
  0
BLOCK_RECORD
  5
1B
330
1
100
AcDbSymbolTableRecord
100
AcDbBlockTableRecord
  2
*Paper_Space
340
1E
 70
     0
280
     1
281
     0
  0
BLOCK_RECORD
  5
23
330
1
100
AcDbSymbolTableRecord
100
AcDbBlockTableRecord
  2
*Paper_Space0
340
26
 70
     0
280
     1
281
     0
  0
BLOCK_RECORD
  5
DF
330
1
100
AcDbSymbolTableRecord
100
AcDbBlockTableRecord
  2
U0
340
0
102
{BLKREFS
331
E0
102
}
 70
     0
280
     1
281
     0
  0
BLOCK_RECORD
  5
EC
330
1
100
AcDbSymbolTableRecord
100
AcDbBlockTableRecord
  2
U1
340
0
102
{BLKREFS
331
ED
102
}
 70
     0
280
     1
281
     0
  0
BLOCK_RECORD
  5
F6
330
1
100
AcDbSymbolTableRecord
100
AcDbBlockTableRecord
  2
U2
340
0
102
{BLKREFS
331
F7
102
}
 70
     0
280
     1
281
     0
  0
ENDTAB
  0
ENDSEC
  0
SECTION
  2
BLOCKS
  0
BLOCK
  5
20
330
1F
100
AcDbEntity
  8
0
100
AcDbBlockBegin
  2
*Model_Space
 70
     0
 10
0.0
 20
0.0
 30
0.0
  3
*Model_Space
  1

  0
ENDBLK
  5
21
330
1F
100
AcDbEntity
  8
0
100
AcDbBlockEnd
  0
BLOCK
  5
1C
330
1B
100
AcDbEntity
 67
     1
  8
0
100
AcDbBlockBegin
  2
*Paper_Space
 70
     0
 10
0.0
 20
0.0
 30
0.0
  3
*Paper_Space
  1

  0
ENDBLK
  5
1D
330
1B
100
AcDbEntity
 67
     1
  8
0
100
AcDbBlockEnd
  0
BLOCK
  5
24
330
23
100
AcDbEntity
  8
0
100
AcDbBlockBegin
  2
*Paper_Space0
 70
     0
 10
0.0
 20
0.0
 30
0.0
  3
*Paper_Space0
  1

  0
ENDBLK
  5
25
330
23
100
AcDbEntity
  8
0
100
AcDbBlockEnd
  0
BLOCK
  5
EA
330
DF
100
AcDbEntity
  8
0
100
AcDbBlockBegin
  2
U0
 70
     0
 10
0.0
 20
0.0
 30
0.0
  3
U0
  1

  0
LINE
  5
E1
330
DF
100
AcDbEntity
  8
0
  6
K5LT_THIN
 62
     7
370
    18
100
AcDbLine
 10
6.525883767335692
 20
22.9
 30
0.0
 11
10.13241723816145
 21
26.42508522324905
 31
0.0
  0
LINE
  5
E2
330
DF
100
AcDbEntity
  8
0
  6
K5LT_THIN
 62
     7
370
    18
100
AcDbLine
 10
10.13241723816145
 20
26.42508522324905
 30
0.0
 11
10.12702518705044
 21
25.59847743648429
 31
0.0
  0
LINE
  5
E3
330
DF
100
AcDbEntity
  8
0
  6
K5LT_THIN
 62
     7
370
    18
100
AcDbLine
 10
10.12702518705044
 20
25.59847743648429
 30
0.0
 11
10.92188678476493
 21
25.37153130227159
 31
0.0
  0
LINE
  5
E4
330
DF
100
AcDbEntity
  8
0
  6
K5LT_THIN
 62
     7
370
    18
100
AcDbLine
 10
10.92188678476493
 20
25.37153130227159
 30
0.0
 11
6.525883767335692
 21
22.9
 31
0.0
  0
HATCH
  5
E5
330
DF
100
AcDbEntity
  8
0
 62
     7
100
AcDbHatch
 10
0.0
 20
0.0
 30
0.0
210
0.0
220
0.0
230
1.0
  2
SOLID
 70
     1
 71
     0
 91
        1
 92
        1
 93
        4
 72
     1
 10
6.525883767335692
 20
22.9
 11
10.92188678476493
 21
25.37153130227159
 72
     1
 10
10.92188678476493
 20
25.37153130227159
 11
10.12702518705044
 21
25.59847743648429
 72
     1
 10
10.12702518705044
 20
25.59847743648429
 11
10.13241723816145
 21
26.42508522324905
 72
     1
 10
10.13241723816145
 20
26.42508522324905
 11
6.525883767335692
 21
22.9
 97
        0
 75
     0
 76
     1
 98
        0
  0
LINE
  5
E6
330
DF
100
AcDbEntity
  8
0
  6
K5LT_THIN
 62
     7
370
    18
100
AcDbLine
 10
12.89871411690002
 20
27.67541337607448
 30
0.0
 11
6.525883767335692
 21
22.9
 31
0.0
  0
LINE
  5
E7
330
DF
100
AcDbEntity
  8
0
  6
K5LT_THIN
 62
     7
370
    18
100
AcDbLine
 10
12.89871411690002
 20
27.67541337607448
 30
0.0
 11
41.29048161873108
 21
27.67541337607448
 31
0.0
  0
MTEXT
  5
E9
330
DF
100
AcDbEntity
  8
0
 62
     7
100
AcDbMText
 10
14.89871411690002
 20
31.82364249823634
 30
0.0
 40
2.5
 41
0.0
 46
0.0
 71
     1
 72
     1
  1
\H3.5;\W0.965;\Q15;\Q15;\H2.50;Board for reference
  7
KTEXTSTYLE
 73
     1
 44
1.0
  0
ENDBLK
  5
EB
330
DF
100
AcDbEntity
  8
0
100
AcDbBlockEnd
  0
BLOCK
  5
F4
330
EC
100
AcDbEntity
  8
0
100
AcDbBlockBegin
  2
U1
 70
     0
 10
0.0
 20
0.0
 30
0.0
  3
U1
  1

  0
LINE
  5
EE
330
EC
100
AcDbEntity
  8
0
  6
K5LT_THIN
 62
     7
370
    18
100
AcDbLine
 10
29.06638226862237
 20
17.22353314170651
 30
0.0
 11
27.01575519134173
 21
21.83094435596542
 31
0.0
  0
LINE
  5
EF
330
EC
100
AcDbEntity
  8
0
  6
K5LT_THIN
 62
     7
370
    18
100
AcDbLine
 10
27.01575519134173
 20
21.83094435596542
 30
0.0
 11
27.78887953932122
 21
21.53838966036714
 31
0.0
  0
LINE
  5
F0
330
EC
100
AcDbEntity
  8
0
  6
K5LT_THIN
 62
     7
370
    18
100
AcDbLine
 10
27.78887953932122
 20
21.53838966036714
 30
0.0
 11
28.27811439190046
 21
22.20469196891566
 31
0.0
  0
LINE
  5
F1
330
EC
100
AcDbEntity
  8
0
  6
K5LT_THIN
 62
     7
370
    18
100
AcDbLine
 10
28.27811439190046
 20
22.20469196891566
 30
0.0
 11
29.06638226862237
 21
17.22353314170651
 31
0.0
  0
HATCH
  5
F2
330
EC
100
AcDbEntity
  8
0
 62
     7
100
AcDbHatch
 10
0.0
 20
0.0
 30
0.0
210
0.0
220
0.0
230
1.0
  2
SOLID
 70
     1
 71
     0
 91
        1
 92
        1
 93
        4
 72
     1
 10
29.06638226862237
 20
17.22353314170651
 11
28.27811439190046
 21
22.20469196891566
 72
     1
 10
28.27811439190046
 20
22.20469196891566
 11
27.78887953932122
 21
21.53838966036714
 72
     1
 10
27.78887953932122
 20
21.53838966036714
 11
27.01575519134173
 21
21.83094435596542
 72
     1
 10
27.01575519134173
 20
21.83094435596542
 11
29.06638226862237
 21
17.22353314170651
 97
        0
 75
     0
 76
     1
 98
        0
  0
LINE
  5
F3
330
EC
100
AcDbEntity
  8
0
  6
K5LT_THIN
 62
     7
370
    18
100
AcDbLine
 10
25.97188643359551
 20
27.67541337607448
 30
0.0
 11
29.06638226862237
 21
17.22353314170651
 31
0.0
  0
ENDBLK
  5
F5
330
EC
100
AcDbEntity
  8
0
100
AcDbBlockEnd
  0
BLOCK
  5
FE
330
F6
100
AcDbEntity
  8
0
100
AcDbBlockBegin
  2
U2
 70
     0
 10
0.0
 20
0.0
 30
0.0
  3
U2
  1

  0
LINE
  5
F8
330
F6
100
AcDbEntity
  8
0
  6
K5LT_THIN
 62
     7
370
    18
100
AcDbLine
 10
7.177542238744504
 20
17.31159966985852
 30
0.0
 11
9.01768235657779
 21
22.00704361629169
 31
0.0
  0
LINE
  5
F9
330
F6
100
AcDbEntity
  8
0
  6
K5LT_THIN
 62
     7
370
    18
100
AcDbLine
 10
9.01768235657779
 20
22.00704361629169
 30
0.0
 11
9.352324426191126
 21
21.25118371353177
 31
0.0
  0
LINE
  5
FA
330
F6
100
AcDbEntity
  8
0
  6
K5LT_THIN
 62
     7
370
    18
100
AcDbLine
 10
9.352324426191126
 20
21.25118371353177
 30
0.0
 11
10.17025142634816
 21
21.37078693158814
 31
0.0
  0
LINE
  5
FB
330
F6
100
AcDbEntity
  8
0
  6
K5LT_THIN
 62
     7
370
    18
100
AcDbLine
 10
10.17025142634816
 20
21.37078693158814
 30
0.0
 11
7.177542238744504
 21
17.31159966985852
 31
0.0
  0
HATCH
  5
FC
330
F6
100
AcDbEntity
  8
0
 62
     7
100
AcDbHatch
 10
0.0
 20
0.0
 30
0.0
210
0.0
220
0.0
230
1.0
  2
SOLID
 70
     1
 71
     0
 91
        1
 92
        1
 93
        4
 72
     1
 10
7.177542238744504
 20
17.31159966985852
 11
10.17025142634816
 21
21.37078693158814
 72
     1
 10
10.17025142634816
 20
21.37078693158814
 11
9.352324426191126
 21
21.25118371353177
 72
     1
 10
9.352324426191126
 20
21.25118371353177
 11
9.01768235657779
 21
22.00704361629169
 72
     1
 10
9.01768235657779
 20
22.00704361629169
 11
7.177542238744504
 21
17.31159966985852
 97
        0
 75
     0
 76
     1
 98
        0
  0
LINE
  5
FD
330
F6
100
AcDbEntity
  8
0
  6
K5LT_THIN
 62
     7
370
    18
100
AcDbLine
 10
12.89871411690002
 20
27.67541337607448
 30
0.0
 11
7.177542238744504
 21
17.31159966985852
 31
0.0
  0
ENDBLK
  5
FF
330
F6
100
AcDbEntity
  8
0
100
AcDbBlockEnd
  0
ENDSEC
  0
SECTION
  2
ENTITIES
  0
LINE
  5
61
330
1F
100
AcDbEntity
  8
0
  6
K5LT_THIN
 62
     7
370
    18
100
AcDbLine
 10
0.0
 20
22.9
 30
0.0
 11
36.6
 21
22.9
 31
0.0
  0
LINE
  5
62
330
1F
100
AcDbEntity
  8
0
  6
K5LT_THIN
 62
     7
370
    18
100
AcDbLine
 10
36.6
 20
22.9
 30
0.0
 11
36.6
 21
0.0
 31
0.0
  0
LINE
  5
63
330
1F
100
AcDbEntity
  8
0
  6
K5LT_THIN
 62
     7
370
    18
100
AcDbLine
 10
36.6
 20
0.0
 30
0.0
 11
0.0
 21
0.0
 31
0.0
  0
LINE
  5
64
330
1F
100
AcDbEntity
  8
0
  6
K5LT_THIN
 62
     7
370
    18
100
AcDbLine
 10
0.0
 20
0.0
 30
0.0
 11
0.0
 21
22.9
 31
0.0
  0
CIRCLE
  5
65
330
1F
100
AcDbEntity
  8
0
  6
K5LT_THIN
 62
     7
370
    18
100
AcDbCircle
 10
6.299986654857137
 20
12.99999947999999
 30
0.0
 40
4.4
  0
CIRCLE
  5
66
330
1F
100
AcDbEntity
  8
0
  6
K5LT_THIN
 62
     7
370
    18
100
AcDbCircle
 10
30.29998001847115
 20
12.99999948
 30
0.0
 40
4.4
  0
LINE
  5
67
330
1F
100
AcDbEntity
  8
0
  6
K5LT_THIN
 62
     7
370
    18
100
AcDbLine
 10
10.8
 20
0.0
 30
0.0
 11
10.8
 21
3.099999999999991
 31
0.0
  0
LINE
  5
68
330
1F
100
AcDbEntity
  8
0
  6
K5LT_THIN
 62
     7
370
    18
100
AcDbLine
 10
20.30000000000001
 20
2.980643948163273
 30
0.0
 11
20.30000000000001
 21
0.0
 31
0.0
  0
LINE
  5
69
330
1F
100
AcDbEntity
  8
0
  6
K5LT_THIN
 62
     7
370
    18
100
AcDbLine
 10
13.00872359573519
 20
5.099999999999991
 30
0.0
 11
18.08422050404398
 21
5.099999999999998
 31
0.0
  0
LINE
  5
6B
330
1F
100
AcDbEntity
  8
0
  6
K5LT_BASIC
 62
   150
420
    33023
370
    60
100
AcDbLine
 10
16.42534130046407
 20
13.40540924866102
 30
0.0
 11
16.42534130046407
 21
12.21449037515638
 31
0.0
  0
LINE
  5
6C
330
1F
100
AcDbEntity
  8
0
  6
K5LT_BASIC
 62
   150
420
    33023
370
    60
100
AcDbLine
 10
16.56668691220008
 20
13.40533356497966
 30
0.0
 11
17.75625550761013
 21
12.21449037515638
 31
0.0
  0
LINE
  5
6D
330
1F
100
AcDbEntity
  8
0
  6
K5LT_BASIC
 62
   150
420
    33023
370
    60
100
AcDbLine
 10
16.42534130046407
 20
12.12449037515639
 30
0.0
 11
12.82534130046407
 21
12.12449037515639
 31
0.0
  0
LINE
  5
6E
330
1F
100
AcDbEntity
  8
0
  6
K5LT_BASIC
 62
   150
420
    33023
370
    60
100
AcDbLine
 10
16.56214193818046
 20
10.84804592878328
 30
0.0
 11
17.75901264942921
 21
12.12449037515639
 31
0.0
  0
LINE
  5
6F
330
1F
100
AcDbEntity
  8
0
  6
K5LT_BASIC
 62
   150
420
    33023
370
    60
100
AcDbLine
 10
17.75901264942921
 20
12.12449037515639
 30
0.0
 11
21.40120734278953
 21
12.12449037515639
 31
0.0
  0
LINE
  5
70
330
1F
100
AcDbEntity
  8
0
  6
K5LT_BASIC
 62
   150
420
    33023
370
    60
100
AcDbLine
 10
16.42534130046407
 20
12.21449037515638
 30
0.0
 11
12.82534130046407
 21
12.21449037515638
 31
0.0
  0
LINE
  5
71
330
1F
100
AcDbEntity
  8
0
  6
K5LT_BASIC
 62
   150
420
    33023
370
    60
100
AcDbLine
 10
21.40120734278953
 20
12.21449037515638
 30
0.0
 11
17.75625550761013
 21
12.21449037515638
 31
0.0
  0
LINE
  5
72
330
1F
100
AcDbEntity
  8
0
  6
K5LT_BASIC
 62
   150
420
    33023
370
    60
100
AcDbLine
 10
21.40120734278953
 20
12.21449037515638
 30
0.0
 11
21.40120734278953
 21
12.12449037515639
 31
0.0
  0
LINE
  5
73
330
1F
100
AcDbEntity
  8
0
  6
K5LT_BASIC
 62
   150
420
    33023
370
    60
100
AcDbLine
 10
12.82534130046407
 20
12.21449037515638
 30
0.0
 11
12.82534130046407
 21
12.12449037515639
 31
0.0
  0
LINE
  5
74
330
1F
100
AcDbEntity
  8
0
  6
K5LT_BASIC
 62
   150
420
    33023
370
    60
100
AcDbLine
 10
16.65668691577635
 20
13.18788969628729
 30
0.0
 11
17.67597458766778
 21
12.16750988193592
 31
0.0
  0
LINE
  5
75
330
1F
100
AcDbEntity
  8
0
  6
K5LT_BASIC
 62
   150
420
    33023
370
    60
100
AcDbLine
 10
16.65214194175674
 20
11.07560790571903
 30
0.0
 11
17.67597458766778
 21
12.16750988193592
 31
0.0
  0
LINE
  5
76
330
1F
100
AcDbEntity
  8
0
  6
K5LT_BASIC
 62
   150
420
    33023
370
    60
100
AcDbLine
 10
16.42534130046407
 20
12.12449037515639
 30
0.0
 11
16.42534130046407
 21
10.84364465477784
 31
0.0
  0
SPLINE
  5
77
330
1F
100
AcDbEntity
  8
0
  6
K5LT_BASIC
 62
   150
420
    33023
370
    60
100
AcDbSpline
210
0.0
220
0.0
230
1.0
 70
    11
 71
     2
 72
    24
 73
    21
 74
     0
 42
0.0
 43
0.0
 40
0.0
 40
0.0
 40
0.0
 40
0.162770192939839
 40
0.162770192939839
 40
0.329475166275898
 40
0.329475166275898
 40
0.4598458088544296
 40
0.4598458088544296
 40
0.5878326248168899
 40
0.5878326248168899
 40
5.005483088488205
 40
5.005483088488205
 40
5.154239686464773
 40
5.154239686464773
 40
5.328507895204947
 40
5.328507895204947
 40
5.456947131925604
 40
5.456947131925604
 40
5.582349536328682
 40
5.582349536328682
 40
9.999999999999998
 40
9.999999999999998
 40
9.999999999999998
 10
11.62505132485295
 20
11.78504224796862
 30
0.0
 10
11.61697738487813
 20
11.76643873915654
 30
0.0
 10
11.59826225326906
 20
11.75553709432935
 30
0.0
 10
11.58017961450733
 20
11.7462353399233
 30
0.0
 10
11.55819028685799
 20
11.7462353399233
 30
0.0
 10
11.54918615690834
 20
11.7462353399233
 30
0.0
 10
11.52723403685799
 20
11.75553709432935
 30
0.0
 10
11.51629514809625
 20
11.76487605633438
 30
0.0
 10
11.52503882485295
 20
11.78504224796862
 30
0.0
 10
11.74443007127662
 20
12.28975564333942
 30
0.0
 10
11.96382131770028
 20
12.79446903871021
 30
0.0
 10
11.96921634688316
 20
12.80685895116157
 30
0.0
 10
11.9899406525023
 20
12.82006746712633
 30
0.0
 10
12.01066499445698
 20
12.83327594675553
 30
0.0
 10
12.03068235569525
 20
12.83327594675553
 30
0.0
 10
12.04869057925899
 20
12.83327594675553
 30
0.0
 10
12.06029916846705
 20
12.82317422897114
 30
0.0
 10
12.07190775767511
 20
12.8130725475223
 30
0.0
 10
12.06383381770028
 20
12.79446903871021
 30
0.0
 10
11.84444257127662
 20
12.28975564333942
 30
0.0
 10
11.62505132485295
 20
11.78504224796862
 30
0.0
  0
SPLINE
  5
78
330
1F
100
AcDbEntity
  8
0
  6
K5LT_BASIC
 62
   150
420
    33023
370
    60
100
AcDbSpline
210
0.0
220
0.0
230
1.0
 70
    11
 71
     2
 72
    48
 73
    45
 74
     0
 42
0.0
 43
0.0
 40
0.0
 40
0.0
 40
0.0
 40
0.1402792572985395
 40
0.1402792572985395
 40
0.2841179783810558
 40
0.2841179783810558
 40
0.3654553097154007
 40
0.3654553097154007
 40
0.4408027999995804
 40
0.4408027999995804
 40
3.450671144786809
 40
3.450671144786809
 40
6.631311674334256
 40
6.631311674334256
 40
6.773380180771148
 40
6.773380180771148
 40
6.918971303898894
 40
6.918971303898894
 40
7.03282989300603
 40
7.03282989300603
 40
7.144606489300036
 40
7.144606489300036
 40
11.0004618763155
 40
11.0004618763155
 40
11.13009284119422
 40
11.13009284119422
 40
11.28108896399328
 40
11.28108896399328
 40
11.36137223499311
 40
11.36137223499311
 40
11.44133637392527
 40
11.44133637392527
 40
14.45517982158692
 40
14.45517982158692
 40
17.64003254071618
 40
17.64003254071618
 40
17.7701294168291
 40
17.7701294168291
 40
17.9223256901007
 40
17.9223256901007
 40
18.03452648418567
 40
18.03452648418567
 40
18.14414461298453
 40
18.14414461298453
 40
22.0
 40
22.0
 40
22.0
 10
12.50637423741882
 20
11.78563756955251
 30
0.0
 10
12.50202102100774
 20
11.77555445556762
 30
0.0
 10
12.47891546538861
 20
11.75691373915654
 30
0.0
 10
12.45852602816041
 20
11.74683062517165
 30
0.0
 10
12.43951319942386
 20
11.74683062517165
 30
0.0
 10
12.42814645960925
 20
11.74915608194093
 30
0.0
 10
12.41677971979465
 20
11.75148153871021
 30
0.0
 10
12.41077078339616
 20
11.76039261332683
 30
0.0
 10
12.40476184699767
 20
11.76930368794345
 30
0.0
 10
12.33877518757904
 20
12.19353826393337
 30
0.0
 10
12.27278852816041
 20
12.6177728399233
 30
0.0
 10
12.09192513278961
 20
12.20168660093841
 30
0.0
 10
11.91106173741882
 20
11.78560036195352
 30
0.0
 10
11.90298783377954
 20
11.76699685314143
 30
0.0
 10
11.88427270217048
 20
11.75613241591323
 30
0.0
 10
11.86619006340875
 20
11.74683062517165
 30
0.0
 10
11.84420069942385
 20
11.74683062517165
 30
0.0
 10
11.83519660580976
 20
11.74683062517165
 30
0.0
 10
11.81324444942386
 20
11.75613241591323
 30
0.0
 10
11.80230559699767
 20
11.76547137791827
 30
0.0
 10
11.81104923741882
 20
11.78563756955251
 30
0.0
 10
12.03031027541379
 20
12.29005330413136
 30
0.0
 10
12.24957131340875
 20
12.79446903871021
 30
0.0
 10
12.25496634259163
 20
12.80689615876057
 30
0.0
 10
12.27556042161429
 20
12.82008607092582
 30
0.0
 10
12.29615453697249
 20
12.83327594675553
 30
0.0
 10
12.31594865261681
 20
12.83327594675553
 30
0.0
 10
12.32785490261681
 20
12.83327594675553
 30
0.0
 10
12.33819846979465
 20
12.82862506955251
 30
0.0
 10
12.34854203697249
 20
12.82397419234949
 30
0.0
 10
12.35073724897753
 20
12.81076571272028
 30
0.0
 10
12.41670530459666
 20
12.38595441894596
 30
0.0
 10
12.4826733602158
 20
11.96114312517165
 30
0.0
 10
12.66375998301278
 20
12.37778747814143
 30
0.0
 10
12.84484660580976
 20
12.79443183111122
 30
0.0
 10
12.85027884259163
 20
12.80685895116157
 30
0.0
 10
12.87100314821076
 20
12.82006746712633
 30
0.0
 10
12.89172749016544
 20
12.83327594675553
 30
0.0
 10
12.91174485140371
 20
12.83327594675553
 30
0.0
 10
12.92975307496746
 20
12.83327594675553
 30
0.0
 10
12.94138026797501
 20
12.82319283277064
 30
0.0
 10
12.95300746098256
 20
12.81310975512129
 30
0.0
 10
12.94489631340875
 20
12.79446903871021
 30
0.0
 10
12.72563527541378
 20
12.29005330413136
 30
0.0
 10
12.50637423741882
 20
11.78563756955251
 30
0.0
  0
SPLINE
  5
79
330
1F
100
AcDbEntity
  8
0
  6
K5LT_BASIC
 62
   150
420
    33023
370
    60
100
AcDbSpline
210
0.0
220
0.0
230
1.0
 70
    11
 71
     2
 72
    28
 73
    25
 74
     0
 42
0.0
 43
0.0
 40
0.0
 40
0.0
 40
0.0
 40
0.8516921307390558
 40
0.8516921307390558
 40
1.782950741392665
 40
1.782950741392665
 40
2.147033973491495
 40
2.147033973491495
 40
2.861665132566477
 40
2.861665132566477
 40
3.513009806821514
 40
3.513009806821514
 40
5.996236061996037
 40
5.996236061996037
 40
6.840473597700316
 40
6.840473597700316
 40
7.77518139773183
 40
7.77518139773183
 40
8.139264763197328
 40
8.139264763197328
 40
8.87109083542567
 40
8.87109083542567
 40
9.516773744825477
 40
9.516773744825477
 40
12.0
 40
12.0
 40
12.0
 10
22.47275291246653
 20
11.99387855163761
 30
0.0
 10
22.43130426489272
 20
11.89847972124164
 30
0.0
 10
22.31417656004034
 20
11.82983275483056
 30
0.0
 10
22.19704881885243
 20
11.76118575208394
 30
0.0
 10
22.07307498845646
 20
11.76118575208394
 30
0.0
 10
22.02347802204538
 20
11.76118575208394
 30
0.0
 10
21.97388105563431
 20
11.76118575208394
 30
0.0
 10
21.85980426489272
 20
11.76118575208394
 30
0.0
 10
21.79738949864186
 20
11.82866071546229
 30
0.0
 10
21.73497469605545
 20
11.89613567884063
 30
0.0
 10
21.77742791246653
 20
11.99387855163761
 30
0.0
 10
21.91228480205797
 20
12.30411077025171
 30
0.0
 10
22.04714169164941
 20
12.61434298886581
 30
0.0
 10
22.08758573405042
 20
12.70743498445977
 30
0.0
 10
22.20422977645143
 20
12.77723538643963
 30
0.0
 10
22.32087381885243
 20
12.84703575208394
 30
0.0
 10
22.44585221808566
 20
12.84703575208394
 30
0.0
 10
22.49544920266451
 20
12.84703575208394
 30
0.0
 10
22.54504618724336
 20
12.84703575208394
 30
0.0
 10
22.66704801489271
 20
12.84703575208394
 30
0.0
 10
22.7258351492484
 20
12.77917014525171
 30
0.0
 10
22.78462224726854
 20
12.71130450208394
 30
0.0
 10
22.74246669164941
 20
12.61434298886581
 30
0.0
 10
22.60760980205797
 20
12.30411077025171
 30
0.0
 10
22.47275291246653
 20
11.99387855163761
 30
0.0
  0
SPLINE
  5
7A
330
1F
100
AcDbEntity
  8
0
  6
K5LT_BASIC
 62
   150
420
    33023
370
    60
100
AcDbSpline
210
0.0
220
0.0
230
1.0
 70
    11
 71
     2
 72
    28
 73
    25
 74
     0
 42
0.0
 43
0.0
 40
0.0
 40
0.0
 40
0.0
 40
3.011114578123678
 40
3.011114578123678
 40
3.529779272669868
 40
3.529779272669868
 40
4.124105023266346
 40
4.124105023266346
 40
4.56505056981811
 40
4.56505056981811
 40
5.313765655186368
 40
5.313765655186368
 40
6.003380573758286
 40
6.003380573758286
 40
9.01449515188195
 40
9.01449515188195
 40
9.53302556594096
 40
9.53302556594096
 40
10.11618112559248
 40
10.11618112559248
 40
10.5571268342133
 40
10.5571268342133
 40
11.29953789650886
 40
11.29953789650886
 40
12.0
 40
12.0
 40
12.0
 10
22.37303807325847
 20
11.99454825208394
 30
0.0
 10
22.50759730205797
 20
12.30411075208394
 30
0.0
 10
22.64215653085747
 20
12.61367325208394
 30
0.0
 10
22.66976413328365
 20
12.67714847124164
 30
0.0
 10
22.63127345349422
 20
12.72280150483057
 30
0.0
 10
22.59278281004035
 20
12.76845450208394
 30
0.0
 10
22.51070408207056
 20
12.76845450208394
 30
0.0
 10
22.46127454985495
 20
12.76845450208394
 30
0.0
 10
22.41184501763934
 20
12.76845450208394
 30
0.0
 10
22.32980349726854
 20
12.76845450208394
 30
0.0
 10
22.25228266383984
 20
12.72317358082049
 30
0.0
 10
22.17476179407559
 20
12.6778926232215
 30
0.0
 10
22.14685653085747
 20
12.61367325208394
 30
0.0
 10
22.01229730205797
 20
12.30411075208394
 30
0.0
 10
21.87773807325848
 20
11.99454825208394
 30
0.0
 10
21.85050251048668
 20
11.93185442884063
 30
0.0
 10
21.89029545624085
 20
11.88581071546229
 30
0.0
 10
21.93008836565948
 20
11.83976700208394
 30
0.0
 10
22.00818591687258
 20
11.83976700208394
 30
0.0
 10
22.05761546725596
 20
11.83976700208394
 30
0.0
 10
22.10704501763934
 20
11.83976700208394
 30
0.0
 10
22.18711453526351
 20
11.83976700208394
 30
0.0
 10
22.26562137006552
 20
11.8838759566502
 30
0.0
 10
22.34412820486754
 20
11.92798487488092
 30
0.0
 10
22.37303807325847
 20
11.99454825208394
 30
0.0
  0
SPLINE
  5
7B
330
1F
100
AcDbEntity
  8
0
  6
K5LT_BASIC
 62
   150
420
    33023
370
    60
100
AcDbSpline
210
0.0
220
0.0
230
1.0
 70
    11
 71
     2
 72
    48
 73
    45
 74
     0
 42
0.0
 43
0.0
 40
0.0
 40
0.0
 40
0.0
 40
0.934170073131203
 40
0.934170073131203
 40
1.955340333594745
 40
1.955340333594745
 40
2.354527504545992
 40
2.354527504545992
 40
3.138134636823806
 40
3.138134636823806
 40
3.852578032829225
 40
3.852578032829225
 40
7.428089930097316
 40
7.428089930097316
 40
7.577311016931252
 40
7.577311016931252
 40
7.752015260120103
 40
7.752015260120103
 40
7.880830420717585
 40
7.880830420717585
 40
8.006537411054405
 40
8.006537411054405
 40
11.57862844582728
 40
11.57862844582728
 40
12.04706114494521
 40
12.04706114494521
 40
12.57327084819893
 40
12.57327084819893
 40
12.97111055104269
 40
12.97111055104269
 40
13.6411173482478
 40
13.6411173482478
 40
14.27388361285073
 40
14.27388361285073
 40
17.8459746476236
 40
17.8459746476236
 40
17.99514741475435
 40
17.99514741475435
 40
18.16982288036989
 40
18.16982288036989
 40
18.29863804096739
 40
18.29863804096739
 40
18.42448810273191
 40
18.42448810273191
 40
22.0
 40
22.0
 40
22.0
 10
23.29435855191531
 20
11.99399017443459
 30
0.0
 10
23.2528726967425
 20
11.89855413643963
 30
0.0
 10
23.13572638809064
 20
11.82986996242956
 30
0.0
 10
23.01858004310323
 20
11.76118575208394
 30
0.0
 10
22.89460621270725
 20
11.76118575208394
 30
0.0
 10
22.84500924629618
 20
11.76118575208394
 30
0.0
 10
22.7954122798851
 20
11.76118575208394
 30
0.0
 10
22.68133548914351
 20
11.76118575208394
 30
0.0
 10
22.61892072289265
 20
11.82869792306128
 30
0.0
 10
22.55650592030625
 20
11.89621009403862
 30
0.0
 10
22.59903355191531
 20
11.99399017443459
 30
0.0
 10
22.77612041232387
 20
12.40140717002855
 30
0.0
 10
22.95320727273243
 20
12.80882416562251
 30
0.0
 10
22.95860230191531
 20
12.82125128567286
 30
0.0
 10
22.97932660753445
 20
12.83444119783812
 30
0.0
 10
23.00005094948913
 20
12.84763107366783
 30
0.0
 10
23.0200683107274
 20
12.84763107366783
 30
0.0
 10
23.03807653429114
 20
12.84763107366783
 30
0.0
 10
23.04970372729869
 20
12.83754795968293
 30
0.0
 10
23.06133092030625
 20
12.82746488203358
 30
0.0
 10
23.05321977273243
 20
12.8088613732215
 30
0.0
 10
22.87630034651934
 20
12.4018350392492
 30
0.0
 10
22.69938092030625
 20
11.99480870527689
 30
0.0
 10
22.67210814993545
 20
11.9320404668356
 30
0.0
 10
22.71186388809064
 20
11.88590373445977
 30
0.0
 10
22.75161958991028
 20
11.83976700208394
 30
0.0
 10
22.82971714112337
 20
11.83976700208394
 30
0.0
 10
22.87914669150675
 20
11.83976700208394
 30
0.0
 10
22.92857624189013
 20
11.83976700208394
 30
0.0
 10
23.0086457595143
 20
11.83976700208394
 30
0.0
 10
23.08717119811581
 20
11.88395037184819
 30
0.0
 10
23.16569663671732
 20
11.92813370527689
 30
0.0
 10
23.19468092030625
 20
11.99480870527689
 30
0.0
 10
23.37160034651934
 20
12.4018350392492
 30
0.0
 10
23.54851977273243
 20
12.8088613732215
 30
0.0
 10
23.55391480191531
 20
12.82128849327185
 30
0.0
 10
23.57463910753444
 20
12.83445980163761
 30
0.0
 10
23.59536344948913
 20
12.84763107366783
 30
0.0
 10
23.61538081072739
 20
12.84763107366783
 30
0.0
 10
23.63338903429114
 20
12.84763107366783
 30
0.0
 10
23.6450162272987
 20
12.83754795968293
 30
0.0
 10
23.65664342030625
 20
12.82746488203358
 30
0.0
 10
23.64853227273243
 20
12.80882416562251
 30
0.0
 10
23.47144541232387
 20
12.40140717002855
 30
0.0
 10
23.29435855191531
 20
11.99399017443459
 30
0.0
  0
SPLINE
  5
7C
330
1F
100
AcDbEntity
  8
0
  6
K5LT_BASIC
 62
   150
420
    33023
370
    60
100
AcDbSpline
210
0.0
220
0.0
230
1.0
 70
    11
 71
     2
 72
    38
 73
    35
 74
     0
 42
0.0
 43
0.0
 40
0.0
 40
0.0
 40
0.0
 40
1.15877617479542
 40
1.15877617479542
 40
1.321546008288506
 40
1.321546008288506
 40
1.45914180146661
 40
1.45914180146661
 40
1.614794617969892
 40
1.614794617969892
 40
1.83627718555037
 40
1.83627718555037
 40
4.621024717296851
 40
4.621024717296851
 40
4.77066712816824
 40
4.77066712816824
 40
4.904558153712091
 40
4.904558153712091
 40
5.075961383538662
 40
5.075961383538662
 40
5.284281961651545
 40
5.284281961651545
 40
6.443753208244615
 40
6.443753208244615
 40
11.37989018977354
 40
11.37989018977354
 40
11.569221175118
 40
11.569221175118
 40
11.76324634047902
 40
11.76324634047902
 40
11.91498257832677
 40
11.91498257832677
 40
12.06386301847109
 40
12.06386301847109
 40
17.0
 40
17.0
 40
17.0
 10
24.05483305094294
 20
12.76845450208394
 30
0.0
 10
23.93080340914848
 20
12.76845450208394
 30
0.0
 10
23.80677376735402
 20
12.76845450208394
 30
0.0
 10
23.78396583619128
 20
12.76845450208394
 30
0.0
 10
23.7748873273792
 20
12.77946780604366
 30
0.0
 10
23.76744591658726
 20
12.79204379282553
 30
0.0
 10
23.77425479819632
 20
12.80774514525171
 30
0.0
 10
23.77801272935906
 20
12.81637716287588
 30
0.0
 10
23.79706272935906
 20
12.83170647564769
 30
0.0
 10
23.81611272935906
 20
12.84703575208394
 30
0.0
 10
23.84092979819631
 20
12.84703575208394
 30
0.0
 10
24.13899533178524
 20
12.84703575208394
 30
0.0
 10
24.43706086537416
 20
12.84703575208394
 30
0.0
 10
24.45492025854193
 20
12.84703575208394
 30
0.0
 10
24.46531960078272
 20
12.83445980163761
 30
0.0
 10
24.47571897935905
 20
12.82188381485574
 30
0.0
 10
24.46957979819632
 20
12.80774514525171
 30
0.0
 10
24.46344065336913
 20
12.79360647564768
 30
0.0
 10
24.44511620154949
 20
12.78103048886581
 30
0.0
 10
24.4267917133943
 20
12.76845450208394
 30
0.0
 10
24.40305362859229
 20
12.76845450208394
 30
0.0
 10
24.27894958976762
 20
12.76845450208394
 30
0.0
 10
24.15484555094294
 20
12.76845450208394
 30
0.0
 10
23.94423515253942
 20
12.28390733468293
 30
0.0
 10
23.73362475413589
 20
11.79936016728193
 30
0.0
 10
23.72555081416107
 20
11.78075665846984
 30
0.0
 10
23.706835682552
 20
11.76989222124164
 30
0.0
 10
23.68875304379027
 20
11.7605904668356
 30
0.0
 10
23.66676371614093
 20
11.7605904668356
 30
0.0
 10
23.65775958619128
 20
11.7605904668356
 30
0.0
 10
23.63580746614092
 20
11.76989222124164
 30
0.0
 10
23.6248313697802
 20
11.77919397564768
 30
0.0
 10
23.63361225413589
 20
11.79936016728193
 30
0.0
 10
23.84422265253941
 20
12.28390733468293
 30
0.0
 10
24.05483305094294
 20
12.76845450208394
 30
0.0
  0
SPLINE
  5
7D
330
1F
100
AcDbEntity
  8
0
  6
K5LT_BASIC
 62
   150
420
    33023
370
    60
100
AcDbSpline
210
0.0
220
0.0
230
1.0
 70
    11
 71
     2
 72
    24
 73
    21
 74
     0
 42
0.0
 43
0.0
 40
0.0
 40
0.0
 40
0.0
 40
1.958592415630254
 40
1.958592415630254
 40
2.633637117191282
 40
2.633637117191282
 40
3.411594737169692
 40
3.411594737169692
 40
3.98631689895335
 40
3.98631689895335
 40
4.963286765217982
 40
4.963286765217982
 40
5.861271386971691
 40
5.861271386971691
 40
6.840567594786823
 40
6.840567594786823
 40
7.515423303839158
 40
7.515423303839158
 40
8.275618034451718
 40
8.275618034451718
 40
10.0
 40
10.0
 40
10.0
 10
11.7771373389524
 20
6.795142748978193
 30
0.0
 10
11.84440766053628
 20
6.949923998978193
 30
0.0
 10
11.91167798212017
 20
7.104705248978192
 30
0.0
 10
11.9395832453383
 20
7.168924620115752
 30
0.0
 10
11.90230181251614
 20
7.214205577714746
 30
0.0
 10
11.86502034335844
 20
7.259486498978192
 30
0.0
 10
11.78082085491715
 20
7.259486498978192
 30
0.0
 10
11.73129828553628
 20
7.259486498978192
 30
0.0
 10
11.68177571615542
 20
7.259486498978192
 30
0.0
 10
11.5985435889524
 20
7.259486498978192
 30
0.0
 10
11.52158086950859
 20
7.214596221168626
 30
0.0
 10
11.44461811372923
 20
7.169705943359059
 30
0.0
 10
11.41637798212017
 20
7.104705248978192
 30
0.0
 10
11.38274282132823
 20
7.027314623978192
 30
0.0
 10
11.34910766053628
 20
6.949923998978192
 30
0.0
 10
11.32183492650103
 20
6.887230175734889
 30
0.0
 10
11.36177666631564
 20
6.84118646235654
 30
0.0
 10
11.40171840613024
 20
6.795142748978193
 30
0.0
 10
11.4799647877393
 20
6.795142748978193
 30
0.0
 10
11.62855106334585
 20
6.795142748978193
 30
0.0
 10
11.7771373389524
 20
6.795142748978193
 30
0.0
  0
SPLINE
  5
7E
330
1F
100
AcDbEntity
  8
0
  6
K5LT_BASIC
 62
   150
420
    33023
370
    60
100
AcDbSpline
210
0.0
220
0.0
230
1.0
 70
    11
 71
     2
 72
    58
 73
    55
 74
     0
 42
0.0
 43
0.0
 40
0.0
 40
0.0
 40
0.0
 40
2.673606824587977
 40
2.673606824587977
 40
5.947614416806496
 40
5.947614416806496
 40
6.104728588859432
 40
6.104728588859432
 40
6.324438345431322
 40
6.324438345431322
 40
6.533381293994424
 40
6.533381293994424
 40
6.715009492505975
 40
6.715009492505975
 40
6.966180799910855
 40
6.966180799910855
 40
7.664025735568543
 40
7.664025735568543
 40
8.011135452506057
 40
8.011135452506057
 40
8.13312313895581
 40
8.13312313895581
 40
8.373615014068795
 40
8.373615014068795
 40
9.747490030136557
 40
9.747490030136557
 40
10.8039097026094
 40
10.8039097026094
 40
11.71722093317797
 40
11.71722093317797
 40
13.79551066537751
 40
13.79551066537751
 40
15.20517864177844
 40
15.20517864177844
 40
16.43912270137764
 40
16.43912270137764
 40
17.62603170802076
 40
17.62603170802076
 40
19.24139032326979
 40
19.24139032326979
 40
21.03198123925726
 40
21.03198123925726
 40
21.72978393213205
 40
21.72978393213205
 40
23.13262495025799
 40
23.13262495025799
 40
23.7148798333101
 40
23.7148798333101
 40
24.00339069309277
 40
24.00339069309277
 40
24.18163391736039
 40
24.18163391736039
 40
24.36526503465836
 40
24.36526503465836
 40
27.0
 40
27.0
 40
27.0
 10
11.86215543090708
 20
6.760651849744959
 30
0.0
 10
11.79205736813528
 20
6.599433794125824
 30
0.0
 10
11.6271185889524
 20
6.464595490166107
 30
0.0
 10
11.44744585491715
 20
6.318855577714747
 30
0.0
 10
11.21311595734333
 20
6.255305943359057
 30
0.0
 10
11.20200967072168
 20
6.253761846168626
 30
0.0
 10
11.19090338410003
 20
6.252217748978193
 30
0.0
 10
11.18093189291211
 20
6.252217748978193
 30
0.0
 10
11.16210513850607
 20
6.263789166922805
 30
0.0
 10
11.15458931251614
 20
6.276179079374166
 30
0.0
 10
11.16162143971916
 20
6.292401374521796
 30
0.0
 10
11.16668160051111
 20
6.303972756130861
 30
0.0
 10
11.17670890309751
 20
6.313255906737404
 30
0.0
 10
11.18673616934837
 20
6.322539057343952
 30
0.0
 10
11.2090231941252
 20
6.32793408652683
 30
0.0
 10
11.24794176130305
 20
6.337198633333881
 30
0.0
 10
11.30390111813528
 20
6.358071769348986
 30
0.0
 10
11.32687646532571
 20
6.367336316156037
 30
0.0
 10
11.34985181251614
 20
6.376600862963088
 30
0.0
 10
11.35783271532571
 20
6.380079718965605
 30
0.0
 10
11.36581361813528
 20
6.383558574968121
 30
0.0
 10
11.3811429127393
 20
6.391279042752511
 30
0.0
 10
11.39647220734333
 20
6.398999510536901
 30
0.0
 10
11.47378843531312
 20
6.436876264942946
 30
0.0
 10
11.56115053333326
 20
6.504853494572152
 30
0.0
 10
11.61789124974434
 20
6.552776155364094
 30
0.0
 10
11.66951603030053
 20
6.609554079374163
 30
0.0
 10
11.72114077452118
 20
6.666332039719781
 30
0.0
 10
11.7429813081101
 20
6.716561498978193
 30
0.0
 10
11.59465546752873
 20
6.716561498978193
 30
0.0
 10
11.44632962694736
 20
6.716561498978193
 30
0.0
 10
11.32090473652621
 20
6.716561498978193
 30
0.0
 10
11.26366171752873
 20
6.784148085153519
 30
0.0
 10
11.20641869853125
 20
6.851734671328846
 30
0.0
 10
11.24894633014031
 20
6.949626374521797
 30
0.0
 10
11.28271171752873
 20
7.027314642145967
 30
0.0
 10
11.31647710491715
 20
7.105002909770136
 30
0.0
 10
11.35703277011513
 20
7.198243735760066
 30
0.0
 10
11.47408609610506
 20
7.268155760536903
 30
0.0
 10
11.59113938575945
 20
7.338067748978195
 30
0.0
 10
11.71663872771413
 20
7.338067748978195
 30
0.0
 10
11.76644033591966
 20
7.338067748978195
 30
0.0
 10
11.8162419441252
 20
7.338067748978195
 30
0.0
 10
11.93880188575945
 20
7.338067748978195
 30
0.0
 10
11.9977750581101
 20
7.269867273755029
 30
0.0
 10
12.02750345734333
 20
7.237311133333882
 30
0.0
 10
12.03122418090708
 20
7.195453202171143
 30
0.0
 10
12.02975449891463
 20
7.174914934546972
 30
0.0
 10
12.02828481692218
 20
7.154376666922801
 30
0.0
 10
12.02540126433578
 20
7.141986718135894
 30
0.0
 10
12.02251771174937
 20
7.129596769348987
 30
0.0
 10
12.01729013492974
 20
7.117578896552008
 30
0.0
 10
12.0120625581101
 20
7.10556102375503
 30
0.0
 10
11.93710899450859
 20
6.933106436749995
 30
0.0
 10
11.86215543090708
 20
6.760651849744959
 30
0.0
  0
SPLINE
  5
7F
330
1F
100
AcDbEntity
  8
0
  6
K5LT_BASIC
 62
   150
420
    33023
370
    60
100
AcDbSpline
210
0.0
220
0.0
230
1.0
 70
    11
 71
     2
 72
    24
 73
    21
 74
     0
 42
0.0
 43
0.0
 40
0.0
 40
0.0
 40
0.0
 40
4.02809701240467
 40
4.02809701240467
 40
4.263968129734827
 40
4.263968129734827
 40
4.463359389734922
 40
4.463359389734922
 40
4.688917056847539
 40
4.688917056847539
 40
5.009869559110451
 40
5.009869559110451
 40
9.03796657151511
 40
9.03796657151511
 40
9.254814626764244
 40
9.254814626764244
 40
9.448837156350555
 40
9.448837156350555
 40
9.69740155834687
 40
9.69740155834687
 40
10.0
 40
10.0
 40
10.0
 10
12.51610617278204
 20
6.602261498978193
 30
0.0
 10
12.21858014937852
 20
6.602261498978193
 30
0.0
 10
11.92105412597499
 20
6.602261498978193
 30
0.0
 10
11.8982462311478
 20
6.602261498978193
 30
0.0
 10
11.88916768600017
 20
6.613274802937909
 30
0.0
 10
11.88172627520822
 20
6.62585078971978
 30
0.0
 10
11.88853519315284
 20
6.641552142145966
 30
0.0
 10
11.89229308798003
 20
6.650184159770136
 30
0.0
 10
11.91134308798003
 20
6.665513472541936
 30
0.0
 10
11.93039308798003
 20
6.680842748978193
 30
0.0
 10
11.95521019315284
 20
6.680842748978193
 30
0.0
 10
12.25273621655636
 20
6.680842748978193
 30
0.0
 10
12.55026223995988
 20
6.680842748978193
 30
0.0
 10
12.56812159679211
 20
6.680842748978193
 30
0.0
 10
12.57852097536844
 20
6.668266798531867
 30
0.0
 10
12.58892031760923
 20
6.655690811749995
 30
0.0
 10
12.58278117278204
 20
6.641552142145966
 30
0.0
 10
12.57664202795485
 20
6.627413472541938
 30
0.0
 10
12.55828033220067
 20
6.614837485760066
 30
0.0
 10
12.53991867278204
 20
6.602261498978193
 30
0.0
 10
12.51610617278204
 20
6.602261498978193
 30
0.0
  0
SPLINE
  5
80
330
1F
100
AcDbEntity
  8
0
  6
K5LT_BASIC
 62
   150
420
    33023
370
    60
100
AcDbSpline
210
0.0
220
0.0
230
1.0
 70
    11
 71
     2
 72
    34
 73
    31
 74
     0
 42
0.0
 43
0.0
 40
0.0
 40
0.0
 40
0.0
 40
0.1854500056446416
 40
0.1854500056446416
 40
0.3753093101610138
 40
0.3753093101610138
 40
0.5237471435326881
 40
0.5237471435326881
 40
0.6694707917854926
 40
0.6694707917854926
 40
5.23231274750604
 40
5.23231274750604
 40
6.736614914667806
 40
6.736614914667806
 40
6.923098865002705
 40
6.923098865002705
 40
7.077405681893464
 40
7.077405681893464
 40
7.213808415706663
 40
7.213808415706663
 40
7.385343949651995
 40
7.385343949651995
 40
9.49409652019856
 40
9.49409652019856
 40
9.678711354285703
 40
9.678711354285703
 40
9.830485769083662
 40
9.830485769083662
 40
9.966699923424512
 40
9.966699923424512
 40
15.0
 40
15.0
 40
15.0
 10
12.89602723166214
 20
6.290466579374164
 30
0.0
 10
12.88791608408832
 20
6.271825862963086
 30
0.0
 10
12.86920095247926
 20
6.260961425734888
 30
0.0
 10
12.85111831371753
 20
6.251622463729853
 30
0.0
 10
12.82912898606818
 20
6.251622463729853
 30
0.0
 10
12.82012485611853
 20
6.251622463729853
 30
0.0
 10
12.79817273606818
 20
6.260924218135896
 30
0.0
 10
12.78723384730645
 20
6.270263180140931
 30
0.0
 10
12.79597752406314
 20
6.290429371775171
 30
0.0
 10
12.99499791889033
 20
6.748280504757547
 30
0.0
 10
13.19401831371753
 20
7.206131637739924
 30
0.0
 10
13.05211071129134
 20
7.12275068014093
 30
0.0
 10
12.91020310886516
 20
7.039369722541937
 30
0.0
 10
12.89033454168731
 20
7.02776113333388
 30
0.0
 10
12.87158220247926
 20
7.02776113333388
 30
0.0
 10
12.85082065292558
 20
7.02776113333388
 30
0.0
 10
12.84109104746667
 20
7.039444137739922
 30
0.0
 10
12.83136140567221
 20
7.051127142145967
 30
0.0
 10
12.83846794807321
 20
7.067498231354024
 30
0.0
 10
12.84118406646415
 20
7.073748998978194
 30
0.0
 10
12.86484773606818
 20
7.093989642145967
 30
0.0
 10
13.06377513006566
 20
7.210875533940428
 30
0.0
 10
13.26270252406314
 20
7.327761425734888
 30
0.0
 10
13.28130603287523
 20
7.33866307056208
 30
0.0
 10
13.30110014851954
 20
7.33866307056208
 30
0.0
 10
13.32093150809839
 20
7.33866307056208
 30
0.0
 10
13.33172156646415
 20
7.328170709323809
 30
0.0
 10
13.34251158849436
 20
7.317678311749995
 30
0.0
 10
13.33507017770242
 20
7.300600278161074
 30
0.0
 10
13.11554870468228
 20
6.795533428767619
 30
0.0
 10
12.89602723166214
 20
6.290466579374164
 30
0.0
  0
SPLINE
  5
81
330
1F
100
AcDbEntity
  8
0
  6
K5LT_BASIC
 62
   150
420
    33023
370
    60
100
AcDbSpline
210
0.0
220
0.0
230
1.0
 70
    11
 71
     2
 72
    64
 73
    61
 74
     0
 42
0.0
 43
0.0
 40
0.0
 40
0.0
 40
0.0
 40
3.320811170944138
 40
3.320811170944138
 40
3.504540870329051
 40
3.504540870329051
 40
3.676816100246183
 40
3.676816100246183
 40
3.812699771949814
 40
3.812699771949814
 40
9.68483602529155
 40
9.68483602529155
 40
9.939975765292965
 40
9.939975765292965
 40
10.1531301604197
 40
10.1531301604197
 40
10.53684549740057
 40
10.53684549740057
 40
11.34992562426283
 40
11.34992562426283
 40
11.79215996918996
 40
11.79215996918996
 40
12.31766632147964
 40
12.31766632147964
 40
13.13038645623135
 40
13.13038645623135
 40
14.10955883490615
 40
14.10955883490615
 40
14.28541836791593
 40
14.28541836791593
 40
14.4632019200378
 40
14.4632019200378
 40
14.6556682056593
 40
14.6556682056593
 40
14.82210389326889
 40
14.82210389326889
 40
14.91519092017142
 40
14.91519092017142
 40
16.26014665826296
 40
16.26014665826296
 40
17.41487030717463
 40
17.41487030717463
 40
18.75841563509221
 40
18.75841563509221
 40
19.92339076999672
 40
19.92339076999672
 40
20.41822113091647
 40
20.41822113091647
 40
21.09882149385361
 40
21.09882149385361
 40
26.40553699137866
 40
26.40553699137866
 40
29.20430103470975
 40
29.20430103470975
 40
29.38365631289242
 40
29.38365631289242
 40
29.54413257230677
 40
29.54413257230677
 40
29.74972047769583
 40
29.74972047769583
 40
30.0
 40
30.0
 40
30.0
 10
13.66174800472102
 20
6.252217748978193
 30
0.0
 10
13.36518936072354
 20
6.252217748978193
 30
0.0
 10
13.06863071672606
 20
6.252217748978193
 30
0.0
 10
13.05077135989383
 20
6.252217748978193
 30
0.0
 10
13.0393115647462
 20
6.264607697765101
 30
0.0
 10
13.03116324590894
 20
6.277816213729853
 30
0.0
 10
13.03823258071095
 20
6.294075680140929
 30
0.0
 10
13.04295787311196
 20
6.304940117369129
 30
0.0
 10
13.05333861155325
 20
6.312716396552007
 30
0.0
 10
13.46709941193663
 20
6.6348920727651
 30
0.0
 10
13.88086021232002
 20
6.957067748978193
 30
0.0
 10
13.89790103830995
 20
6.972192419955533
 30
0.0
 10
13.91494186429988
 20
6.987317090932875
 30
0.0
 10
13.92829917432505
 20
7.000879042752512
 30
0.0
 10
13.94165648435023
 20
7.01444099457215
 30
0.0
 10
13.96580385274117
 20
7.042383501724817
 30
0.0
 10
13.978603085117
 20
7.0718514477651
 30
0.0
 10
14.01264752949786
 20
7.150135036973158
 30
0.0
 10
13.95445571672606
 20
7.204420124521794
 30
0.0
 10
13.92934098709685
 20
7.229237193359059
 30
0.0
 10
13.8870365647462
 20
7.244361864336399
 30
0.0
 10
13.84473217873109
 20
7.259486498978192
 30
0.0
 10
13.79487475912707
 20
7.259486498978192
 30
0.0
 10
13.72607896232002
 20
7.259486498978192
 30
0.0
 10
13.65376708374368
 20
7.229665080747476
 30
0.0
 10
13.5814552415029
 20
7.199843662516761
 30
0.0
 10
13.51321752234519
 20
7.127773633333881
 30
0.0
 10
13.50186938633009
 20
7.115383684546973
 30
0.0
 10
13.48817720791397
 20
7.109170124521795
 30
0.0
 10
13.47522914514217
 20
7.104519247318773
 30
0.0
 10
13.45725816551297
 20
7.102212412516759
 30
0.0
 10
13.43631061429987
 20
7.102212412516759
 30
0.0
 10
13.42539032933764
 20
7.112648962356542
 30
0.0
 10
13.41447008071095
 20
7.123085548531868
 30
0.0
 10
13.42183707630491
 20
7.140089166922804
 30
0.0
 10
13.42635772691146
 20
7.147065482727335
 30
0.0
 10
13.430878377518
 20
7.154041798531865
 30
0.0
 10
13.51358959833512
 20
7.248361608557043
 30
0.0
 10
13.62253177675124
 20
7.295540117369128
 30
0.0
 10
13.71949332630491
 20
7.338067748978195
 30
0.0
 10
13.82281722994419
 20
7.338067748978195
 30
0.0
 10
13.96487369910189
 20
7.338067748978195
 30
0.0
 10
14.04416185714721
 20
7.262202617369128
 30
0.0
 10
14.12668707630491
 20
7.182430760536903
 30
0.0
 10
14.078578377518
 20
7.07173982496812
 30
0.0
 10
14.06209566551297
 20
7.033788655364094
 30
0.0
 10
14.03136266110693
 20
6.997400204917767
 30
0.0
 10
14.00062965670088
 20
6.961011718135895
 30
0.0
 10
13.94333082630491
 20
6.913796001724817
 30
0.0
 10
13.56967921809937
 20
6.622297500351505
 30
0.0
 10
13.19602760989383
 20
6.330798998978192
 30
0.0
 10
13.44596584089635
 20
6.330798998978192
 30
0.0
 10
13.69590407189887
 20
6.330798998978192
 30
0.0
 10
13.7137634287311
 20
6.330798998978192
 30
0.0
 10
13.72416280730743
 20
6.318223048531866
 30
0.0
 10
13.73456214954822
 20
6.305647061749995
 30
0.0
 10
13.72842300472102
 20
6.291508392145966
 30
0.0
 10
13.72228385989383
 20
6.277369722541937
 30
0.0
 10
13.70392216413966
 20
6.264793735760064
 30
0.0
 10
13.68556050472102
 20
6.252217748978193
 30
0.0
 10
13.66174800472102
 20
6.252217748978193
 30
0.0
  0
SPLINE
  5
82
330
1F
100
AcDbEntity
  8
0
  6
K5LT_BASIC
 62
   150
420
    33023
370
    60
100
AcDbSpline
210
0.0
220
0.0
230
1.0
 70
    11
 71
     2
 72
    36
 73
    33
 74
     0
 42
0.0
 43
0.0
 40
0.0
 40
0.0
 40
0.0
 40
4.3679531269175
 40
4.3679531269175
 40
4.62418189103666
 40
4.62418189103666
 40
4.816573313608497
 40
4.816573313608497
 40
8.27260016103051
 40
8.27260016103051
 40
8.313974081166878
 40
8.313974081166878
 40
8.44156677126019
 40
8.44156677126019
 40
8.58884966927147
 40
8.58884966927147
 40
8.662629905752993
 40
8.662629905752993
 40
8.75760436910961
 40
8.75760436910961
 40
11.73889306723188
 40
11.73889306723188
 40
15.50703932604722
 40
15.50703932604722
 40
15.61198747243321
 40
15.61198747243321
 40
15.73957672137488
 40
15.73957672137488
 40
15.85368358256346
 40
15.85368358256346
 40
15.95606363741658
 40
15.95606363741658
 40
16.0
 40
16.0
 40
16.0
 10
15.08101018657081
 20
7.289698633333882
 30
0.0
 10
14.68957361856326
 20
6.788445508333881
 30
0.0
 10
14.2981370505557
 20
6.28719238333388
 30
0.0
 10
14.27101311058088
 20
6.252217748978193
 30
0.0
 10
14.23533156817987
 20
6.252217748978193
 30
0.0
 10
14.19961281817987
 20
6.252217748978193
 30
0.0
 10
14.2029242581547
 20
6.28719238333388
 30
0.0
 10
14.24721921438038
 20
6.788445508333881
 30
0.0
 10
14.29151417060606
 20
7.289698633333882
 30
0.0
 10
14.29305826779649
 20
7.295521531737407
 30
0.0
 10
14.29460236498692
 20
7.301344430140931
 30
0.0
 10
14.30070433855067
 20
7.315334269348988
 30
0.0
 10
14.32064728459095
 20
7.326998669955534
 30
0.0
 10
14.34059026696678
 20
7.33866307056208
 30
0.0
 10
14.3613889877839
 20
7.33866307056208
 30
0.0
 10
14.3732952377839
 20
7.33866307056208
 30
0.0
 10
14.38155521575369
 20
7.332449510536901
 30
0.0
 10
14.39238244538289
 20
7.327761425734888
 30
0.0
 10
14.39550784736275
 20
7.309902032567114
 30
0.0
 10
14.35733343216477
 20
6.877500515772653
 30
0.0
 10
14.31915901696678
 20
6.445098998978191
 30
0.0
 10
14.65686862957836
 20
6.877500515772653
 30
0.0
 10
14.99457824218995
 20
7.309902032567114
 30
0.0
 10
15.0019452377839
 20
7.31998514655201
 30
0.0
 10
15.01790704340304
 20
7.329324108557045
 30
0.0
 10
15.03282707258592
 20
7.336319028161073
 30
0.0
 10
15.05370020860102
 20
7.33866307056208
 30
0.0
 10
15.07353156817987
 20
7.33866307056208
 30
0.0
 10
15.08434023034513
 20
7.328170709323809
 30
0.0
 10
15.09514885617484
 20
7.317678311749995
 30
0.0
 10
15.08770744538289
 20
7.300600278161074
 30
0.0
 10
15.08435881597685
 20
7.295149455747477
 30
0.0
 10
15.08101018657081
 20
7.289698633333882
 30
0.0
  0
SPLINE
  5
83
330
1F
100
AcDbEntity
  8
0
  6
K5LT_BASIC
 62
   150
420
    33023
370
    60
100
AcDbSpline
210
0.0
220
0.0
230
1.0
 70
    11
 71
     2
 72
    60
 73
    57
 74
     0
 42
0.0
 43
0.0
 40
0.0
 40
0.0
 40
0.0
 40
0.3833965817015008
 40
0.3833965817015008
 40
2.007060470190809
 40
2.007060470190809
 40
2.917534022612363
 40
2.917534022612363
 40
3.746498713074197
 40
3.746498713074197
 40
6.906148917909671
 40
6.906148917909671
 40
7.980744307195966
 40
7.980744307195966
 40
9.17139305242954
 40
9.17139305242954
 40
10.79505694091888
 40
10.79505694091888
 40
10.94489766217058
 40
10.94489766217058
 40
11.07878444603116
 40
11.07878444603116
 40
11.25027173516215
 40
11.25027173516215
 40
11.45903800157932
 40
11.45903800157932
 40
13.08096420956347
 40
13.08096420956347
 40
13.86715365847723
 40
13.86715365847723
 40
14.58993558807796
 40
14.58993558807796
 40
17.74274051018957
 40
17.74274051018957
 40
18.28585816024315
 40
18.28585816024315
 40
18.89762597099302
 40
18.89762597099302
 40
20.28549017853609
 40
20.28549017853609
 40
22.63797251442295
 40
22.63797251442295
 40
23.32903753020864
 40
23.32903753020864
 40
23.49222836336531
 40
23.49222836336531
 40
23.62981205127775
 40
23.62981205127775
 40
23.78561343073284
 40
23.78561343073284
 40
24.00760828468854
 40
24.00760828468854
 40
24.93273513122001
 40
24.93273513122001
 40
25.24167489614481
 40
25.24167489614481
 40
28.0
 40
28.0
 40
28.0
 10
17.05149458631838
 20
6.290950278161072
 30
0.0
 10
17.03467700592241
 20
6.252217748978193
 30
0.0
 10
16.98500562431335
 20
6.252217748978193
 30
0.0
 10
16.81117437431335
 20
6.252217748978193
 30
0.0
 10
16.63734312431335
 20
6.252217748978193
 30
0.0
 10
16.52311753951133
 20
6.252217748978193
 30
0.0
 10
16.460572546664
 20
6.31969271235654
 30
0.0
 10
16.39802751748112
 20
6.387167675734887
 30
0.0
 10
16.44048073389219
 20
6.484910548531865
 30
0.0
 10
16.57533762348363
 20
6.795142767145965
 30
0.0
 10
16.71019451307507
 20
7.105374985760065
 30
0.0
 10
16.75063855547608
 20
7.198466981354023
 30
0.0
 10
16.86739422067406
 20
7.26826738333388
 30
0.0
 10
16.98414988587206
 20
7.338067748978195
 30
0.0
 10
17.10931432310025
 20
7.338067748978195
 30
0.0
 10
17.28314557310025
 20
7.338067748978195
 30
0.0
 10
17.45697682310026
 20
7.338067748978195
 30
0.0
 10
17.47487342386702
 20
7.338067748978195
 30
0.0
 10
17.4852913699073
 20
7.325491798531865
 30
0.0
 10
17.49570935228314
 20
7.312915811749994
 30
0.0
 10
17.48957017112039
 20
7.298777142145965
 30
0.0
 10
17.4834310262932
 20
7.284638472541939
 30
0.0
 10
17.46506936687457
 20
7.272062485760064
 30
0.0
 10
17.44670767112039
 20
7.259486498978192
 30
0.0
 10
17.42289517112039
 20
7.259486498978192
 30
0.0
 10
17.24924995911536
 20
7.259486498978192
 30
0.0
 10
17.07560474711033
 20
7.259486498978192
 30
0.0
 10
16.99326560228313
 20
7.259486498978192
 30
0.0
 10
16.91554012705997
 20
7.214205577714746
 30
0.0
 10
16.83781461550126
 20
7.168924620115752
 30
0.0
 10
16.80990935228314
 20
7.104705248978192
 30
0.0
 10
16.67535012348364
 20
6.795142748978192
 30
0.0
 10
16.54079089468414
 20
6.485580248978192
 30
0.0
 10
16.51355533191234
 20
6.422886425734889
 30
0.0
 10
16.55347850426299
 20
6.376842712356541
 30
0.0
 10
16.5934016402781
 20
6.330798998978192
 30
0.0
 10
16.67164802188716
 20
6.330798998978192
 30
0.0
 10
16.82023429749371
 20
6.330798998978192
 30
0.0
 10
16.96882057310025
 20
6.330798998978192
 30
0.0
 10
17.06922375288968
 20
6.561780248978193
 30
0.0
 10
17.1696269326791
 20
6.792761498978193
 30
0.0
 10
17.09564074848364
 20
6.792761498978193
 30
0.0
 10
17.02165456428817
 20
6.792761498978193
 30
0.0
 10
16.99880946186198
 20
6.792761498978193
 30
0.0
 10
16.98965650151636
 20
6.803774802937908
 30
0.0
 10
16.98221512705997
 20
6.81635078971978
 30
0.0
 10
16.98906121626803
 20
6.832052142145966
 30
0.0
 10
16.99281911109522
 20
6.840684159770135
 30
0.0
 10
17.01192492249371
 20
6.856013472541939
 30
0.0
 10
17.03103073389219
 20
6.871342748978193
 30
0.0
 10
17.05592225426299
 20
6.871342748978193
 30
0.0
 10
17.15496735668917
 20
6.871342748978193
 30
0.0
 10
17.25401245911536
 20
6.871342748978193
 30
0.0
 10
17.3037954635214
 20
6.871342748978193
 30
0.0
 10
17.28694071186199
 20
6.832610256130859
 30
0.0
 10
17.16921764909019
 20
6.561780267145966
 30
0.0
 10
17.05149458631838
 20
6.290950278161072
 30
0.0
  0
SPLINE
  5
84
330
1F
100
AcDbEntity
  8
0
  6
K5LT_BASIC
 62
   150
420
    33023
370
    60
100
AcDbSpline
210
0.0
220
0.0
230
1.0
 70
    11
 71
     2
 72
    48
 73
    45
 74
     0
 42
0.0
 43
0.0
 40
0.0
 40
0.0
 40
0.0
 40
0.1402792572985388
 40
0.1402792572985388
 40
0.2841179783810612
 40
0.2841179783810612
 40
0.3654553097153999
 40
0.3654553097153999
 40
0.4408027999995813
 40
0.4408027999995813
 40
3.450671144786811
 40
3.450671144786811
 40
6.631311674334249
 40
6.631311674334249
 40
6.773380180771141
 40
6.773380180771141
 40
6.918971303898893
 40
6.918971303898893
 40
7.032829893006039
 40
7.032829893006039
 40
7.144606489300039
 40
7.144606489300039
 40
11.0004618763155
 40
11.0004618763155
 40
11.13009284119423
 40
11.13009284119423
 40
11.28108896399329
 40
11.28108896399329
 40
11.36137223499312
 40
11.36137223499312
 40
11.44133637392528
 40
11.44133637392528
 40
14.45517982158692
 40
14.45517982158692
 40
17.64003254071617
 40
17.64003254071617
 40
17.7701294168291
 40
17.7701294168291
 40
17.9223256901007
 40
17.9223256901007
 40
18.03452648418566
 40
18.03452648418566
 40
18.14414461298454
 40
18.14414461298454
 40
22.0
 40
22.0
 40
22.0
 10
17.87306323274489
 20
6.291024693359057
 30
0.0
 10
17.86871001633381
 20
6.280941579374164
 30
0.0
 10
17.84560446071468
 20
6.262300862963086
 30
0.0
 10
17.82521502348648
 20
6.252217748978193
 30
0.0
 10
17.80620219474992
 20
6.252217748978193
 30
0.0
 10
17.79483545493532
 20
6.254543205747477
 30
0.0
 10
17.78346871512072
 20
6.25686866251676
 30
0.0
 10
17.77745977872223
 20
6.265779737133377
 30
0.0
 10
17.77145084232374
 20
6.274690811749993
 30
0.0
 10
17.70546418290511
 20
6.698925387739923
 30
0.0
 10
17.63947752348648
 20
7.123159963729852
 30
0.0
 10
17.45861412811568
 20
6.707073724744959
 30
0.0
 10
17.27775073274489
 20
6.290987485760065
 30
0.0
 10
17.26967682910561
 20
6.272383976947979
 30
0.0
 10
17.25096169749655
 20
6.261519539719782
 30
0.0
 10
17.23287905873482
 20
6.252217748978193
 30
0.0
 10
17.21088969474992
 20
6.252217748978193
 30
0.0
 10
17.20188560113582
 20
6.252217748978193
 30
0.0
 10
17.17993344474992
 20
6.261519539719782
 30
0.0
 10
17.16899459232374
 20
6.270858501724817
 30
0.0
 10
17.17773823274489
 20
6.291024693359057
 30
0.0
 10
17.39699927073985
 20
6.795440427937907
 30
0.0
 10
17.61626030873482
 20
7.299856162516758
 30
0.0
 10
17.62165533791769
 20
7.312283282567116
 30
0.0
 10
17.64224941694036
 20
7.325473194732369
 30
0.0
 10
17.66284353229856
 20
7.33866307056208
 30
0.0
 10
17.68263764794288
 20
7.33866307056208
 30
0.0
 10
17.69454389794287
 20
7.33866307056208
 30
0.0
 10
17.70488746512072
 20
7.334012193359059
 30
0.0
 10
17.71523103229856
 20
7.329361316156037
 30
0.0
 10
17.7174262443036
 20
7.31615283652683
 30
0.0
 10
17.78339429992273
 20
6.891341542752512
 30
0.0
 10
17.84936235554186
 20
6.466530248978193
 30
0.0
 10
18.03044897833884
 20
6.88317460194798
 30
0.0
 10
18.21153560113582
 20
7.299818954917766
 30
0.0
 10
18.21696783791769
 20
7.312246074968121
 30
0.0
 10
18.23769214353683
 20
7.325454590932873
 30
0.0
 10
18.25841648549151
 20
7.33866307056208
 30
0.0
 10
18.27843384672978
 20
7.33866307056208
 30
0.0
 10
18.29644207029352
 20
7.33866307056208
 30
0.0
 10
18.30806926330108
 20
7.328579956577188
 30
0.0
 10
18.31969645630863
 20
7.318496878927837
 30
0.0
 10
18.31158530873482
 20
7.299856162516758
 30
0.0
 10
18.09232427073986
 20
6.795440427937907
 30
0.0
 10
17.87306323274489
 20
6.291024693359057
 30
0.0
  0
SPLINE
  5
85
330
1F
100
AcDbEntity
  8
0
  6
K5LT_BASIC
 62
   150
420
    33023
370
    60
100
AcDbSpline
210
0.0
220
0.0
230
1.0
 70
    11
 71
     2
 72
    24
 73
    21
 74
     0
 42
0.0
 43
0.0
 40
0.0
 40
0.0
 40
0.0
 40
0.6668787454458323
 40
0.6668787454458323
 40
1.396058400328177
 40
1.396058400328177
 40
2.393834298423864
 40
2.393834298423864
 40
2.583633176305274
 40
2.583633176305274
 40
5.743366773389818
 40
5.743366773389818
 40
5.979251049514193
 40
5.979251049514193
 40
6.977027052036558
 40
6.977027052036558
 40
7.550050137865353
 40
7.550050137865353
 40
8.055622742138118
 40
8.055622742138118
 40
10.0
 40
10.0
 40
10.0
 10
18.77886818239379
 20
6.484910548531865
 30
0.0
 10
18.73741953481997
 20
6.389511718135896
 30
0.0
 10
18.6202918299676
 20
6.320864751724818
 30
0.0
 10
18.50316408877968
 20
6.252217748978193
 30
0.0
 10
18.37919025838372
 20
6.252217748978193
 30
0.0
 10
18.20560085777717
 20
6.252217748978193
 30
0.0
 10
18.03201145717062
 20
6.252217748978193
 30
0.0
 10
17.982414454424
 20
6.252217748978193
 30
0.0
 10
17.99926924241896
 20
6.290987485760065
 30
0.0
 10
18.21840005381745
 20
6.795142767145965
 30
0.0
 10
18.43753086521594
 20
7.299298048531866
 30
0.0
 10
18.4543856532109
 20
7.338067748978195
 30
0.0
 10
18.50398261962198
 20
7.338067748978195
 30
0.0
 10
18.6775720383963
 20
7.338067748978195
 30
0.0
 10
18.85116145717062
 20
7.338067748978195
 30
0.0
 10
18.97316328481997
 20
7.338067748978195
 30
0.0
 10
19.03195041917566
 20
7.270202142145965
 30
0.0
 10
19.0907375171958
 20
7.202336498978194
 30
0.0
 10
19.04858196157666
 20
7.105374985760065
 30
0.0
 10
18.91372507198522
 20
6.795142767145965
 30
0.0
 10
18.77886818239379
 20
6.484910548531865
 30
0.0
  0
SPLINE
  5
86
330
1F
100
AcDbEntity
  8
0
  6
K5LT_BASIC
 62
   150
420
    33023
370
    60
100
AcDbSpline
210
0.0
220
0.0
230
1.0
 70
    11
 71
     2
 72
    20
 73
    17
 74
     0
 42
0.0
 43
0.0
 40
0.0
 40
0.0
 40
0.0
 40
1.89240053116878
 40
1.89240053116878
 40
2.218366653676587
 40
2.218366653676587
 40
2.591883614567822
 40
2.591883614567822
 40
3.423249210689663
 40
3.423249210689663
 40
6.261829238813701
 40
6.261829238813701
 40
7.093194936791352
 40
7.093194936791352
 40
7.559779336747717
 40
7.559779336747717
 40
8.0
 40
8.0
 40
8.0
 10
18.67915334318572
 20
6.485580248978192
 30
0.0
 10
18.81371257198522
 20
6.795142748978192
 30
0.0
 10
18.94827180078472
 20
7.104705248978192
 30
0.0
 10
18.9758794032109
 20
7.168180468135894
 30
0.0
 10
18.93738872342148
 20
7.213833501724817
 30
0.0
 10
18.89889807996759
 20
7.259486498978192
 30
0.0
 10
18.81681935199781
 20
7.259486498978192
 30
0.0
 10
18.66853073718321
 20
7.259486498978192
 30
0.0
 10
18.5202421223686
 20
7.259486498978192
 30
0.0
 10
18.31841257198522
 20
6.795142748978192
 30
0.0
 10
18.11658302160184
 20
6.330798998978192
 30
0.0
 10
18.26487165458422
 20
6.330798998978192
 30
0.0
 10
18.41316028756659
 20
6.330798998978192
 30
0.0
 10
18.49322980519076
 20
6.330798998978192
 30
0.0
 10
18.57173663999278
 20
6.374907953544455
 30
0.0
 10
18.65024347479478
 20
6.419016871775171
 30
0.0
 10
18.67915334318572
 20
6.485580248978192
 30
0.0
  0
LINE
  5
87
330
1F
100
AcDbEntity
  8
0
  6
K5LT_BASIC
 62
   150
420
    33023
370
    60
100
AcDbLine
 10
16.51534130404035
 20
13.18796537996865
 30
0.0
 11
16.51534130404035
 21
11.07120663171359
 31
0.0
  0
LINE
  5
88
330
1F
100
AcDbEntity
  8
0
  6
K5LT_BASIC
 62
   150
420
    33023
370
    60
100
AcDbLine
 10
16.56668691220008
 20
13.40533356497966
 30
0.0
 11
16.42534130046407
 21
13.40540924866102
 31
0.0
  0
LINE
  5
89
330
1F
100
AcDbEntity
  8
0
  6
K5LT_BASIC
 62
   150
420
    33023
370
    60
100
AcDbLine
 10
16.65668691577635
 20
13.18788969628729
 30
0.0
 11
16.51534130404035
 21
13.18796537996865
 31
0.0
  0
LINE
  5
8A
330
1F
100
AcDbEntity
  8
0
  6
K5LT_BASIC
 62
   150
420
    33023
370
    60
100
AcDbLine
 10
16.65214194175674
 20
11.07560790571903
 30
0.0
 11
16.51534130404035
 21
11.07120663171359
 31
0.0
  0
LINE
  5
8B
330
1F
100
AcDbEntity
  8
0
  6
K5LT_BASIC
 62
   150
420
    33023
370
    60
100
AcDbLine
 10
16.56214193818046
 20
10.84804592878328
 30
0.0
 11
16.42534130046407
 21
10.84364465477784
 31
0.0
  0
SPLINE
  5
8C
330
1F
100
AcDbEntity
  8
0
  6
K5LT_BASIC
 62
   150
420
    33023
370
    60
100
AcDbSpline
210
0.0
220
0.0
230
1.0
 70
    11
 71
     2
 72
    38
 73
    35
 74
     0
 42
0.0
 43
0.0
 40
0.0
 40
0.0
 40
0.0
 40
1.624391852300898
 40
1.624391852300898
 40
1.77626668348431
 40
1.77626668348431
 40
1.934401043699025
 40
1.934401043699025
 40
2.085531304433559
 40
2.085531304433559
 40
2.220878992584418
 40
2.220878992584418
 40
2.279039510422061
 40
2.279039510422061
 40
8.056487339880649
 40
8.056487339880649
 40
8.395582585891507
 40
8.395582585891507
 40
8.649985509063967
 40
8.649985509063967
 40
13.21941016500735
 40
13.21941016500735
 40
13.27423043777702
 40
13.27423043777702
 40
13.45301703147384
 40
13.45301703147384
 40
13.63831339641254
 40
13.63831339641254
 40
13.75953238843004
 40
13.75953238843004
 40
13.87276820671017
 40
13.87276820671017
 40
15.15876179341524
 40
15.15876179341524
 40
17.0
 40
17.0
 40
17.0
 10
11.87723658013218
 20
20.14067208799233
 30
0.0
 10
11.75525952525056
 20
19.98427852888905
 30
0.0
 10
11.63328247036895
 20
19.82788496978577
 30
0.0
 10
11.62360865612211
 20
19.81325022308554
 30
0.0
 10
11.60498446834713
 20
19.80463058377067
 30
0.0
 10
11.58636028057215
 20
19.7960109444558
 30
0.0
 10
11.56763273835552
 20
19.7960109444558
 30
0.0
 10
11.54559793475185
 20
19.7960109444558
 30
0.0
 10
11.53356763923546
 20
19.80764849309393
 30
0.0
 10
11.52153738409189
 20
19.81928600135923
 30
0.0
 10
11.52976427652851
 20
19.83822025245916
 30
0.0
 10
11.53350564675688
 20
19.84425607110568
 30
0.0
 10
11.53724701698526
 20
19.85029188975221
 30
0.0
 10
11.97165976478542
 20
20.40608225685884
 30
0.0
 10
12.40607251258558
 20
20.96187262396548
 30
0.0
 10
12.43616888189205
 20
21.00065060487898
 30
0.0
 10
12.47585638189205
 20
21.00065060487898
 30
0.0
 10
12.51550254011539
 20
21.00065060487898
 30
0.0
 10
12.51186450414225
 20
20.96187262396548
 30
0.0
 10
12.46314396724721
 20
20.40608225685884
 30
0.0
 10
12.41442343035216
 20
19.85029188975221
 30
0.0
 10
12.41270778699365
 20
19.84382200263718
 30
0.0
 10
12.41099214363514
 20
19.83735211552215
 30
0.0
 10
12.40425351478542
 20
19.82184915113925
 30
0.0
 10
12.38027564767878
 20
19.80721440443902
 30
0.0
 10
12.35774474275521
 20
19.7960109444558
 30
0.0
 10
12.33682612674849
 20
19.7960109444558
 30
0.0
 10
12.31917343035216
 20
19.7960109444558
 30
0.0
 10
12.30859009701883
 20
19.80332831780592
 30
0.0
 10
12.2980067636855
 20
19.81064573152887
 30
0.0
 10
12.29887494099533
 20
19.82788496978577
 30
0.0
 10
12.31286891034377
 20
19.98427852888905
 30
0.0
 10
12.32686287969221
 20
20.14067208799233
 30
0.0
 10
12.1020497299122
 20
20.14067208799233
 30
0.0
 10
11.87723658013218
 20
20.14067208799233
 30
0.0
  0
LWPOLYLINE
  5
8D
330
1F
100
AcDbEntity
  8
0
  6
K5LT_BASIC
 62
   150
420
    33023
370
    60
100
AcDbPolyline
 90
        3
 70
     1
 43
0.0
 10
12.33455232903226
 20
20.22686836002254
 10
12.38635280810197
 20
20.79473036442223
 10
11.94445729965864
 20
20.22686836002254
  0
SPLINE
  5
8E
330
1F
100
AcDbEntity
  8
0
  6
K5LT_BASIC
 62
   150
420
    33023
370
    60
100
AcDbSpline
210
0.0
220
0.0
230
1.0
 70
    11
 71
     2
 72
    28
 73
    25
 74
     0
 42
0.0
 43
0.0
 40
0.0
 40
0.0
 40
0.0
 40
0.8515157838454239
 40
0.8515157838454239
 40
1.782446434964792
 40
1.782446434964792
 40
2.146648769490869
 40
2.146648769490869
 40
2.861052341439846
 40
2.861052341439846
 40
3.512168742134028
 40
3.512168742134028
 40
5.996207334291647
 40
5.996207334291647
 40
6.840289709227004
 40
6.840289709227004
 40
7.7746746416031
 40
7.7746746416031
 40
8.13887710953946
 40
8.13887710953946
 40
8.870489546008459
 40
8.870489546008459
 40
9.515961407842383
 40
9.515961407842383
 40
12.0
 40
12.0
 40
12.0
 10
13.32252298498043
 20
20.0536903222056
 30
0.0
 10
13.27646893212064
 20
19.94769162176564
 30
0.0
 10
13.14632703784023
 20
19.87141721464221
 30
0.0
 10
13.01618510318699
 20
19.79514276714596
 30
0.0
 10
12.87843640274702
 20
19.79514276714596
 30
0.0
 10
12.82332866229027
 20
19.79514276714596
 30
0.0
 10
12.76822092183351
 20
19.79514276714596
 30
0.0
 10
12.64146893212064
 20
19.79514276714596
 30
0.0
 10
12.5721191918419
 20
19.87011494867746
 30
0.0
 10
12.50276941119034
 20
19.94508713020896
 30
0.0
 10
12.5499396516471
 20
20.0536903222056
 30
0.0
 10
12.69978064008203
 20
20.39839278733238
 30
0.0
 10
12.84962162851696
 20
20.74309525245916
 30
0.0
 10
12.89455945340697
 20
20.84653080311911
 30
0.0
 10
13.02416394496365
 20
20.92408680531895
 30
0.0
 10
13.15376843652032
 20
21.00164276714597
 30
0.0
 10
13.29263332455725
 20
21.00164276714597
 30
0.0
 10
13.34774108520041
 20
21.00164276714597
 30
0.0
 10
13.40284884584358
 20
21.00164276714597
 30
0.0
 10
13.53840643212064
 20
21.00164276714597
 30
0.0
 10
13.60372547029362
 20
20.92623653733238
 30
0.0
 10
13.66904446809378
 20
20.85083026714597
 30
0.0
 10
13.6222049618503
 20
20.74309525245916
 30
0.0
 10
13.47236397341536
 20
20.39839278733238
 30
0.0
 10
13.32252298498043
 20
20.0536903222056
 30
0.0
  0
SPLINE
  5
8F
330
1F
100
AcDbEntity
  8
0
  6
K5LT_BASIC
 62
   150
420
    33023
370
    60
100
AcDbSpline
210
0.0
220
0.0
230
1.0
 70
    11
 71
     2
 72
    28
 73
    25
 74
     0
 42
0.0
 43
0.0
 40
0.0
 40
0.0
 40
0.0
 40
3.011924697465484
 40
3.011924697465484
 40
3.530380279787315
 40
3.530380279787315
 40
4.124523928289906
 40
4.124523928289906
 40
4.565588108160575
 40
4.565588108160575
 40
5.314024587618196
 40
5.314024587618196
 40
6.003394464905408
 40
6.003394464905408
 40
9.015319162370888
 40
9.015319162370888
 40
9.533638979234533
 40
9.533638979234533
 40
10.11659139220172
 40
10.11659139220172
 40
10.55765573418506
 40
10.55765573418506
 40
11.29979807340033
 40
11.29979807340033
 40
12.0
 40
12.0
 40
12.0
 10
13.2117287191937
 20
20.05443443381263
 30
0.0
 10
13.36123897341536
 20
20.39839276714596
 30
0.0
 10
13.51074922763703
 20
20.7423511004793
 30
0.0
 10
13.5414243414439
 20
20.81287912176563
 30
0.0
 10
13.49865691945565
 20
20.86360471464221
 30
0.0
 10
13.45588953784023
 20
20.91433026714596
 30
0.0
 10
13.36469095120713
 20
20.91433026714596
 30
0.0
 10
13.30976924874534
 20
20.91433026714596
 30
0.0
 10
13.25484754628355
 20
20.91433026714596
 30
0.0
 10
13.16369030142711
 20
20.91433026714596
 30
0.0
 10
13.07755604206189
 20
20.8640181324088
 30
0.0
 10
12.99142174232384
 20
20.81370595729881
 30
0.0
 10
12.96041589430369
 20
20.7423511004793
 30
0.0
 10
12.81090564008203
 20
20.39839276714596
 30
0.0
 10
12.66139538586037
 20
20.05443443381263
 30
0.0
 10
12.63113364944726
 20
19.98477463020896
 30
0.0
 10
12.67534803361856
 20
19.93361494867746
 30
0.0
 10
12.71956237741704
 20
19.88245526714596
 30
0.0
 10
12.80633743432048
 20
19.88245526714596
 30
0.0
 10
12.86125915696868
 20
19.88245526714596
 30
0.0
 10
12.91618087961688
 20
19.88245526714596
 30
0.0
 10
13.00514701031041
 20
19.88245526714596
 30
0.0
 10
13.09237682675709
 20
19.93146521666403
 30
0.0
 10
13.17960664320377
 20
19.98047512580927
 30
0.0
 10
13.2117287191937
 20
20.05443443381263
 30
0.0
  0
SPLINE
  5
90
330
1F
100
AcDbEntity
  8
0
  6
K5LT_BASIC
 62
   150
420
    33023
370
    60
100
AcDbSpline
210
0.0
220
0.0
230
1.0
 70
    11
 71
     2
 72
    28
 73
    25
 74
     0
 42
0.0
 43
0.0
 40
0.0
 40
0.0
 40
0.0
 40
0.8515157838454239
 40
0.8515157838454239
 40
1.782446434964792
 40
1.782446434964792
 40
2.146648769490869
 40
2.146648769490869
 40
2.861052341439846
 40
2.861052341439846
 40
3.512168742134028
 40
3.512168742134028
 40
5.996207334291647
 40
5.996207334291647
 40
6.840289709227004
 40
6.840289709227004
 40
7.7746746416031
 40
7.7746746416031
 40
8.138877109539452
 40
8.138877109539452
 40
8.870489546008459
 40
8.870489546008459
 40
9.515961407842383
 40
9.515961407842383
 40
12.0
 40
12.0
 40
12.0
 10
14.17448125982174
 20
20.0536903222056
 30
0.0
 10
14.12842720696194
 20
19.94769162176564
 30
0.0
 10
13.99828531268153
 20
19.87141721464221
 30
0.0
 10
13.8681433780283
 20
19.79514276714596
 30
0.0
 10
13.73039467758833
 20
19.79514276714596
 30
0.0
 10
13.67528693713157
 20
19.79514276714596
 30
0.0
 10
13.62017919667482
 20
19.79514276714596
 30
0.0
 10
13.49342720696194
 20
19.79514276714596
 30
0.0
 10
13.42407746668321
 20
19.87011494867746
 30
0.0
 10
13.35472768603165
 20
19.94508713020896
 30
0.0
 10
13.40189792648841
 20
20.0536903222056
 30
0.0
 10
13.55173891492334
 20
20.39839278733238
 30
0.0
 10
13.70157990335827
 20
20.74309525245916
 30
0.0
 10
13.74651772824828
 20
20.84653080311911
 30
0.0
 10
13.87612221980496
 20
20.92408680531895
 30
0.0
 10
14.00572671136163
 20
21.00164276714597
 30
0.0
 10
14.14459159939856
 20
21.00164276714597
 30
0.0
 10
14.19969936004172
 20
21.00164276714597
 30
0.0
 10
14.25480712068489
 20
21.00164276714597
 30
0.0
 10
14.39036470696194
 20
21.00164276714597
 30
0.0
 10
14.45568374513493
 20
20.92623653733238
 30
0.0
 10
14.52100274293509
 20
20.85083026714597
 30
0.0
 10
14.47416323669161
 20
20.74309525245916
 30
0.0
 10
14.32432224825667
 20
20.39839278733238
 30
0.0
 10
14.17448125982174
 20
20.0536903222056
 30
0.0
  0
SPLINE
  5
91
330
1F
100
AcDbEntity
  8
0
  6
K5LT_BASIC
 62
   150
420
    33023
370
    60
100
AcDbSpline
210
0.0
220
0.0
230
1.0
 70
    11
 71
     2
 72
    28
 73
    25
 74
     0
 42
0.0
 43
0.0
 40
0.0
 40
0.0
 40
0.0
 40
3.011924697465485
 40
3.011924697465485
 40
3.530380279787316
 40
3.530380279787316
 40
4.124523928289907
 40
4.124523928289907
 40
4.565588108160576
 40
4.565588108160576
 40
5.314024587618198
 40
5.314024587618198
 40
6.003394464905409
 40
6.003394464905409
 40
9.01531916237089
 40
9.01531916237089
 40
9.533638979234532
 40
9.533638979234532
 40
10.11659139220172
 40
10.11659139220172
 40
10.55765573418506
 40
10.55765573418506
 40
11.29979807340033
 40
11.29979807340033
 40
12.0
 40
12.0
 40
12.0
 10
14.06368699403501
 20
20.05443443381263
 30
0.0
 10
14.21319724825667
 20
20.39839276714596
 30
0.0
 10
14.36270750247834
 20
20.7423511004793
 30
0.0
 10
14.39338261628521
 20
20.81287912176563
 30
0.0
 10
14.35061519429696
 20
20.86360471464221
 30
0.0
 10
14.30784781268154
 20
20.91433026714596
 30
0.0
 10
14.21664922604844
 20
20.91433026714596
 30
0.0
 10
14.16172752358665
 20
20.91433026714596
 30
0.0
 10
14.10680582112486
 20
20.91433026714596
 30
0.0
 10
14.01564857626842
 20
20.91433026714596
 30
0.0
 10
13.9295143169032
 20
20.8640181324088
 30
0.0
 10
13.84338001716515
 20
20.81370595729881
 30
0.0
 10
13.812374169145
 20
20.7423511004793
 30
0.0
 10
13.66286391492334
 20
20.39839276714596
 30
0.0
 10
13.51335366070168
 20
20.05443443381263
 30
0.0
 10
13.48309192428857
 20
19.98477463020896
 30
0.0
 10
13.52730630845987
 20
19.93361494867746
 30
0.0
 10
13.57152065225835
 20
19.88245526714596
 30
0.0
 10
13.65829570916179
 20
19.88245526714596
 30
0.0
 10
13.71321743180999
 20
19.88245526714596
 30
0.0
 10
13.76813915445819
 20
19.88245526714596
 30
0.0
 10
13.85710528515172
 20
19.88245526714596
 30
0.0
 10
13.9443351015984
 20
19.93146521666403
 30
0.0
 10
14.03156491804508
 20
19.98047512580927
 30
0.0
 10
14.06368699403501
 20
20.05443443381263
 30
0.0
  0
SPLINE
  5
92
330
1F
100
AcDbEntity
  8
0
  6
K5LT_BASIC
 62
   150
420
    33023
370
    60
100
AcDbSpline
210
0.0
220
0.0
230
1.0
 70
    11
 71
     2
 72
    64
 73
    61
 74
     0
 42
0.0
 43
0.0
 40
0.0
 40
0.0
 40
0.0
 40
3.321573469612515
 40
3.321573469612515
 40
3.505219869491258
 40
3.505219869491258
 40
3.677422419803632
 40
3.677422419803632
 40
3.813248868376203
 40
3.813248868376203
 40
9.686733082025226
 40
9.686733082025226
 40
9.941931389850598
 40
9.941931389850598
 40
10.15513471498364
 40
10.15513471498364
 40
10.53874247692264
 40
10.53874247692264
 40
11.35145898410846
 40
11.35145898410846
 40
11.79357838266301
 40
11.79357838266301
 40
12.31891261765106
 40
12.31891261765106
 40
13.13136403652243
 40
13.13136403652243
 40
14.11030669715937
 40
14.11030669715937
 40
14.28609561357563
 40
14.28609561357563
 40
14.46388121147196
 40
14.46388121147196
 40
14.65627581224254
 40
14.65627581224254
 40
14.82264342369473
 40
14.82264342369473
 40
14.91575181890548
 40
14.91575181890548
 40
16.26017048358075
 40
16.26017048358075
 40
17.41439891589804
 40
17.41439891589804
 40
18.75737774165687
 40
18.75737774165687
 40
19.92183423477187
 40
19.92183423477187
 40
20.41655502551849
 40
20.41655502551849
 40
21.0972563547566
 40
21.0972563547566
 40
26.40519001915382
 40
26.40519001915382
 40
29.20459652421895
 40
29.20459652421895
 40
29.38387159527524
 40
29.38387159527524
 40
29.54427541226636
 40
29.54427541226636
 40
29.74982198095342
 40
29.74982198095342
 40
30.0
 40
30.0
 40
30.0
 10
14.85731291021301
 20
19.79514276714596
 30
0.0
 10
14.52780330577136
 20
19.79514276714596
 30
0.0
 10
14.19829370132972
 20
19.79514276714596
 30
0.0
 10
14.17844997151613
 20
19.79514276714596
 30
0.0
 10
14.16571686579654
 20
19.8089093769092
 30
0.0
 10
14.15666317819958
 20
19.82358550575892
 30
0.0
 10
14.16451799464626
 20
19.841651579549
 30
0.0
 10
14.16976831953627
 20
19.85372317646923
 30
0.0
 10
14.18130247335993
 20
19.86236348667243
 30
0.0
 10
14.64103669600813
 20
20.22033646024253
 30
0.0
 10
15.10077091865633
 20
20.57830943381263
 30
0.0
 10
15.11970516975626
 20
20.59511462378745
 30
0.0
 10
15.13863942085618
 20
20.61191981376228
 30
0.0
 10
15.15348087643971
 20
20.62698864911743
 30
0.0
 10
15.16832233202324
 20
20.64205748447258
 30
0.0
 10
15.1951527413465
 20
20.67310471464221
 30
0.0
 10
15.20937411065298
 20
20.7058468769092
 30
0.0
 10
15.24720127107616
 20
20.79282864269593
 30
0.0
 10
15.18254370132972
 20
20.85314540663886
 30
0.0
 10
15.15463844618615
 20
20.88071992756915
 30
0.0
 10
15.10763353246321
 20
20.89752511754397
 30
0.0
 10
15.06062865911309
 20
20.91433026714596
 30
0.0
 10
15.00523152621972
 20
20.91433026714596
 30
0.0
 10
14.92879175198967
 20
20.91433026714596
 30
0.0
 10
14.84844522023819
 20
20.88119535800072
 30
0.0
 10
14.76809872885953
 20
20.84806044885548
 30
0.0
 10
14.69227904090653
 20
20.76798263865228
 30
0.0
 10
14.67967000088975
 20
20.75421602888905
 30
0.0
 10
14.66445646931629
 20
20.74731207330552
 30
0.0
 10
14.65006973290317
 20
20.74214443196883
 30
0.0
 10
14.63010197775961
 20
20.73958128218882
 30
0.0
 10
14.60682692085618
 20
20.73958128218882
 30
0.0
 10
14.59469327089814
 20
20.75117744867746
 30
0.0
 10
14.58255966131293
 20
20.76277365553894
 30
0.0
 10
14.59074521197288
 20
20.7816665648622
 30
0.0
 10
14.59576815709127
 20
20.78941802686723
 30
0.0
 10
14.60079110220965
 20
20.79716948887227
 30
0.0
 10
14.69269245867312
 20
20.90196927778913
 30
0.0
 10
14.81373932357991
 20
20.95438984313589
 30
0.0
 10
14.92147437863955
 20
21.00164276714597
 30
0.0
 10
15.03627871601652
 20
21.00164276714597
 30
0.0
 10
15.19411923730286
 20
21.00164276714597
 30
0.0
 10
15.28221719068655
 20
20.91734817646923
 30
0.0
 10
15.37391187863955
 20
20.82871277998898
 30
0.0
 10
15.32045776887632
 20
20.70572285157922
 30
0.0
 10
15.30214364442628
 20
20.66355488535252
 30
0.0
 10
15.2679958617529
 20
20.62312327374549
 30
0.0
 10
15.23384807907952
 20
20.58269162176563
 30
0.0
 10
15.17018271197288
 20
20.53022971464221
 30
0.0
 10
14.75501425841117
 20
20.20634249089409
 30
0.0
 10
14.33984580484946
 20
19.88245526714596
 30
0.0
 10
14.61755495040782
 20
19.88245526714596
 30
0.0
 10
14.89526409596617
 20
19.88245526714596
 30
0.0
 10
14.91510782577975
 20
19.88245526714596
 30
0.0
 10
14.92666269086457
 20
19.86848198887227
 30
0.0
 10
14.93821751557656
 20
19.85450867022574
 30
0.0
 10
14.93139624354634
 20
19.83879903733238
 30
0.0
 10
14.92457497151613
 20
19.82308940443901
 30
0.0
 10
14.90417308734482
 20
19.80911608579249
 30
0.0
 10
14.88377124354634
 20
19.79514276714596
 30
0.0
 10
14.85731291021301
 20
19.79514276714596
 30
0.0
  0
SPLINE
  5
93
330
1F
100
AcDbEntity
  8
0
  6
K5LT_BASIC
 62
   150
420
    33023
370
    60
100
AcDbSpline
210
0.0
220
0.0
230
1.0
 70
    11
 71
     2
 72
    38
 73
    35
 74
     0
 42
0.0
 43
0.0
 40
0.0
 40
0.0
 40
0.0
 40
1.624391852300903
 40
1.624391852300903
 40
1.776266683484315
 40
1.776266683484315
 40
1.934401043699024
 40
1.934401043699024
 40
2.085531304433559
 40
2.085531304433559
 40
2.220878992584418
 40
2.220878992584418
 40
2.27903951042206
 40
2.27903951042206
 40
8.056487339880645
 40
8.056487339880645
 40
8.395582585891503
 40
8.395582585891503
 40
8.649985509063965
 40
8.649985509063965
 40
13.21941016500735
 40
13.21941016500735
 40
13.27423043777702
 40
13.27423043777702
 40
13.45301703147384
 40
13.45301703147384
 40
13.63831339641254
 40
13.63831339641254
 40
13.75953238843004
 40
13.75953238843004
 40
13.87276820671017
 40
13.87276820671017
 40
15.15876179341524
 40
15.15876179341524
 40
17.0
 40
17.0
 40
17.0
 10
15.91477796959751
 20
20.14067208799233
 30
0.0
 10
15.79280091471589
 20
19.98427852888905
 30
0.0
 10
15.67082385983428
 20
19.82788496978577
 30
0.0
 10
15.66115004558744
 20
19.81325022308554
 30
0.0
 10
15.64252585781246
 20
19.80463058377067
 30
0.0
 10
15.62390167003748
 20
19.7960109444558
 30
0.0
 10
15.60517412782085
 20
19.7960109444558
 30
0.0
 10
15.58313932421718
 20
19.7960109444558
 30
0.0
 10
15.57110902870079
 20
19.80764849309393
 30
0.0
 10
15.55907877355723
 20
19.81928600135923
 30
0.0
 10
15.56730566599384
 20
19.83822025245916
 30
0.0
 10
15.57104703622221
 20
19.84425607110568
 30
0.0
 10
15.57478840645059
 20
19.85029188975221
 30
0.0
 10
16.00920115425075
 20
20.40608225685884
 30
0.0
 10
16.44361390205091
 20
20.96187262396548
 30
0.0
 10
16.47371027135738
 20
21.00065060487898
 30
0.0
 10
16.51339777135738
 20
21.00065060487898
 30
0.0
 10
16.55304392958072
 20
21.00065060487898
 30
0.0
 10
16.54940589360758
 20
20.96187262396548
 30
0.0
 10
16.50068535671254
 20
20.40608225685884
 30
0.0
 10
16.45196481981749
 20
19.85029188975221
 30
0.0
 10
16.45024917645898
 20
19.84382200263718
 30
0.0
 10
16.44853353310047
 20
19.83735211552215
 30
0.0
 10
16.44179490425075
 20
19.82184915113925
 30
0.0
 10
16.41781703714411
 20
19.80721440443902
 30
0.0
 10
16.39528613222054
 20
19.7960109444558
 30
0.0
 10
16.37436751621382
 20
19.7960109444558
 30
0.0
 10
16.35671481981749
 20
19.7960109444558
 30
0.0
 10
16.34613148648416
 20
19.80332831780592
 30
0.0
 10
16.33554815315083
 20
19.81064573152887
 30
0.0
 10
16.33641633046066
 20
19.82788496978577
 30
0.0
 10
16.35041029980911
 20
19.98427852888905
 30
0.0
 10
16.36440426915754
 20
20.14067208799233
 30
0.0
 10
16.13959111937753
 20
20.14067208799233
 30
0.0
 10
15.91477796959751
 20
20.14067208799233
 30
0.0
  0
LWPOLYLINE
  5
94
330
1F
100
AcDbEntity
  8
0
  6
K5LT_BASIC
 62
   150
420
    33023
370
    60
100
AcDbPolyline
 90
        3
 70
     1
 43
0.0
 10
16.37209371849759
 20
20.22686836002254
 10
16.4238941975673
 20
20.79473036442223
 10
15.98199868912397
 20
20.22686836002254
  0
SPLINE
  5
95
330
1F
100
AcDbEntity
  8
0
  6
K5LT_BASIC
 62
   150
420
    33023
370
    60
100
AcDbSpline
210
0.0
220
0.0
230
1.0
 70
    11
 71
     2
 72
    54
 73
    51
 74
     0
 42
0.0
 43
0.0
 40
0.0
 40
0.0
 40
0.0
 40
0.145912035588609
 40
0.145912035588609
 40
0.2950020858956285
 40
0.2950020858956285
 40
0.4115867972382889
 40
0.4115867972382889
 40
0.526431229341862
 40
0.526431229341862
 40
3.940140071806743
 40
3.940140071806743
 40
6.127663660583338
 40
6.127663660583338
 40
6.343665279363578
 40
6.343665279363578
 40
6.496467182971619
 40
6.496467182971619
 40
7.962636133776216
 40
7.962636133776216
 40
11.37329267919608
 40
11.37329267919608
 40
11.51929095365253
 40
11.51929095365253
 40
11.66854775073248
 40
11.66854775073248
 40
11.78521595654243
 40
11.78521595654243
 40
11.89993259849673
 40
11.89993259849673
 40
15.85483750317596
 40
15.85483750317596
 40
16.00965484667513
 40
16.00965484667513
 40
16.15297514979703
 40
16.15297514979703
 40
16.23680579207124
 40
16.23680579207124
 40
16.32434603960823
 40
16.32434603960823
 40
18.03477662337446
 40
18.03477662337446
 40
20.58316892041207
 40
20.58316892041207
 40
20.81516662751956
 40
20.81516662751956
 40
20.92275281465066
 40
20.92275281465066
 40
21.04509509532077
 40
21.04509509532077
 40
25.0
 40
25.0
 40
25.0
 10
17.48317828781267
 20
19.83772415113925
 30
0.0
 10
17.47416594199237
 20
19.81697090223917
 30
0.0
 10
17.45333000953897
 20
19.80485796354229
 30
0.0
 10
17.43323818869261
 20
19.79448133909225
 30
0.0
 10
17.40880560241555
 20
19.79448133909225
 30
0.0
 10
17.39880101358261
 20
19.79448133909225
 30
0.0
 10
17.37445111085888
 20
19.80489930531895
 30
0.0
 10
17.36229679001251
 20
19.81527592976899
 30
0.0
 10
17.37209462958933
 20
19.83780683469257
 30
0.0
 10
17.58262441758429
 20
20.32220104357586
 30
0.0
 10
17.79315420557926
 20
20.80659525245916
 30
0.0
 10
17.53140274357422
 20
20.5920347017992
 30
0.0
 10
17.26965128156918
 20
20.37747415113925
 30
0.0
 10
17.23719847136599
 20
20.35076776714596
 30
0.0
 10
17.20974797576567
 20
20.35076776714596
 30
0.0
 10
17.18341366776231
 20
20.35076776714596
 30
0.0
 10
17.17526945887902
 20
20.37747415113925
 30
0.0
 10
17.10037996090084
 20
20.5916006333307
 30
0.0
 10
17.02549046292266
 20
20.80572711552215
 30
0.0
 10
16.81514671292266
 20
20.32176697510736
 30
0.0
 10
16.60480296292266
 20
19.83780683469257
 30
0.0
 10
16.5957492753257
 20
19.81701224401583
 30
0.0
 10
16.57495468464897
 20
19.80489930531895
 30
0.0
 10
16.55482152202594
 20
19.79448133909225
 30
0.0
 10
16.53038893574888
 20
19.79448133909225
 30
0.0
 10
16.52038434691595
 20
19.79448133909225
 30
0.0
 10
16.49599310241555
 20
19.80485796354229
 30
0.0
 10
16.48383878156918
 20
19.81523458799233
 30
0.0
 10
16.493636621146
 20
19.83772415113925
 30
0.0
 10
16.73754938913257
 20
20.3989095393542
 30
0.0
 10
16.98146215711914
 20
20.96009492756915
 30
0.0
 10
16.99163207268589
 20
20.9834526680259
 30
0.0
 10
17.01122779221235
 20
20.9968472017992
 30
0.0
 10
17.03082347136598
 20
21.01024173557251
 30
0.0
 10
17.05281697356583
 20
21.01024173557251
 30
0.0
 10
17.06823721402258
 20
21.01024173557251
 30
0.0
 10
17.07770435975895
 20
21.00420595729881
 30
0.0
 10
17.0817144313492
 20
21.00333777998897
 30
0.0
 10
17.09366204331227
 20
20.98266721464221
 30
0.0
 10
17.18101588508893
 20
20.73286332422742
 30
0.0
 10
17.26836972686559
 20
20.48305943381263
 30
0.0
 10
17.57342603376902
 20
20.73286332422742
 30
0.0
 10
17.87848234067246
 20
20.98266721464221
 30
0.0
 10
17.91246475623921
 20
21.01024173557251
 30
0.0
 10
17.94330527752554
 20
21.01024173557251
 30
0.0
 10
17.96310766556247
 20
21.01024173557251
 30
0.0
 10
17.97195468464896
 20
20.99641311314429
 30
0.0
 10
17.98080166336263
 20
20.9825845310889
 30
0.0
 10
17.97100382378581
 20
20.96009492756915
 30
0.0
 10
17.72709105579924
 20
20.3989095393542
 30
0.0
 10
17.48317828781267
 20
19.83772415113925
 30
0.0
  0
SPLINE
  5
96
330
1F
100
AcDbEntity
  8
0
  6
K5LT_BASIC
 62
   150
420
    33023
370
    60
100
AcDbSpline
210
0.0
220
0.0
230
1.0
 70
    11
 71
     2
 72
    20
 73
    17
 74
     0
 42
0.0
 43
0.0
 40
0.0
 40
0.0
 40
0.0
 40
1.292283046784358
 40
1.292283046784358
 40
2.016826343062001
 40
2.016826343062001
 40
2.692787869313532
 40
2.692787869313532
 40
3.430484037773948
 40
3.430484037773948
 40
3.932680016025847
 40
3.932680016025847
 40
4.512851357416085
 40
4.512851357416085
 40
5.805134404200457
 40
5.805134404200457
 40
8.0
 40
8.0
 40
8.0
 10
17.88675050367805
 20
20.4010386004793
 30
0.0
 10
18.05151563124983
 20
20.4010386004793
 30
0.0
 10
18.21628075882161
 20
20.4010386004793
 30
0.0
 10
18.30524692988796
 20
20.4010386004793
 30
0.0
 10
18.39243540455799
 20
20.44996586644405
 30
0.0
 10
18.47962387922801
 20
20.4988931324088
 30
0.0
 10
18.51096046146142
 20
20.57099206046251
 30
0.0
 10
18.54845688767134
 20
20.65725036534413
 30
0.0
 10
18.58595331388125
 20
20.74350867022574
 30
0.0
 10
18.61617366814487
 20
20.81304448887227
 30
0.0
 10
18.57338557526829
 20
20.86368739819553
 30
0.0
 10
18.53059752276454
 20
20.91433026714596
 30
0.0
 10
18.43939893613145
 20
20.91433026714596
 30
0.0
 10
18.27463380855966
 20
20.91433026714596
 30
0.0
 10
18.10986868098788
 20
20.91433026714596
 30
0.0
 10
17.99830959233297
 20
20.65768443381263
 30
0.0
 10
17.88675050367805
 20
20.4010386004793
 30
0.0
  0
SPLINE
  5
97
330
1F
100
AcDbEntity
  8
0
  6
K5LT_BASIC
 62
   150
420
    33023
370
    60
100
AcDbSpline
210
0.0
220
0.0
230
1.0
 70
    11
 71
     2
 72
    38
 73
    35
 74
     0
 42
0.0
 43
0.0
 40
0.0
 40
0.0
 40
0.0
 40
2.287143722020945
 40
2.287143722020945
 40
2.48627125933093
 40
2.48627125933093
 40
2.689587144218569
 40
2.689587144218569
 40
2.848688971963982
 40
2.848688971963982
 40
3.004778193196914
 40
3.004778193196914
 40
8.390784899300165
 40
8.390784899300165
 40
8.793446702797034
 40
8.793446702797034
 40
10.49822100789602
 40
10.49822100789602
 40
11.48064993187305
 40
11.48064993187305
 40
11.88723971871223
 40
11.88723971871223
 40
12.08908929538105
 40
12.08908929538105
 40
12.21389100564259
 40
12.21389100564259
 40
12.34240702354645
 40
12.34240702354645
 40
13.1750117438527
 40
13.1750117438527
 40
14.30499861992083
 40
14.30499861992083
 40
15.54482917464573
 40
15.54482917464573
 40
17.0
 40
17.0
 40
17.0
 10
17.84879931792489
 20
20.3137261004793
 30
0.0
 10
17.74536376726494
 20
20.0757457966976
 30
0.0
 10
17.64192821660498
 20
19.83776549291591
 30
0.0
 10
17.63291587078469
 20
19.81697090223917
 30
0.0
 10
17.61207993833129
 20
19.80485796354229
 30
0.0
 10
17.59198811748492
 20
19.79448133909225
 30
0.0
 10
17.56755553120787
 20
19.79448133909225
 30
0.0
 10
17.55755094237493
 20
19.79448133909225
 30
0.0
 10
17.53315969787453
 20
19.80485796354229
 30
0.0
 10
17.52100537702817
 20
19.81519324621567
 30
0.0
 10
17.53076191520115
 20
19.83764146758593
 30
0.0
 10
17.77434392878804
 20
20.39806205311911
 30
0.0
 10
18.01792594237493
 20
20.95848263865228
 30
0.0
 10
18.03669482636822
 20
21.00164276714597
 30
0.0
 10
18.0919679339316
 20
21.00164276714597
 30
0.0
 10
18.28538248881322
 20
21.00164276714597
 30
0.0
 10
18.47879704369483
 20
21.00164276714597
 30
0.0
 10
18.6147680881113
 20
21.00164276714597
 30
0.0
 10
18.68165807342449
 20
20.92664995509897
 30
0.0
 10
18.71452426102145
 20
20.89043512396547
 30
0.0
 10
18.71861705653784
 20
20.84388496978578
 30
0.0
 10
18.71696340565791
 20
20.82104398135084
 30
0.0
 10
18.71530975477797
 20
20.79820299291591
 30
0.0
 10
18.71208513657141
 20
20.78441573245076
 30
0.0
 10
18.70886051836486
 20
20.77062847198562
 30
0.0
 10
18.70305209967637
 20
20.75725460910065
 30
0.0
 10
18.69724368098789
 20
20.74388074621567
 30
0.0
 10
18.65958188767134
 20
20.65725036534413
 30
0.0
 10
18.62192009435479
 20
20.57061998447259
 30
0.0
 10
18.57582474009116
 20
20.46457994225596
 30
0.0
 10
18.4467369803699
 20
20.38915304155404
 30
0.0
 10
18.31764926102145
 20
20.3137261004793
 30
0.0
 10
18.17899108186782
 20
20.3137261004793
 30
0.0
 10
18.01389519989635
 20
20.3137261004793
 30
0.0
 10
17.84879931792489
 20
20.3137261004793
 30
0.0
  0
SPLINE
  5
98
330
1F
100
AcDbEntity
  8
0
  6
K5LT_BASIC
 62
   150
420
    33023
370
    60
100
AcDbSpline
210
0.0
220
0.0
230
1.0
 70
    11
 71
     2
 72
    28
 73
    25
 74
     0
 42
0.0
 43
0.0
 40
0.0
 40
0.0
 40
0.0
 40
0.8515157838454238
 40
0.8515157838454238
 40
1.782446434964791
 40
1.782446434964791
 40
2.146648769490862
 40
2.146648769490862
 40
2.861052341439839
 40
2.861052341439839
 40
3.512168742134026
 40
3.512168742134026
 40
5.996207334291645
 40
5.996207334291645
 40
6.840289709227
 40
6.840289709227
 40
7.774674641603095
 40
7.774674641603095
 40
8.138877109539449
 40
8.138877109539449
 40
8.87048954600846
 40
8.87048954600846
 40
9.515961407842383
 40
9.515961407842383
 40
12.0
 40
12.0
 40
12.0
 10
19.24918924474606
 20
20.0536903222056
 30
0.0
 10
19.20313519188626
 20
19.94769162176564
 30
0.0
 10
19.07299329760585
 20
19.87141721464221
 30
0.0
 10
18.94285136295261
 20
19.79514276714596
 30
0.0
 10
18.80510266251265
 20
19.79514276714596
 30
0.0
 10
18.74999492205589
 20
19.79514276714596
 30
0.0
 10
18.69488718159914
 20
19.79514276714596
 30
0.0
 10
18.56813519188626
 20
19.79514276714596
 30
0.0
 10
18.49878545160753
 20
19.87011494867746
 30
0.0
 10
18.42943567095597
 20
19.94508713020896
 30
0.0
 10
18.47660591141272
 20
20.0536903222056
 30
0.0
 10
18.62644689984766
 20
20.39839278733238
 30
0.0
 10
18.77628788828259
 20
20.74309525245916
 30
0.0
 10
18.8212257131726
 20
20.84653080311911
 30
0.0
 10
18.95083020472927
 20
20.92408680531895
 30
0.0
 10
19.08043469628595
 20
21.00164276714597
 30
0.0
 10
19.21929958432287
 20
21.00164276714597
 30
0.0
 10
19.27440734496604
 20
21.00164276714597
 30
0.0
 10
19.32951510560921
 20
21.00164276714597
 30
0.0
 10
19.46507269188626
 20
21.00164276714597
 30
0.0
 10
19.53039173005925
 20
20.92623653733238
 30
0.0
 10
19.59571072785941
 20
20.85083026714597
 30
0.0
 10
19.54887122161592
 20
20.74309525245916
 30
0.0
 10
19.39903023318099
 20
20.39839278733238
 30
0.0
 10
19.24918924474606
 20
20.0536903222056
 30
0.0
  0
SPLINE
  5
99
330
1F
100
AcDbEntity
  8
0
  6
K5LT_BASIC
 62
   150
420
    33023
370
    60
100
AcDbSpline
210
0.0
220
0.0
230
1.0
 70
    11
 71
     2
 72
    28
 73
    25
 74
     0
 42
0.0
 43
0.0
 40
0.0
 40
0.0
 40
0.0
 40
3.011924697465483
 40
3.011924697465483
 40
3.530380279787314
 40
3.530380279787314
 40
4.124523928289906
 40
4.124523928289906
 40
4.565588108160568
 40
4.565588108160568
 40
5.314024587618196
 40
5.314024587618196
 40
6.003394464905407
 40
6.003394464905407
 40
9.01531916237089
 40
9.01531916237089
 40
9.533638979234528
 40
9.533638979234528
 40
10.11659139220172
 40
10.11659139220172
 40
10.55765573418506
 40
10.55765573418506
 40
11.29979807340033
 40
11.29979807340033
 40
12.0
 40
12.0
 40
12.0
 10
19.13839497895933
 20
20.05443443381263
 30
0.0
 10
19.28790523318099
 20
20.39839276714596
 30
0.0
 10
19.43741548740265
 20
20.7423511004793
 30
0.0
 10
19.46809060120952
 20
20.81287912176563
 30
0.0
 10
19.42532317922127
 20
20.86360471464221
 30
0.0
 10
19.38255579760585
 20
20.91433026714596
 30
0.0
 10
19.29135721097276
 20
20.91433026714596
 30
0.0
 10
19.23643550851097
 20
20.91433026714596
 30
0.0
 10
19.18151380604918
 20
20.91433026714596
 30
0.0
 10
19.09035656119274
 20
20.91433026714596
 30
0.0
 10
19.00422230182751
 20
20.8640181324088
 30
0.0
 10
18.91808800208946
 20
20.81370595729881
 30
0.0
 10
18.88708215406932
 20
20.7423511004793
 30
0.0
 10
18.73757189984766
 20
20.39839276714596
 30
0.0
 10
18.58806164562599
 20
20.05443443381263
 30
0.0
 10
18.55779990921288
 20
19.98477463020896
 30
0.0
 10
18.60201429338419
 20
19.93361494867746
 30
0.0
 10
18.64622863718267
 20
19.88245526714596
 30
0.0
 10
18.7330036940861
 20
19.88245526714596
 30
0.0
 10
18.78792541673431
 20
19.88245526714596
 30
0.0
 10
18.84284713938251
 20
19.88245526714596
 30
0.0
 10
18.93181327007603
 20
19.88245526714596
 30
0.0
 10
19.01904308652271
 20
19.93146521666403
 30
0.0
 10
19.1062729029694
 20
19.98047512580927
 30
0.0
 10
19.13839497895933
 20
20.05443443381263
 30
0.0
  0
SPLINE
  5
9A
330
1F
100
AcDbEntity
  8
0
  6
K5LT_BASIC
 62
   150
420
    33023
370
    60
100
AcDbSpline
210
0.0
220
0.0
230
1.0
 70
    11
 71
     2
 72
    34
 73
    31
 74
     0
 42
0.0
 43
0.0
 40
0.0
 40
0.0
 40
0.0
 40
0.1853368497441869
 40
0.1853368497441869
 40
0.3750917108927369
 40
0.3750917108927369
 40
0.5235273740258178
 40
0.5235273740258178
 40
0.6691779820560771
 40
0.6691779820560771
 40
5.232308511999381
 40
5.232308511999381
 40
6.736705817856035
 40
6.736705817856035
 40
6.923089619260159
 40
6.923089619260159
 40
7.077307970848924
 40
7.077307970848924
 40
7.213630792378856
 40
7.213630792378856
 40
7.385171130563808
 40
7.385171130563808
 40
9.494057067911127
 40
9.494057067911127
 40
9.678557813082389
 40
9.678557813082389
 40
9.830245478110466
 40
9.830245478110466
 40
9.966381595358005
 40
9.966381595358005
 40
15.0
 40
15.0
 40
15.0
 10
19.67653263155044
 20
19.83764146758593
 30
0.0
 10
19.66752024535731
 20
19.81692956046251
 30
0.0
 10
19.64672565468057
 20
19.80485796354229
 30
0.0
 10
19.62663383383421
 20
19.79448133909225
 30
0.0
 10
19.60220124755715
 20
19.79448133909225
 30
0.0
 10
19.59219665872421
 20
19.79448133909225
 30
0.0
 10
19.56780541422382
 20
19.80481662176564
 30
0.0
 10
19.55565109337745
 20
19.81519324621567
 30
0.0
 10
19.56536628977378
 20
19.83760012580927
 30
0.0
 10
19.78650006180399
 20
20.3463236069008
 30
0.0
 10
20.00763383383421
 20
20.85504708799233
 30
0.0
 10
19.84995872002733
 20
20.76240157954901
 30
0.0
 10
19.69228360622046
 20
20.66975607110568
 30
0.0
 10
19.6702074204673
 20
20.65685763865228
 30
0.0
 10
19.64937148801391
 20
20.65685763865228
 30
0.0
 10
19.62630309962093
 20
20.65685763865228
 30
0.0
 10
19.61549242688881
 20
20.669838754659
 30
0.0
 10
19.60468171378385
 20
20.68281987066571
 30
0.0
 10
19.61257787200719
 20
20.70100996978578
 30
0.0
 10
19.61559578133046
 20
20.70795526714597
 30
0.0
 10
19.64188874755715
 20
20.73044487066571
 30
0.0
 10
19.86291918533213
 20
20.86031808377067
 30
0.0
 10
20.08394962310711
 20
20.99019129687563
 30
0.0
 10
20.10462018845387
 20
21.00230423557251
 30
0.0
 10
20.12661365028089
 20
21.00230423557251
 30
0.0
 10
20.14864849425739
 20
21.00230423557251
 30
0.0
 10
20.16063744799712
 20
20.99064605641887
 30
0.0
 10
20.17262636136402
 20
20.97898783689241
 30
0.0
 10
20.16435812715076
 20
20.96001224401583
 30
0.0
 10
19.9204453793506
 20
20.39882685580088
 30
0.0
 10
19.67653263155044
 20
19.83764146758593
 30
0.0
  0
SPLINE
  5
9B
330
1F
100
AcDbEntity
  8
0
  6
K5LT_BASIC
 62
   150
420
    33023
370
    60
100
AcDbSpline
210
0.0
220
0.0
230
1.0
 70
    11
 71
     2
 72
    58
 73
    55
 74
     0
 42
0.0
 43
0.0
 40
0.0
 40
0.0
 40
0.0
 40
1.863497329337445
 40
1.863497329337445
 40
3.889610766400689
 40
3.889610766400689
 40
4.685819337140973
 40
4.685819337140973
 40
6.247215139335086
 40
6.247215139335086
 40
7.665441252731569
 40
7.665441252731569
 40
9.01701532492918
 40
9.01701532492918
 40
10.19433999785639
 40
10.19433999785639
 40
11.66457128871911
 40
11.66457128871911
 40
12.41157984897479
 40
12.41157984897479
 40
13.25246472098893
 40
13.25246472098893
 40
13.94855450996067
 40
13.94855450996067
 40
15.80198643620222
 40
15.80198643620222
 40
16.83042851957033
 40
16.83042851957033
 40
17.30063423485053
 40
17.30063423485053
 40
17.56935846724576
 40
17.56935846724576
 40
17.81478145305435
 40
17.81478145305435
 40
19.43525184913715
 40
19.43525184913715
 40
20.10242457880073
 40
20.10242457880073
 40
20.43272006579486
 40
20.43272006579486
 40
20.63692290807934
 40
20.63692290807934
 40
20.84699939792992
 40
20.84699939792992
 40
21.53827353738376
 40
21.53827353738376
 40
22.53220778344567
 40
22.53220778344567
 40
23.68667576975062
 40
23.68667576975062
 40
24.63227219393625
 40
24.63227219393625
 40
25.64443079385772
 40
25.64443079385772
 40
27.0
 40
27.0
 40
27.0
 10
20.65677248144039
 20
20.0536903222056
 30
0.0
 10
20.60997431697357
 20
19.94595526714597
 30
0.0
 10
20.48061787607685
 20
19.87054903733238
 30
0.0
 10
20.3512613948073
 20
19.79514276714596
 30
0.0
 10
20.21330602585686
 20
19.79514276714596
 30
0.0
 10
20.15811558166038
 20
19.79514276714596
 30
0.0
 10
20.10292513746389
 20
19.79514276714596
 30
0.0
 10
19.97600782101721
 20
19.79514276714596
 30
0.0
 10
19.90641003007853
 20
19.86990823979417
 30
0.0
 10
19.83681219876701
 20
19.94467371244237
 30
0.0
 10
19.88389975567045
 20
20.05294617022574
 30
0.0
 10
19.92123081477373
 20
20.13887374089409
 30
0.0
 10
19.958561873877
 20
20.22480131156243
 30
0.0
 10
19.9873353063304
 20
20.29094714489577
 30
0.0
 10
20.05972366719355
 20
20.35109850135924
 30
0.0
 10
20.13211198768388
 20
20.41124989819553
 30
0.0
 10
20.23521680413056
 20
20.45337652264557
 30
0.0
 10
20.1951159267368
 20
20.48979806266236
 30
0.0
 10
20.18484261635558
 20
20.54184655201919
 30
0.0
 10
20.17456934634718
 20
20.59389508174885
 30
0.0
 10
20.20135841389379
 20
20.65549336002254
 30
0.0
 10
20.22058205743032
 20
20.6997490657841
 30
0.0
 10
20.23980570096685
 20
20.74400477154565
 30
0.0
 10
20.28317253834383
 20
20.8437609444558
 30
0.0
 10
20.41492676191393
 20
20.9270220310889
 30
0.0
 10
20.47979104054367
 20
20.96522122712918
 30
0.0
 10
20.54519272189714
 20
20.98427950355908
 30
0.0
 10
20.57712875989211
 20
20.99079073245076
 30
0.0
 10
20.60906479788708
 20
20.99730196134245
 30
0.0
 10
20.62756496033208
 20
20.99947236424421
 30
0.0
 10
20.64606512277708
 20
21.00164276714597
 30
0.0
 10
20.66307700144878
 20
21.00164276714597
 30
0.0
 10
20.68008888012049
 20
21.00164276714597
 30
0.0
 10
20.81713477035726
 20
21.00164276714597
 30
0.0
 10
20.88485159120362
 20
20.92664995509897
 30
0.0
 10
20.91813119656717
 20
20.89047646574214
 30
0.0
 10
20.92243070096686
 20
20.84392631156243
 30
0.0
 10
20.92085973364023
 20
20.8210853231275
 30
0.0
 10
20.91928876631361
 20
20.79824433469257
 30
0.0
 10
20.91608481899539
 20
20.78445707422742
 30
0.0
 10
20.91288087167716
 20
20.77066981376228
 30
0.0
 10
20.90707245298867
 20
20.75731662176563
 30
0.0
 10
20.90126403430019
 20
20.74396342976899
 30
0.0
 10
20.88216441609363
 20
20.70001778733238
 30
0.0
 10
20.86306479788708
 20
20.65607214489577
 30
0.0
 10
20.83569694546725
 20
20.59315092976899
 30
0.0
 10
20.78375181055206
 20
20.54447171446419
 30
0.0
 10
20.73180667563688
 20
20.49579253953222
 30
0.0
 10
20.65143947299707
 20
20.45527820399905
 30
0.0
 10
20.71506349832704
 20
20.42683550575892
 30
0.0
 10
20.73912404898699
 20
20.36263269555572
 30
0.0
 10
20.76318459964695
 20
20.29842988535252
 30
0.0
 10
20.7316826503069
 20
20.2260415648622
 30
0.0
 10
20.69422756587365
 20
20.1398659435339
 30
0.0
 10
20.65677248144039
 20
20.0536903222056
 30
0.0
  0
SPLINE
  5
9C
330
1F
100
AcDbEntity
  8
0
  6
K5LT_BASIC
 62
   150
420
    33023
370
    60
100
AcDbSpline
210
0.0
220
0.0
230
1.0
 70
    11
 71
     2
 72
    24
 73
    21
 74
     0
 42
0.0
 43
0.0
 40
0.0
 40
0.0
 40
0.0
 40
0.6562454111798626
 40
0.6562454111798626
 40
1.540839856163068
 40
1.540839856163068
 40
2.545446248181819
 40
2.545446248181819
 40
3.820166292199034
 40
3.820166292199034
 40
5.000562428226308
 40
5.000562428226308
 40
5.65680783940618
 40
5.65680783940618
 40
6.541379107790004
 40
6.541379107790004
 40
7.545985636810403
 40
7.545985636810403
 40
8.810744286942045
 40
8.810744286942045
 40
10.0
 40
10.0
 40
10.0
 10
20.75131967123719
 20
20.65470790663886
 30
0.0
 10
20.77043996033208
 20
20.69869487066571
 30
0.0
 10
20.78956024942696
 20
20.74268183469257
 30
0.0
 10
20.82069012277708
 20
20.8142847017992
 30
0.0
 10
20.77874953632201
 20
20.86430748447258
 30
0.0
 10
20.73680894986693
 20
20.91433026714596
 30
0.0
 10
20.64569304678715
 20
20.91433026714596
 30
0.0
 10
20.55453584230354
 20
20.91433026714596
 30
0.0
 10
20.4681948336822
 20
20.8647415731275
 30
0.0
 10
20.38185386543368
 20
20.81515287910904
 30
0.0
 10
20.35035191609363
 20
20.74268183469257
 30
0.0
 10
20.33123162699874
 20
20.69869487066571
 30
0.0
 10
20.31211133790386
 20
20.65470790663886
 30
0.0
 10
20.2810228063304
 20
20.58310503953222
 30
0.0
 10
20.32296339278547
 20
20.53308225685884
 30
0.0
 10
20.36490397924055
 20
20.48305943381263
 30
0.0
 10
20.45601988232033
 20
20.48305943381263
 30
0.0
 10
20.54498601301385
 20
20.48305943381263
 30
0.0
 10
20.63221582946053
 20
20.53221407954901
 30
0.0
 10
20.71944564590722
 20
20.58136868491255
 30
0.0
 10
20.75131967123719
 20
20.65470790663886
 30
0.0
  0
SPLINE
  5
9D
330
1F
100
AcDbEntity
  8
0
  6
K5LT_BASIC
 62
   150
420
    33023
370
    60
100
AcDbSpline
210
0.0
220
0.0
230
1.0
 70
    11
 71
     2
 72
    28
 73
    25
 74
     0
 42
0.0
 43
0.0
 40
0.0
 40
0.0
 40
0.0
 40
1.203277832018697
 40
1.203277832018697
 40
2.032982475049251
 40
2.032982475049251
 40
2.993084044646497
 40
2.993084044646497
 40
3.702973884142305
 40
3.702973884142305
 40
4.90612622067721
 40
4.90612622067721
 40
6.010249800754597
 40
6.010249800754597
 40
7.213527632773293
 40
7.213527632773293
 40
8.042857249433437
 40
8.042857249433437
 40
8.980916209426018
 40
8.980916209426018
 40
9.690806048921848
 40
9.690806048921848
 40
10.89540454895215
 40
10.89540454895215
 40
12.0
 40
12.0
 40
12.0
 10
20.54560613966373
 20
20.05356629687563
 30
0.0
 10
20.58279250254871
 20
20.13910112066571
 30
0.0
 10
20.61997886543368
 20
20.2246359444558
 30
0.0
 10
20.65081934634718
 20
20.29566002668921
 30
0.0
 10
20.6092921776587
 20
20.34570348025092
 30
0.0
 10
20.56776500897021
 20
20.39574693381263
 30
0.0
 10
20.47420998144039
 20
20.39574693381263
 30
0.0
 10
20.41918492453696
 20
20.39574693381263
 30
0.0
 10
20.36415986763352
 20
20.39574693381263
 30
0.0
 10
20.27279591389379
 20
20.39574693381263
 30
0.0
 10
20.18664098364023
 20
20.34570348025092
 30
0.0
 10
20.10048601301385
 20
20.29566002668921
 30
0.0
 10
20.06964553210035
 20
20.2246359444558
 30
0.0
 10
20.03245916921537
 20
20.13910112066571
 30
0.0
 10
19.9952728063304
 20
20.05356629687563
 30
0.0
 10
19.96517643702392
 20
19.98427852888905
 30
0.0
 10
20.00963887185518
 20
19.93336689801751
 30
0.0
 10
20.05410126631362
 20
19.88245526714596
 30
0.0
 10
20.14104169032369
 20
19.88245526714596
 30
0.0
 10
20.19606674722712
 20
19.88245526714596
 30
0.0
 10
20.25109180413056
 20
19.88245526714596
 30
0.0
 10
20.34357194546725
 20
19.88245526714596
 30
0.0
 10
20.42896209322544
 20
19.93206467242559
 30
0.0
 10
20.51435224098364
 20
19.98167403733238
 30
0.0
 10
20.54560613966373
 20
20.05356629687563
 30
0.0
  0
SPLINE
  5
9E
330
1F
100
AcDbEntity
  8
0
  6
K5LT_BASIC
 62
   150
420
    33023
370
    60
100
AcDbSpline
210
0.0
220
0.0
230
1.0
 70
    11
 71
     2
 72
    28
 73
    25
 74
     0
 42
0.0
 43
0.0
 40
0.0
 40
0.0
 40
0.0
 40
0.8515157838454239
 40
0.8515157838454239
 40
1.782446434964792
 40
1.782446434964792
 40
2.146648769490874
 40
2.146648769490874
 40
2.861052341439841
 40
2.861052341439841
 40
3.512168742134028
 40
3.512168742134028
 40
5.996207334291642
 40
5.996207334291642
 40
6.840289709226998
 40
6.840289709226998
 40
7.774674641603093
 40
7.774674641603093
 40
8.13887710953946
 40
8.13887710953946
 40
8.870489546008459
 40
8.870489546008459
 40
9.515961407842381
 40
9.515961407842381
 40
12.0
 40
12.0
 40
12.0
 10
21.5087307562817
 20
20.0536903222056
 30
0.0
 10
21.46267670342191
 20
19.94769162176564
 30
0.0
 10
21.3325348091415
 20
19.87141721464221
 30
0.0
 10
21.20239287448826
 20
19.79514276714596
 30
0.0
 10
21.06464417404829
 20
19.79514276714596
 30
0.0
 10
21.00953643359153
 20
19.79514276714596
 30
0.0
 10
20.95442869313478
 20
19.79514276714596
 30
0.0
 10
20.82767670342191
 20
19.79514276714596
 30
0.0
 10
20.75832696314318
 20
19.87011494867746
 30
0.0
 10
20.68897718249161
 20
19.94508713020896
 30
0.0
 10
20.73614742294837
 20
20.0536903222056
 30
0.0
 10
20.8859884113833
 20
20.39839278733238
 30
0.0
 10
21.03582939981823
 20
20.74309525245916
 30
0.0
 10
21.08076722470824
 20
20.84653080311911
 30
0.0
 10
21.21037171626492
 20
20.92408680531895
 30
0.0
 10
21.33997620782159
 20
21.00164276714597
 30
0.0
 10
21.47884109585852
 20
21.00164276714597
 30
0.0
 10
21.53394885650169
 20
21.00164276714597
 30
0.0
 10
21.58905661714486
 20
21.00164276714597
 30
0.0
 10
21.72461420342191
 20
21.00164276714597
 30
0.0
 10
21.78993324159489
 20
20.92623653733238
 30
0.0
 10
21.85525223939505
 20
20.85083026714597
 30
0.0
 10
21.80841273315157
 20
20.74309525245916
 30
0.0
 10
21.65857174471663
 20
20.39839278733238
 30
0.0
 10
21.5087307562817
 20
20.0536903222056
 30
0.0
  0
SPLINE
  5
9F
330
1F
100
AcDbEntity
  8
0
  6
K5LT_BASIC
 62
   150
420
    33023
370
    60
100
AcDbSpline
210
0.0
220
0.0
230
1.0
 70
    11
 71
     2
 72
    28
 73
    25
 74
     0
 42
0.0
 43
0.0
 40
0.0
 40
0.0
 40
0.0
 40
3.011924697465483
 40
3.011924697465483
 40
3.530380279787314
 40
3.530380279787314
 40
4.124523928289906
 40
4.124523928289906
 40
4.565588108160582
 40
4.565588108160582
 40
5.314024587618197
 40
5.314024587618197
 40
6.003394464905408
 40
6.003394464905408
 40
9.015319162370892
 40
9.015319162370892
 40
9.53363897923453
 40
9.53363897923453
 40
10.11659139220172
 40
10.11659139220172
 40
10.55765573418506
 40
10.55765573418506
 40
11.29979807340033
 40
11.29979807340033
 40
12.0
 40
12.0
 40
12.0
 10
21.39793649049497
 20
20.05443443381263
 30
0.0
 10
21.54744674471663
 20
20.39839276714596
 30
0.0
 10
21.6969569989383
 20
20.7423511004793
 30
0.0
 10
21.72763211274517
 20
20.81287912176563
 30
0.0
 10
21.68486469075692
 20
20.86360471464221
 30
0.0
 10
21.6420973091415
 20
20.91433026714596
 30
0.0
 10
21.5508987225084
 20
20.91433026714596
 30
0.0
 10
21.49597702004661
 20
20.91433026714596
 30
0.0
 10
21.44105531758482
 20
20.91433026714596
 30
0.0
 10
21.34989807272838
 20
20.91433026714596
 30
0.0
 10
21.26376381336316
 20
20.8640181324088
 30
0.0
 10
21.17762951362511
 20
20.81370595729881
 30
0.0
 10
21.14662366560496
 20
20.7423511004793
 30
0.0
 10
20.9971134113833
 20
20.39839276714596
 30
0.0
 10
20.84760315716164
 20
20.05443443381263
 30
0.0
 10
20.81734142074853
 20
19.98477463020896
 30
0.0
 10
20.86155580491983
 20
19.93361494867746
 30
0.0
 10
20.90577014871831
 20
19.88245526714596
 30
0.0
 10
20.99254520562175
 20
19.88245526714596
 30
0.0
 10
21.04746692826995
 20
19.88245526714596
 30
0.0
 10
21.10238865091815
 20
19.88245526714596
 30
0.0
 10
21.19135478161168
 20
19.88245526714596
 30
0.0
 10
21.27858459805836
 20
19.93146521666403
 30
0.0
 10
21.36581441450504
 20
19.98047512580927
 30
0.0
 10
21.39793649049497
 20
20.05443443381263
 30
0.0
  0
SPLINE
  5
A0
330
1F
100
AcDbEntity
  8
0
  6
K5LT_BASIC
 62
   150
420
    33023
370
    60
100
AcDbSpline
210
0.0
220
0.0
230
1.0
 70
    11
 71
     2
 72
    24
 73
    21
 74
     0
 42
0.0
 43
0.0
 40
0.0
 40
0.0
 40
0.0
 40
4.028530850736246
 40
4.028530850736246
 40
4.264299751418533
 40
4.264299751418533
 40
4.46358367314903
 40
4.46358367314903
 40
4.689141011580074
 40
4.689141011580074
 40
5.009910132279296
 40
5.009910132279296
 40
9.03844098301554
 40
9.03844098301554
 40
9.255165659665256
 40
9.255165659665256
 40
9.449076977987163
 40
9.449076977987163
 40
9.697561127917725
 40
9.697561127917725
 40
10.0
 40
10.0
 40
10.0
 10
22.30768968090302
 20
20.18408026714597
 30
0.0
 10
21.97710521045466
 20
20.18408026714597
 30
0.0
 10
21.6465207400063
 20
20.18408026714597
 30
0.0
 10
21.62117863464276
 20
20.18408026714597
 30
0.0
 10
21.6110913622565
 20
20.19631727154565
 30
0.0
 10
21.60282312804323
 20
20.21029059019217
 30
0.0
 10
21.61038859242613
 20
20.22773653733238
 30
0.0
 10
21.61456403112301
 20
20.2373276680259
 30
0.0
 10
21.63573069778968
 20
20.25436023777235
 30
0.0
 10
21.65689736445634
 20
20.27139276714597
 30
0.0
 10
21.68447192575946
 20
20.27139276714597
 30
0.0
 10
22.01505639620783
 20
20.27139276714597
 30
0.0
 10
22.34564086665619
 20
20.27139276714597
 30
0.0
 10
22.36548459646977
 20
20.27139276714597
 30
0.0
 10
22.37703946155459
 20
20.25741948887227
 30
0.0
 10
22.38859428626657
 20
20.24344617022575
 30
0.0
 10
22.38177301423636
 20
20.22773653733238
 30
0.0
 10
22.37495174220615
 20
20.21202690443901
 30
0.0
 10
22.35454985803484
 20
20.19805358579249
 30
0.0
 10
22.33414801423636
 20
20.18408026714597
 30
0.0
 10
22.30768968090302
 20
20.18408026714597
 30
0.0
  0
SPLINE
  5
A1
330
1F
100
AcDbEntity
  8
0
  6
K5LT_BASIC
 62
   150
420
    33023
370
    60
100
AcDbSpline
210
0.0
220
0.0
230
1.0
 70
    11
 71
     2
 72
    64
 73
    61
 74
     0
 42
0.0
 43
0.0
 40
0.0
 40
0.0
 40
0.0
 40
3.321573469612517
 40
3.321573469612517
 40
3.505219869491268
 40
3.505219869491268
 40
3.677422419803646
 40
3.677422419803646
 40
3.813248868376214
 40
3.813248868376214
 40
9.686733082025238
 40
9.686733082025238
 40
9.941931389850627
 40
9.941931389850627
 40
10.15513471498366
 40
10.15513471498366
 40
10.53874247692265
 40
10.53874247692265
 40
11.35145898410848
 40
11.35145898410848
 40
11.79357838266304
 40
11.79357838266304
 40
12.31891261765107
 40
12.31891261765107
 40
13.13136403652244
 40
13.13136403652244
 40
14.11030669715937
 40
14.11030669715937
 40
14.28609561357566
 40
14.28609561357566
 40
14.46388121147196
 40
14.46388121147196
 40
14.65627581224254
 40
14.65627581224254
 40
14.82264342369473
 40
14.82264342369473
 40
14.9157518189055
 40
14.9157518189055
 40
16.26017048358076
 40
16.26017048358076
 40
17.41439891589806
 40
17.41439891589806
 40
18.75737774165687
 40
18.75737774165687
 40
19.92183423477188
 40
19.92183423477188
 40
20.41655502551848
 40
20.41655502551848
 40
21.0972563547566
 40
21.0972563547566
 40
26.40519001915382
 40
26.40519001915382
 40
29.20459652421896
 40
29.20459652421896
 40
29.38387159527523
 40
29.38387159527523
 40
29.54427541226636
 40
29.54427541226636
 40
29.74982198095342
 40
29.74982198095342
 40
30.0
 40
30.0
 40
30.0
 10
22.93239574874832
 20
19.79514276714596
 30
0.0
 10
22.60288614430667
 20
19.79514276714596
 30
0.0
 10
22.27337653986503
 20
19.79514276714596
 30
0.0
 10
22.25353281005144
 20
19.79514276714596
 30
0.0
 10
22.24079970433185
 20
19.8089093769092
 30
0.0
 10
22.23174601673489
 20
19.82358550575892
 30
0.0
 10
22.23960083318157
 20
19.841651579549
 30
0.0
 10
22.24485115807158
 20
19.85372317646923
 30
0.0
 10
22.25638531189524
 20
19.86236348667243
 30
0.0
 10
22.71611953454344
 20
20.22033646024253
 30
0.0
 10
23.17585375719164
 20
20.57830943381263
 30
0.0
 10
23.19478800829157
 20
20.59511462378745
 30
0.0
 10
23.21372225939149
 20
20.61191981376228
 30
0.0
 10
23.22856371497502
 20
20.62698864911743
 30
0.0
 10
23.24340517055855
 20
20.64205748447258
 30
0.0
 10
23.27023557988181
 20
20.67310471464221
 30
0.0
 10
23.28445694918829
 20
20.7058468769092
 30
0.0
 10
23.32228410961147
 20
20.79282864269593
 30
0.0
 10
23.25762653986502
 20
20.85314540663886
 30
0.0
 10
23.22972128472146
 20
20.88071992756915
 30
0.0
 10
23.18271637099851
 20
20.89752511754397
 30
0.0
 10
23.1357114976484
 20
20.91433026714596
 30
0.0
 10
23.08031436475503
 20
20.91433026714596
 30
0.0
 10
23.00387459052498
 20
20.91433026714596
 30
0.0
 10
22.9235280587735
 20
20.88119535800072
 30
0.0
 10
22.84318156739484
 20
20.84806044885548
 30
0.0
 10
22.76736187944184
 20
20.76798263865228
 30
0.0
 10
22.75475283942506
 20
20.75421602888905
 30
0.0
 10
22.73953930785159
 20
20.74731207330552
 30
0.0
 10
22.72515257143849
 20
20.74214443196883
 30
0.0
 10
22.70518481629492
 20
20.73958128218882
 30
0.0
 10
22.68190975939149
 20
20.73958128218882
 30
0.0
 10
22.66977610943345
 20
20.75117744867746
 30
0.0
 10
22.65764249984824
 20
20.76277365553894
 30
0.0
 10
22.66582805050819
 20
20.7816665648622
 30
0.0
 10
22.67085099562658
 20
20.78941802686723
 30
0.0
 10
22.67587394074496
 20
20.79716948887227
 30
0.0
 10
22.76777529720843
 20
20.90196927778913
 30
0.0
 10
22.88882216211522
 20
20.95438984313589
 30
0.0
 10
22.99655721717486
 20
21.00164276714597
 30
0.0
 10
23.11136155455183
 20
21.00164276714597
 30
0.0
 10
23.26920207583817
 20
21.00164276714597
 30
0.0
 10
23.35730002922186
 20
20.91734817646923
 30
0.0
 10
23.44899471717486
 20
20.82871277998898
 30
0.0
 10
23.39554060741163
 20
20.70572285157922
 30
0.0
 10
23.37722648296159
 20
20.66355488535252
 30
0.0
 10
23.34307870028821
 20
20.62312327374549
 30
0.0
 10
23.30893091761483
 20
20.58269162176563
 30
0.0
 10
23.24526555050819
 20
20.53022971464221
 30
0.0
 10
22.83009709694648
 20
20.20634249089409
 30
0.0
 10
22.41492864338477
 20
19.88245526714596
 30
0.0
 10
22.69263778894312
 20
19.88245526714596
 30
0.0
 10
22.97034693450148
 20
19.88245526714596
 30
0.0
 10
22.99019066431507
 20
19.88245526714596
 30
0.0
 10
23.00174552939988
 20
19.86848198887227
 30
0.0
 10
23.01330035411186
 20
19.85450867022574
 30
0.0
 10
23.00647908208165
 20
19.83879903733238
 30
0.0
 10
22.99965781005144
 20
19.82308940443901
 30
0.0
 10
22.97925592588013
 20
19.80911608579249
 30
0.0
 10
22.95885408208165
 20
19.79514276714596
 30
0.0
 10
22.93239574874832
 20
19.79514276714596
 30
0.0
  0
SPLINE
  5
A2
330
1F
100
AcDbEntity
  8
0
  6
K5LT_BASIC
 62
   150
420
    33023
370
    60
100
AcDbSpline
210
0.0
220
0.0
230
1.0
 70
    11
 71
     2
 72
    42
 73
    39
 74
     0
 42
0.0
 43
0.0
 40
0.0
 40
0.0
 40
0.0
 40
5.682580524586256
 40
5.682580524586256
 40
5.8449824878075
 40
5.8449824878075
 40
5.999788940719562
 40
5.999788940719562
 40
6.152220717945128
 40
6.152220717945128
 40
6.290630004105147
 40
6.290630004105147
 40
6.344671217234474
 40
6.344671217234474
 40
11.75852259498393
 40
11.75852259498393
 40
13.95430957728182
 40
13.95430957728182
 40
14.3312400888878
 40
14.3312400888878
 40
14.51428537240981
 40
14.51428537240981
 40
14.70277458133335
 40
14.70277458133335
 40
14.85063016991168
 40
14.85063016991168
 40
14.995455594992
 40
14.995455594992
 40
15.56839160332115
 40
15.56839160332115
 40
15.94093152128032
 40
15.94093152128032
 40
18.65128190475689
 40
18.65128190475689
 40
18.80944440490178
 40
18.80944440490178
 40
18.93807007943936
 40
18.93807007943936
 40
19.0
 40
19.0
 40
19.0
 10
24.34035109957956
 20
20.94851943196883
 30
0.0
 10
23.93111509003631
 20
20.38863628953222
 30
0.0
 10
23.52187908049306
 20
19.82875314709561
 30
0.0
 10
23.5170835151463
 20
19.82271732844908
 30
0.0
 10
23.49120396668619
 20
19.8037417355725
 30
0.0
 10
23.47280715868283
 20
19.79944225135923
 30
0.0
 10
23.45441035067948
 20
19.79514276714596
 30
0.0
 10
23.43456658049306
 20
19.79514276714596
 30
0.0
 10
23.41922902358963
 20
19.80547809019217
 30
0.0
 10
23.40645461646621
 20
19.81668150980256
 30
0.0
 10
23.4150949266694
 20
19.83648393821231
 30
0.0
 10
23.41860891712616
 20
19.8420649973156
 30
0.0
 10
23.42212290758291
 20
19.84764605641887
 30
0.0
 10
23.81209393181297
 20
20.38098816178242
 30
0.0
 10
24.20206495604302
 20
20.91433026714596
 30
0.0
 10
23.93409165758291
 20
20.91433026714596
 30
0.0
 10
23.6661183591228
 20
20.91433026714596
 30
0.0
 10
23.64778354359802
 20
20.87214163003094
 30
0.0
 10
23.62944872807324
 20
20.82995299291591
 30
0.0
 10
23.62056040758291
 20
20.80948913645244
 30
0.0
 10
23.59980715868284
 20
20.7975415648622
 30
0.0
 10
23.57979802138978
 20
20.78733026714596
 30
0.0
 10
23.5553653947399
 20
20.78733026714596
 30
0.0
 10
23.54536084627979
 20
20.78733026714596
 30
0.0
 10
23.52096956140657
 20
20.79766559019217
 30
0.0
 10
23.50877393915637
 20
20.80800087286556
 30
0.0
 10
23.51848909517987
 20
20.8303664106825
 30
0.0
 10
23.54637369962152
 20
20.89448653733238
 30
0.0
 10
23.57425830406316
 20
20.95860666398226
 30
0.0
 10
23.59294450450313
 20
21.00164276714597
 30
0.0
 10
23.64788691822608
 20
21.00164276714597
 30
0.0
 10
23.97865740648299
 20
21.00164276714597
 30
0.0
 10
24.3094278947399
 20
21.00164276714597
 30
0.0
 10
24.33477004047628
 20
21.00164276714597
 30
0.0
 10
24.34545672825126
 20
20.99072873997219
 30
0.0
 10
24.35614341602624
 20
20.97981467242559
 30
0.0
 10
24.34816457424958
 20
20.96145920619889
 30
0.0
 10
24.34425783691457
 20
20.95498931908386
 30
0.0
 10
24.34035109957956
 20
20.94851943196883
 30
0.0
  0
SPLINE
  5
A3
330
1F
100
AcDbEntity
  8
0
  6
K5LT_BASIC
 62
   150
420
    33023
370
    60
100
AcDbSpline
210
0.0
220
0.0
230
1.0
 70
    11
 71
     2
 72
    28
 73
    25
 74
     0
 42
0.0
 43
0.0
 40
0.0
 40
0.0
 40
0.0
 40
0.8515157838454334
 40
0.8515157838454334
 40
1.782446434964802
 40
1.782446434964802
 40
2.146648769490879
 40
2.146648769490879
 40
2.861052341439856
 40
2.861052341439856
 40
3.51216874213405
 40
3.51216874213405
 40
5.996207334291656
 40
5.996207334291656
 40
6.840289709227012
 40
6.840289709227012
 40
7.774674641603108
 40
7.774674641603108
 40
8.138877109539466
 40
8.138877109539466
 40
8.870489546008468
 40
8.870489546008468
 40
9.51596140784239
 40
9.51596140784239
 40
12.0
 40
12.0
 40
12.0
 10
12.39648138189205
 20
18.36570144490916
 30
0.0
 10
12.35042732903226
 20
18.25970274446919
 30
0.0
 10
12.22028543475185
 20
18.18342833734577
 30
0.0
 10
12.09014350009861
 20
18.10715388984952
 30
0.0
 10
11.95239479965864
 20
18.10715388984952
 30
0.0
 10
11.89728705920189
 20
18.10715388984952
 30
0.0
 10
11.84217931874513
 20
18.10715388984952
 30
0.0
 10
11.71542732903226
 20
18.10715388984952
 30
0.0
 10
11.64607758875353
 20
18.18212607138101
 30
0.0
 10
11.57672780810197
 20
18.25709825291251
 30
0.0
 10
11.62389804855872
 20
18.36570144490916
 30
0.0
 10
11.77373903699365
 20
18.71040391003593
 30
0.0
 10
11.92358002542858
 20
19.05510637516271
 30
0.0
 10
11.96851785031859
 20
19.15854192582266
 30
0.0
 10
12.09812234187527
 20
19.2360979280225
 30
0.0
 10
12.22772683343194
 20
19.31365388984952
 30
0.0
 10
12.36659172146887
 20
19.31365388984952
 30
0.0
 10
12.42169948211204
 20
19.31365388984952
 30
0.0
 10
12.47680724275521
 20
19.31365388984952
 30
0.0
 10
12.61236482903226
 20
19.31365388984952
 30
0.0
 10
12.67768386720524
 20
19.23824766003593
 30
0.0
 10
12.7430028650054
 20
19.16284138984952
 30
0.0
 10
12.69616335876192
 20
19.05510637516271
 30
0.0
 10
12.54632237032699
 20
18.71040391003593
 30
0.0
 10
12.39648138189205
 20
18.36570144490916
 30
0.0
  0
SPLINE
  5
A4
330
1F
100
AcDbEntity
  8
0
  6
K5LT_BASIC
 62
   150
420
    33023
370
    60
100
AcDbSpline
210
0.0
220
0.0
230
1.0
 70
    11
 71
     2
 72
    28
 73
    25
 74
     0
 42
0.0
 43
0.0
 40
0.0
 40
0.0
 40
0.0
 40
3.01192469746548
 40
3.01192469746548
 40
3.530380279787311
 40
3.530380279787311
 40
4.124523928289902
 40
4.124523928289902
 40
4.56558810816057
 40
4.56558810816057
 40
5.314024587618191
 40
5.314024587618191
 40
6.003394464905403
 40
6.003394464905403
 40
9.015319162370883
 40
9.015319162370883
 40
9.533638979234526
 40
9.533638979234526
 40
10.11659139220171
 40
10.11659139220171
 40
10.55765573418505
 40
10.55765573418505
 40
11.29979807340033
 40
11.29979807340033
 40
12.0
 40
12.0
 40
12.0
 10
12.28568711610532
 20
18.36644555651618
 30
0.0
 10
12.43519737032699
 20
18.71040388984952
 30
0.0
 10
12.58470762454865
 20
19.05436222318285
 30
0.0
 10
12.61538273835552
 20
19.12489024446919
 30
0.0
 10
12.57261531636727
 20
19.17561583734577
 30
0.0
 10
12.52984793475185
 20
19.22634138984952
 30
0.0
 10
12.43864934811875
 20
19.22634138984952
 30
0.0
 10
12.38372764565696
 20
19.22634138984952
 30
0.0
 10
12.32880594319517
 20
19.22634138984952
 30
0.0
 10
12.23764869833873
 20
19.22634138984952
 30
0.0
 10
12.15151443897351
 20
19.17602925511235
 30
0.0
 10
12.06538013923546
 20
19.12571708000236
 30
0.0
 10
12.03437429121531
 20
19.05436222318285
 30
0.0
 10
11.88486403699365
 20
18.71040388984952
 30
0.0
 10
11.73535378277199
 20
18.36644555651618
 30
0.0
 10
11.70509204635888
 20
18.29678575291251
 30
0.0
 10
11.74930643053018
 20
18.24562607138101
 30
0.0
 10
11.79352077432866
 20
18.19446638984952
 30
0.0
 10
11.8802958312321
 20
18.19446638984952
 30
0.0
 10
11.9352175538803
 20
18.19446638984952
 30
0.0
 10
11.99013927652851
 20
18.19446638984952
 30
0.0
 10
12.07910540722203
 20
18.19446638984952
 30
0.0
 10
12.16633522366871
 20
18.24347633936759
 30
0.0
 10
12.25356504011539
 20
18.29248624851283
 30
0.0
 10
12.28568711610532
 20
18.36644555651618
 30
0.0
  0
SPLINE
  5
A5
330
1F
100
AcDbEntity
  8
0
  6
K5LT_BASIC
 62
   150
420
    33023
370
    60
100
AcDbSpline
210
0.0
220
0.0
230
1.0
 70
    11
 71
     2
 72
    20
 73
    17
 74
     0
 42
0.0
 43
0.0
 40
0.0
 40
0.0
 40
0.0
 40
0.8973206853134855
 40
0.8973206853134855
 40
1.692709461399333
 40
1.692709461399333
 40
2.711907585572582
 40
2.711907585572582
 40
3.961494147830069
 40
3.961494147830069
 40
4.932067005042541
 40
4.932067005042541
 40
5.749751604068278
 40
5.749751604068278
 40
6.683806171679235
 40
6.683806171679235
 40
8.0
 40
8.0
 40
8.0
 10
12.44894323052345
 20
18.23642768756575
 30
0.0
 10
12.47870886561665
 20
18.23642768756575
 30
0.0
 10
12.49615481275686
 20
18.21573641095783
 30
0.0
 10
12.51360080026989
 20
18.19504517472274
 30
0.0
 10
12.50347222647981
 20
18.1717701178193
 30
0.0
 10
12.49338495409355
 20
18.14853640269253
 30
0.0
 10
12.46291654916997
 20
18.12784516645744
 30
0.0
 10
12.43244810387357
 20
18.10715388984952
 30
0.0
 10
12.39276060387357
 20
18.10715388984952
 30
0.0
 10
12.35418933184335
 20
18.10715388984952
 30
0.0
 10
12.34000930431353
 20
18.12526134578909
 30
0.0
 10
12.32698684653016
 20
18.14593191113585
 30
0.0
 10
12.33819030651338
 20
18.1717701178193
 30
0.0
 10
12.34459820114983
 20
18.18644624666903
 30
0.0
 10
12.37638954292649
 20
18.21143694693097
 30
0.0
 10
12.40818088470315
 20
18.23642768756575
 30
0.0
 10
12.44894323052345
 20
18.23642768756575
 30
0.0
  0
SPLINE
  5
A6
330
1F
100
AcDbEntity
  8
0
  6
K5LT_BASIC
 62
   150
420
    33023
370
    60
100
AcDbSpline
210
0.0
220
0.0
230
1.0
 70
    11
 71
     2
 72
    34
 73
    31
 74
     0
 42
0.0
 43
0.0
 40
0.0
 40
0.0
 40
0.0
 40
0.1853368497441913
 40
0.1853368497441913
 40
0.3750917108927485
 40
0.3750917108927485
 40
0.5235273740258223
 40
0.5235273740258223
 40
0.6691779820560821
 40
0.6691779820560821
 40
5.232308511999385
 40
5.232308511999385
 40
6.736705817856045
 40
6.736705817856045
 40
6.923089619260162
 40
6.923089619260162
 40
7.077307970848928
 40
7.077307970848928
 40
7.213630792378859
 40
7.213630792378859
 40
7.385171130563811
 40
7.385171130563811
 40
9.494057067911136
 40
9.494057067911136
 40
9.678557813082397
 40
9.678557813082397
 40
9.830245478110475
 40
9.830245478110475
 40
9.966381595358014
 40
9.966381595358014
 40
15.0
 40
15.0
 40
15.0
 10
13.04607475343765
 20
18.14965259028948
 30
0.0
 10
13.03706236724452
 20
18.12894068316606
 30
0.0
 10
13.01626777656778
 20
18.11686908624585
 30
0.0
 10
12.99617595572141
 20
18.10649246179581
 30
0.0
 10
12.97174336944436
 20
18.10649246179581
 30
0.0
 10
12.96173878061142
 20
18.10649246179581
 30
0.0
 10
12.93734753611103
 20
18.11682774446919
 30
0.0
 10
12.92519321526466
 20
18.12720436891923
 30
0.0
 10
12.93490841166099
 20
18.14961124851283
 30
0.0
 10
13.1560421836912
 20
18.65833472960436
 30
0.0
 10
13.37717595572141
 20
19.16705821069588
 30
0.0
 10
13.21950084191454
 20
19.07441270225256
 30
0.0
 10
13.06182572810767
 20
18.98176719380923
 30
0.0
 10
13.03974954235451
 20
18.96886876135584
 30
0.0
 10
13.01891360990111
 20
18.96886876135584
 30
0.0
 10
12.99584522150814
 20
18.96886876135584
 30
0.0
 10
12.98503454877601
 20
18.98184987736255
 30
0.0
 10
12.97422383567106
 20
18.99483099336927
 30
0.0
 10
12.9821199938944
 20
19.01302109248933
 30
0.0
 10
12.98513790321766
 20
19.01996638984952
 30
0.0
 10
13.01143086944436
 20
19.04245599336927
 30
0.0
 10
13.23246130721934
 20
19.17232920647422
 30
0.0
 10
13.45349174499432
 20
19.30220241957918
 30
0.0
 10
13.47416231034108
 20
19.31431535827606
 30
0.0
 10
13.49615577216809
 20
19.31431535827606
 30
0.0
 10
13.5181906161446
 20
19.31431535827606
 30
0.0
 10
13.53017956988433
 20
19.30265717912242
 30
0.0
 10
13.54216848325123
 20
19.29099895959596
 30
0.0
 10
13.53390024903796
 20
19.27202336671938
 30
0.0
 10
13.2899875012378
 20
18.71083797850444
 30
0.0
 10
13.04607475343765
 20
18.14965259028948
 30
0.0
  0
SPLINE
  5
A7
330
1F
100
AcDbEntity
  8
0
  6
K5LT_BASIC
 62
   150
420
    33023
370
    60
100
AcDbSpline
210
0.0
220
0.0
230
1.0
 70
    11
 71
     2
 72
    24
 73
    21
 74
     0
 42
0.0
 43
0.0
 40
0.0
 40
0.0
 40
0.0
 40
4.028530850736236
 40
4.028530850736236
 40
4.264299751418542
 40
4.264299751418542
 40
4.463583673149037
 40
4.463583673149037
 40
4.689141011580081
 40
4.689141011580081
 40
5.009910132279302
 40
5.009910132279302
 40
9.03844098301555
 40
9.03844098301555
 40
9.255165659665247
 40
9.255165659665247
 40
9.449076977987161
 40
9.449076977987161
 40
9.697561127917714
 40
9.697561127917714
 40
10.0
 40
10.0
 40
10.0
 10
14.52894021496064
 20
18.49609138984952
 30
0.0
 10
14.19835574451228
 20
18.49609138984952
 30
0.0
 10
13.86777127406392
 20
18.49609138984952
 30
0.0
 10
13.84242916870037
 20
18.49609138984952
 30
0.0
 10
13.83234189631412
 20
18.5083283942492
 30
0.0
 10
13.82407366210085
 20
18.52230171289573
 30
0.0
 10
13.83163912648375
 20
18.53974766003593
 30
0.0
 10
13.83581456518063
 20
18.54933879072945
 30
0.0
 10
13.85698123184729
 20
18.5663713604759
 30
0.0
 10
13.87814789851396
 20
18.58340388984952
 30
0.0
 10
13.90572245981708
 20
18.58340388984952
 30
0.0
 10
14.23630693026544
 20
18.58340388984952
 30
0.0
 10
14.5668914007138
 20
18.58340388984952
 30
0.0
 10
14.58673513052739
 20
18.58340388984952
 30
0.0
 10
14.5982899956122
 20
18.56943061157582
 30
0.0
 10
14.60984482032419
 20
18.5554572929293
 30
0.0
 10
14.60302354829398
 20
18.53974766003593
 30
0.0
 10
14.59620227626376
 20
18.52403802714257
 30
0.0
 10
14.57580039209246
 20
18.51006470849604
 30
0.0
 10
14.55539854829398
 20
18.49609138984952
 30
0.0
 10
14.52894021496064
 20
18.49609138984952
 30
0.0
  0
SPLINE
  5
A8
330
1F
100
AcDbEntity
  8
0
  6
K5LT_BASIC
 62
   150
420
    33023
370
    60
100
AcDbSpline
210
0.0
220
0.0
230
1.0
 70
    11
 71
     2
 72
    58
 73
    55
 74
     0
 42
0.0
 43
0.0
 40
0.0
 40
0.0
 40
0.0
 40
1.863497329337482
 40
1.863497329337482
 40
3.889610766400701
 40
3.889610766400701
 40
4.685819337140985
 40
4.685819337140985
 40
6.247215139335097
 40
6.247215139335097
 40
7.665441252731585
 40
7.665441252731585
 40
9.0170153249292
 40
9.0170153249292
 40
10.1943399978564
 40
10.1943399978564
 40
11.66457128871912
 40
11.66457128871912
 40
12.4115798489748
 40
12.4115798489748
 40
13.25246472098894
 40
13.25246472098894
 40
13.94855450996067
 40
13.94855450996067
 40
15.80198643620222
 40
15.80198643620222
 40
16.83042851957034
 40
16.83042851957034
 40
17.30063423485054
 40
17.30063423485054
 40
17.56935846724578
 40
17.56935846724578
 40
17.81478145305435
 40
17.81478145305435
 40
19.43525184913715
 40
19.43525184913715
 40
20.10242457880074
 40
20.10242457880074
 40
20.43272006579486
 40
20.43272006579486
 40
20.63692290807935
 40
20.63692290807935
 40
20.84699939792993
 40
20.84699939792993
 40
21.53827353738377
 40
21.53827353738377
 40
22.53220778344567
 40
22.53220778344567
 40
23.68667576975063
 40
23.68667576975063
 40
24.63227219393628
 40
24.63227219393628
 40
25.64443079385775
 40
25.64443079385775
 40
27.0
 40
27.0
 40
27.0
 10
15.878397869109
 20
18.36570144490916
 30
0.0
 10
15.83159970464218
 20
18.25796638984952
 30
0.0
 10
15.70224326374545
 20
18.18256016003593
 30
0.0
 10
15.5728867824759
 20
18.10715388984952
 30
0.0
 10
15.43493141352547
 20
18.10715388984952
 30
0.0
 10
15.37974096932899
 20
18.10715388984952
 30
0.0
 10
15.3245505251325
 20
18.10715388984952
 30
0.0
 10
15.19763320868582
 20
18.10715388984952
 30
0.0
 10
15.12803541774714
 20
18.18191936249772
 30
0.0
 10
15.05843758643562
 20
18.25668483514592
 30
0.0
 10
15.10552514333906
 20
18.3649572929293
 30
0.0
 10
15.14285620244233
 20
18.45088486359764
 30
0.0
 10
15.18018726154561
 20
18.53681243426599
 30
0.0
 10
15.20896069399901
 20
18.60295826759932
 30
0.0
 10
15.28134905486216
 20
18.66310962406279
 30
0.0
 10
15.35373737535249
 20
18.72326102089908
 30
0.0
 10
15.45684219179917
 20
18.76538764534912
 30
0.0
 10
15.41674131440541
 20
18.80180918536591
 30
0.0
 10
15.40646800402419
 20
18.85385767472274
 30
0.0
 10
15.3961947340158
 20
18.9059062044524
 30
0.0
 10
15.4229838015624
 20
18.9675044827261
 30
0.0
 10
15.44220744509893
 20
19.01176018848765
 30
0.0
 10
15.46143108863546
 20
19.0560158942492
 30
0.0
 10
15.50479792601244
 20
19.15577206715935
 30
0.0
 10
15.63655214958254
 20
19.23903315379245
 30
0.0
 10
15.70141642821228
 20
19.27723234983273
 30
0.0
 10
15.76681810956575
 20
19.29629062626263
 30
0.0
 10
15.79875414756072
 20
19.30280185515431
 30
0.0
 10
15.83069018555569
 20
19.309313084046
 30
0.0
 10
15.84919034800069
 20
19.31148348694776
 30
0.0
 10
15.86769051044569
 20
19.31365388984952
 30
0.0
 10
15.88470238911739
 20
19.31365388984952
 30
0.0
 10
15.9017142677891
 20
19.31365388984952
 30
0.0
 10
16.03876015802587
 20
19.31365388984952
 30
0.0
 10
16.10647697887223
 20
19.23866107780252
 30
0.0
 10
16.13975658423578
 20
19.20248758844569
 30
0.0
 10
16.14405608863547
 20
19.15593743426599
 30
0.0
 10
16.14248512130884
 20
19.13309644583105
 30
0.0
 10
16.14091415398222
 20
19.11025545739612
 30
0.0
 10
16.137710206664
 20
19.09646819693097
 30
0.0
 10
16.13450625934577
 20
19.08268093646583
 30
0.0
 10
16.12869784065728
 20
19.06932774446918
 30
0.0
 10
16.1228894219688
 20
19.05597455247254
 30
0.0
 10
16.10378980376224
 20
19.01202891003593
 30
0.0
 10
16.08469018555569
 20
18.96808326759932
 30
0.0
 10
16.05732233313586
 20
18.90516205247254
 30
0.0
 10
16.00537719822067
 20
18.85648283716774
 30
0.0
 10
15.95343206330549
 20
18.80780366223577
 30
0.0
 10
15.87306486066568
 20
18.7672893267026
 30
0.0
 10
15.93668888599565
 20
18.73884662846247
 30
0.0
 10
15.96074943665561
 20
18.67464381825927
 30
0.0
 10
15.98480998731556
 20
18.61044100805607
 30
0.0
 10
15.95330803797551
 20
18.53805268756575
 30
0.0
 10
15.91585295354226
 20
18.45187706623745
 30
0.0
 10
15.878397869109
 20
18.36570144490916
 30
0.0
  0
SPLINE
  5
A9
330
1F
100
AcDbEntity
  8
0
  6
K5LT_BASIC
 62
   150
420
    33023
370
    60
100
AcDbSpline
210
0.0
220
0.0
230
1.0
 70
    11
 71
     2
 72
    24
 73
    21
 74
     0
 42
0.0
 43
0.0
 40
0.0
 40
0.0
 40
0.0
 40
0.6562454111798651
 40
0.6562454111798651
 40
1.540839856163081
 40
1.540839856163081
 40
2.545446248181792
 40
2.545446248181792
 40
3.820166292199035
 40
3.820166292199035
 40
5.000562428226303
 40
5.000562428226303
 40
5.656807839406173
 40
5.656807839406173
 40
6.541379107789993
 40
6.541379107789993
 40
7.545985636810396
 40
7.545985636810396
 40
8.810744286942041
 40
8.810744286942041
 40
10.0
 40
10.0
 40
10.0
 10
15.9729450589058
 20
18.96671902934241
 30
0.0
 10
15.99206534800069
 20
19.01070599336926
 30
0.0
 10
16.01118563709557
 20
19.05469295739612
 30
0.0
 10
16.04231551044569
 20
19.12629582450275
 30
0.0
 10
16.00037492399062
 20
19.17631860717614
 30
0.0
 10
15.95843433753554
 20
19.22634138984952
 30
0.0
 10
15.86731843445576
 20
19.22634138984952
 30
0.0
 10
15.77616122997215
 20
19.22634138984952
 30
0.0
 10
15.68982022135081
 20
19.17675269583106
 30
0.0
 10
15.60347925310229
 20
19.12716400181259
 30
0.0
 10
15.57197730376224
 20
19.05469295739612
 30
0.0
 10
15.55285701466736
 20
19.01070599336926
 30
0.0
 10
15.53373672557247
 20
18.96671902934241
 30
0.0
 10
15.50264819399901
 20
18.89511616223577
 30
0.0
 10
15.54458878045408
 20
18.84509337956239
 30
0.0
 10
15.58652936690916
 20
18.79507055651618
 30
0.0
 10
15.67764526998894
 20
18.79507055651618
 30
0.0
 10
15.76661140068246
 20
18.79507055651618
 30
0.0
 10
15.85384121712914
 20
18.84422520225256
 30
0.0
 10
15.94107103357583
 20
18.8933798076161
 30
0.0
 10
15.9729450589058
 20
18.96671902934241
 30
0.0
  0
SPLINE
  5
AA
330
1F
100
AcDbEntity
  8
0
  6
K5LT_BASIC
 62
   150
420
    33023
370
    60
100
AcDbSpline
210
0.0
220
0.0
230
1.0
 70
    11
 71
     2
 72
    28
 73
    25
 74
     0
 42
0.0
 43
0.0
 40
0.0
 40
0.0
 40
0.0
 40
1.20327783201869
 40
1.20327783201869
 40
2.032982475049246
 40
2.032982475049246
 40
2.993084044646492
 40
2.993084044646492
 40
3.702973884142301
 40
3.702973884142301
 40
4.906126220677209
 40
4.906126220677209
 40
6.010249800754593
 40
6.010249800754593
 40
7.213527632773283
 40
7.213527632773283
 40
8.042857249433425
 40
8.042857249433425
 40
8.980916209426008
 40
8.980916209426008
 40
9.690806048921829
 40
9.690806048921829
 40
10.89540454895214
 40
10.89540454895214
 40
12.0
 40
12.0
 40
12.0
 10
15.76723152733234
 20
18.36557741957918
 30
0.0
 10
15.80441789021732
 20
18.45111224336927
 30
0.0
 10
15.84160425310229
 20
18.53664706715935
 30
0.0
 10
15.87244473401579
 20
18.60767114939276
 30
0.0
 10
15.83091756532731
 20
18.65771460295447
 30
0.0
 10
15.78939039663882
 20
18.70775805651618
 30
0.0
 10
15.695835369109
 20
18.70775805651618
 30
0.0
 10
15.64081031220557
 20
18.70775805651618
 30
0.0
 10
15.58578525530213
 20
18.70775805651618
 30
0.0
 10
15.4944213015624
 20
18.70775805651618
 30
0.0
 10
15.40826637130884
 20
18.65771460295447
 30
0.0
 10
15.32211140068246
 20
18.60767114939276
 30
0.0
 10
15.29127091976896
 20
18.53664706715935
 30
0.0
 10
15.25408455688398
 20
18.45111224336927
 30
0.0
 10
15.21689819399901
 20
18.36557741957918
 30
0.0
 10
15.18680182469253
 20
18.29628965159261
 30
0.0
 10
15.23126425952379
 20
18.24537802072106
 30
0.0
 10
15.27572665398223
 20
18.19446638984952
 30
0.0
 10
15.3626670779923
 20
18.19446638984952
 30
0.0
 10
15.41769213489573
 20
18.19446638984952
 30
0.0
 10
15.47271719179917
 20
18.19446638984952
 30
0.0
 10
15.56519733313586
 20
18.19446638984952
 30
0.0
 10
15.65058748089405
 20
18.24407579512914
 30
0.0
 10
15.73597762865225
 20
18.29368516003593
 30
0.0
 10
15.76723152733234
 20
18.36557741957918
 30
0.0
  0
SPLINE
  5
AB
330
1F
100
AcDbEntity
  8
0
  6
K5LT_BASIC
 62
   150
420
    33023
370
    60
100
AcDbSpline
210
0.0
220
0.0
230
1.0
 70
    11
 71
     2
 72
    28
 73
    25
 74
     0
 42
0.0
 43
0.0
 40
0.0
 40
0.0
 40
0.0
 40
0.8515157838454331
 40
0.8515157838454331
 40
1.782446434964801
 40
1.782446434964801
 40
2.146648769490872
 40
2.146648769490872
 40
2.861052341439855
 40
2.861052341439855
 40
3.512168742134048
 40
3.512168742134048
 40
5.996207334291656
 40
5.996207334291656
 40
6.840289709227012
 40
6.840289709227012
 40
7.774674641603106
 40
7.774674641603106
 40
8.13887710953946
 40
8.13887710953946
 40
8.870489546008471
 40
8.870489546008471
 40
9.515961407842392
 40
9.515961407842392
 40
12.0
 40
12.0
 40
12.0
 10
16.73035614395031
 20
18.36570144490916
 30
0.0
 10
16.68430209109052
 20
18.25970274446919
 30
0.0
 10
16.55416019681011
 20
18.18342833734577
 30
0.0
 10
16.42401826215687
 20
18.10715388984952
 30
0.0
 10
16.2862695617169
 20
18.10715388984952
 30
0.0
 10
16.23116182126014
 20
18.10715388984952
 30
0.0
 10
16.17605408080339
 20
18.10715388984952
 30
0.0
 10
16.04930209109052
 20
18.10715388984952
 30
0.0
 10
15.97995235081178
 20
18.18212607138101
 30
0.0
 10
15.91060257016022
 20
18.25709825291251
 30
0.0
 10
15.95777281061698
 20
18.36570144490916
 30
0.0
 10
16.10761379905191
 20
18.71040391003593
 30
0.0
 10
16.25745478748684
 20
19.05510637516271
 30
0.0
 10
16.30239261237685
 20
19.15854192582266
 30
0.0
 10
16.43199710393353
 20
19.2360979280225
 30
0.0
 10
16.5616015954902
 20
19.31365388984952
 30
0.0
 10
16.70046648352713
 20
19.31365388984952
 30
0.0
 10
16.75557424417029
 20
19.31365388984952
 30
0.0
 10
16.81068200481346
 20
19.31365388984952
 30
0.0
 10
16.94623959109052
 20
19.31365388984952
 30
0.0
 10
17.0115586292635
 20
19.23824766003593
 30
0.0
 10
17.07687762706366
 20
19.16284138984952
 30
0.0
 10
17.03003812082018
 20
19.05510637516271
 30
0.0
 10
16.88019713238524
 20
18.71040391003593
 30
0.0
 10
16.73035614395031
 20
18.36570144490916
 30
0.0
  0
SPLINE
  5
AC
330
1F
100
AcDbEntity
  8
0
  6
K5LT_BASIC
 62
   150
420
    33023
370
    60
100
AcDbSpline
210
0.0
220
0.0
230
1.0
 70
    11
 71
     2
 72
    28
 73
    25
 74
     0
 42
0.0
 43
0.0
 40
0.0
 40
0.0
 40
0.0
 40
3.011924697465483
 40
3.011924697465483
 40
3.530380279787314
 40
3.530380279787314
 40
4.124523928289906
 40
4.124523928289906
 40
4.565588108160568
 40
4.565588108160568
 40
5.314024587618196
 40
5.314024587618196
 40
6.003394464905407
 40
6.003394464905407
 40
9.01531916237089
 40
9.01531916237089
 40
9.533638979234528
 40
9.533638979234528
 40
10.11659139220172
 40
10.11659139220172
 40
10.55765573418506
 40
10.55765573418506
 40
11.29979807340033
 40
11.29979807340033
 40
12.0
 40
12.0
 40
12.0
 10
16.61956187816358
 20
18.36644555651618
 30
0.0
 10
16.76907213238524
 20
18.71040388984952
 30
0.0
 10
16.91858238660691
 20
19.05436222318285
 30
0.0
 10
16.94925750041378
 20
19.12489024446919
 30
0.0
 10
16.90649007842553
 20
19.17561583734577
 30
0.0
 10
16.86372269681011
 20
19.22634138984952
 30
0.0
 10
16.77252411017701
 20
19.22634138984952
 30
0.0
 10
16.71760240771522
 20
19.22634138984952
 30
0.0
 10
16.66268070525343
 20
19.22634138984952
 30
0.0
 10
16.57152346039699
 20
19.22634138984952
 30
0.0
 10
16.48538920103177
 20
19.17602925511235
 30
0.0
 10
16.39925490129372
 20
19.12571708000236
 30
0.0
 10
16.36824905327357
 20
19.05436222318285
 30
0.0
 10
16.21873879905191
 20
18.71040388984952
 30
0.0
 10
16.06922854483025
 20
18.36644555651618
 30
0.0
 10
16.03896680841714
 20
18.29678575291251
 30
0.0
 10
16.08318119258844
 20
18.24562607138101
 30
0.0
 10
16.12739553638692
 20
18.19446638984952
 30
0.0
 10
16.21417059329036
 20
18.19446638984952
 30
0.0
 10
16.26909231593856
 20
18.19446638984952
 30
0.0
 10
16.32401403858676
 20
18.19446638984952
 30
0.0
 10
16.41298016928029
 20
18.19446638984952
 30
0.0
 10
16.50020998572697
 20
18.24347633936759
 30
0.0
 10
16.58743980217365
 20
18.29248624851283
 30
0.0
 10
16.61956187816358
 20
18.36644555651618
 30
0.0
  0
SPLINE
  5
AD
330
1F
100
AcDbEntity
  8
0
  6
K5LT_BASIC
 62
   150
420
    33023
370
    60
100
AcDbSpline
210
0.0
220
0.0
230
1.0
 70
    11
 71
     2
 72
    28
 73
    25
 74
     0
 42
0.0
 43
0.0
 40
0.0
 40
0.0
 40
0.0
 40
0.8515157838454331
 40
0.8515157838454331
 40
1.782446434964801
 40
1.782446434964801
 40
2.146648769490872
 40
2.146648769490872
 40
2.86105234143985
 40
2.86105234143985
 40
3.512168742134047
 40
3.512168742134047
 40
5.996207334291655
 40
5.996207334291655
 40
6.84028970922701
 40
6.84028970922701
 40
7.774674641603106
 40
7.774674641603106
 40
8.13887710953946
 40
8.13887710953946
 40
8.870489546008471
 40
8.870489546008471
 40
9.515961407842392
 40
9.515961407842392
 40
12.0
 40
12.0
 40
12.0
 10
17.58231441879162
 20
18.36570144490916
 30
0.0
 10
17.53626036593182
 20
18.25970274446919
 30
0.0
 10
17.40611847165141
 20
18.18342833734577
 30
0.0
 10
17.27597653699818
 20
18.10715388984952
 30
0.0
 10
17.13822783655821
 20
18.10715388984952
 30
0.0
 10
17.08312009610145
 20
18.10715388984952
 30
0.0
 10
17.0280123556447
 20
18.10715388984952
 30
0.0
 10
16.90126036593183
 20
18.10715388984952
 30
0.0
 10
16.83191062565309
 20
18.18212607138101
 30
0.0
 10
16.76256084500153
 20
18.25709825291251
 30
0.0
 10
16.80973108545829
 20
18.36570144490916
 30
0.0
 10
16.95957207389322
 20
18.71040391003593
 30
0.0
 10
17.10941306232815
 20
19.05510637516271
 30
0.0
 10
17.15435088721816
 20
19.15854192582266
 30
0.0
 10
17.28395537877483
 20
19.2360979280225
 30
0.0
 10
17.41355987033151
 20
19.31365388984952
 30
0.0
 10
17.55242475836843
 20
19.31365388984952
 30
0.0
 10
17.6075325190116
 20
19.31365388984952
 30
0.0
 10
17.66264027965477
 20
19.31365388984952
 30
0.0
 10
17.79819786593183
 20
19.31365388984952
 30
0.0
 10
17.86351690410481
 20
19.23824766003593
 30
0.0
 10
17.92883590190497
 20
19.16284138984952
 30
0.0
 10
17.88199639566148
 20
19.05510637516271
 30
0.0
 10
17.73215540722655
 20
18.71040391003593
 30
0.0
 10
17.58231441879162
 20
18.36570144490916
 30
0.0
  0
SPLINE
  5
AE
330
1F
100
AcDbEntity
  8
0
  6
K5LT_BASIC
 62
   150
420
    33023
370
    60
100
AcDbSpline
210
0.0
220
0.0
230
1.0
 70
    11
 71
     2
 72
    28
 73
    25
 74
     0
 42
0.0
 43
0.0
 40
0.0
 40
0.0
 40
0.0
 40
3.011924697465483
 40
3.011924697465483
 40
3.530380279787314
 40
3.530380279787314
 40
4.124523928289906
 40
4.124523928289906
 40
4.565588108160568
 40
4.565588108160568
 40
5.314024587618196
 40
5.314024587618196
 40
6.003394464905407
 40
6.003394464905407
 40
9.01531916237089
 40
9.01531916237089
 40
9.533638979234528
 40
9.533638979234528
 40
10.11659139220172
 40
10.11659139220172
 40
10.55765573418506
 40
10.55765573418506
 40
11.29979807340033
 40
11.29979807340033
 40
12.0
 40
12.0
 40
12.0
 10
17.47152015300489
 20
18.36644555651618
 30
0.0
 10
17.62103040722655
 20
18.71040388984952
 30
0.0
 10
17.77054066144822
 20
19.05436222318285
 30
0.0
 10
17.80121577525509
 20
19.12489024446919
 30
0.0
 10
17.75844835326684
 20
19.17561583734577
 30
0.0
 10
17.71568097165142
 20
19.22634138984952
 30
0.0
 10
17.62448238501832
 20
19.22634138984952
 30
0.0
 10
17.56956068255653
 20
19.22634138984952
 30
0.0
 10
17.51463898009474
 20
19.22634138984952
 30
0.0
 10
17.4234817352383
 20
19.22634138984952
 30
0.0
 10
17.33734747587308
 20
19.17602925511235
 30
0.0
 10
17.25121317613502
 20
19.12571708000236
 30
0.0
 10
17.22020732811488
 20
19.05436222318285
 30
0.0
 10
17.07069707389322
 20
18.71040388984952
 30
0.0
 10
16.92118681967155
 20
18.36644555651618
 30
0.0
 10
16.89092508325844
 20
18.29678575291251
 30
0.0
 10
16.93513946742975
 20
18.24562607138101
 30
0.0
 10
16.97935381122823
 20
18.19446638984952
 30
0.0
 10
17.06612886813167
 20
18.19446638984952
 30
0.0
 10
17.12105059077987
 20
18.19446638984952
 30
0.0
 10
17.17597231342807
 20
18.19446638984952
 30
0.0
 10
17.2649384441216
 20
18.19446638984952
 30
0.0
 10
17.35216826056828
 20
18.24347633936759
 30
0.0
 10
17.43939807701496
 20
18.29248624851283
 30
0.0
 10
17.47152015300489
 20
18.36644555651618
 30
0.0
  0
SPLINE
  5
AF
330
1F
100
AcDbEntity
  8
0
  6
K5LT_BASIC
 62
   150
420
    33023
370
    60
100
AcDbSpline
210
0.0
220
0.0
230
1.0
 70
    11
 71
     2
 72
    28
 73
    25
 74
     0
 42
0.0
 43
0.0
 40
0.0
 40
0.0
 40
0.0
 40
0.8515157838454331
 40
0.8515157838454331
 40
1.782446434964801
 40
1.782446434964801
 40
2.146648769490872
 40
2.146648769490872
 40
2.86105234143985
 40
2.86105234143985
 40
3.512168742134047
 40
3.512168742134047
 40
5.996207334291655
 40
5.996207334291655
 40
6.84028970922701
 40
6.84028970922701
 40
7.774674641603106
 40
7.774674641603106
 40
8.13887710953946
 40
8.13887710953946
 40
8.870489546008471
 40
8.870489546008471
 40
9.515961407842392
 40
9.515961407842392
 40
12.0
 40
12.0
 40
12.0
 10
18.43427269363293
 20
18.36570144490916
 30
0.0
 10
18.38821864077313
 20
18.25970274446919
 30
0.0
 10
18.25807674649272
 20
18.18342833734577
 30
0.0
 10
18.12793481183948
 20
18.10715388984952
 30
0.0
 10
17.99018611139952
 20
18.10715388984952
 30
0.0
 10
17.93507837094276
 20
18.10715388984952
 30
0.0
 10
17.87997063048601
 20
18.10715388984952
 30
0.0
 10
17.75321864077313
 20
18.10715388984952
 30
0.0
 10
17.6838689004944
 20
18.18212607138101
 30
0.0
 10
17.61451911984284
 20
18.25709825291251
 30
0.0
 10
17.66168936029959
 20
18.36570144490916
 30
0.0
 10
17.81153034873453
 20
18.71040391003593
 30
0.0
 10
17.96137133716946
 20
19.05510637516271
 30
0.0
 10
18.00630916205947
 20
19.15854192582266
 30
0.0
 10
18.13591365361614
 20
19.2360979280225
 30
0.0
 10
18.26551814517282
 20
19.31365388984952
 30
0.0
 10
18.40438303320974
 20
19.31365388984952
 30
0.0
 10
18.45949079385291
 20
19.31365388984952
 30
0.0
 10
18.51459855449608
 20
19.31365388984952
 30
0.0
 10
18.65015614077313
 20
19.31365388984952
 30
0.0
 10
18.71547517894612
 20
19.23824766003593
 30
0.0
 10
18.78079417674628
 20
19.16284138984952
 30
0.0
 10
18.73395467050279
 20
19.05510637516271
 30
0.0
 10
18.58411368206786
 20
18.71040391003593
 30
0.0
 10
18.43427269363293
 20
18.36570144490916
 30
0.0
  0
SPLINE
  5
B0
330
1F
100
AcDbEntity
  8
0
  6
K5LT_BASIC
 62
   150
420
    33023
370
    60
100
AcDbSpline
210
0.0
220
0.0
230
1.0
 70
    11
 71
     2
 72
    28
 73
    25
 74
     0
 42
0.0
 43
0.0
 40
0.0
 40
0.0
 40
0.0
 40
3.011924697465483
 40
3.011924697465483
 40
3.530380279787314
 40
3.530380279787314
 40
4.124523928289906
 40
4.124523928289906
 40
4.565588108160568
 40
4.565588108160568
 40
5.314024587618196
 40
5.314024587618196
 40
6.003394464905407
 40
6.003394464905407
 40
9.01531916237089
 40
9.01531916237089
 40
9.533638979234528
 40
9.533638979234528
 40
10.11659139220172
 40
10.11659139220172
 40
10.55765573418506
 40
10.55765573418506
 40
11.29979807340033
 40
11.29979807340033
 40
12.0
 40
12.0
 40
12.0
 10
18.3234784278462
 20
18.36644555651618
 30
0.0
 10
18.47298868206786
 20
18.71040388984952
 30
0.0
 10
18.62249893628952
 20
19.05436222318285
 30
0.0
 10
18.6531740500964
 20
19.12489024446919
 30
0.0
 10
18.61040662810814
 20
19.17561583734577
 30
0.0
 10
18.56763924649272
 20
19.22634138984952
 30
0.0
 10
18.47644065985963
 20
19.22634138984952
 30
0.0
 10
18.42151895739784
 20
19.22634138984952
 30
0.0
 10
18.36659725493605
 20
19.22634138984952
 30
0.0
 10
18.27544001007961
 20
19.22634138984952
 30
0.0
 10
18.18930575071439
 20
19.17602925511235
 30
0.0
 10
18.10317145097633
 20
19.12571708000236
 30
0.0
 10
18.07216560295619
 20
19.05436222318285
 30
0.0
 10
17.92265534873453
 20
18.71040388984952
 30
0.0
 10
17.77314509451286
 20
18.36644555651618
 30
0.0
 10
17.74288335809975
 20
18.29678575291251
 30
0.0
 10
17.78709774227106
 20
18.24562607138101
 30
0.0
 10
17.83131208606954
 20
18.19446638984952
 30
0.0
 10
17.91808714297298
 20
18.19446638984952
 30
0.0
 10
17.97300886562118
 20
18.19446638984952
 30
0.0
 10
18.02793058826938
 20
18.19446638984952
 30
0.0
 10
18.11689671896291
 20
18.19446638984952
 30
0.0
 10
18.20412653540959
 20
18.24347633936759
 30
0.0
 10
18.29135635185627
 20
18.29248624851283
 30
0.0
 10
18.3234784278462
 20
18.36644555651618
 30
0.0
  0
SPLINE
  5
B1
330
1F
100
AcDbEntity
  8
0
  6
K5LT_BASIC
 62
   150
420
    33023
370
    60
100
AcDbSpline
210
0.0
220
0.0
230
1.0
 70
    11
 71
     2
 72
    54
 73
    51
 74
     0
 42
0.0
 43
0.0
 40
0.0
 40
0.0
 40
0.0
 40
0.1459120355886006
 40
0.1459120355886006
 40
0.2950020858956309
 40
0.2950020858956309
 40
0.4115867972382914
 40
0.4115867972382914
 40
0.5264312293418644
 40
0.5264312293418644
 40
3.940140071806746
 40
3.940140071806746
 40
6.127663660583341
 40
6.127663660583341
 40
6.343665279363581
 40
6.343665279363581
 40
6.496467182971622
 40
6.496467182971622
 40
7.962636133776216
 40
7.962636133776216
 40
11.37329267919608
 40
11.37329267919608
 40
11.51929095365253
 40
11.51929095365253
 40
11.66854775073249
 40
11.66854775073249
 40
11.78521595654243
 40
11.78521595654243
 40
11.89993259849674
 40
11.89993259849674
 40
15.85483750317597
 40
15.85483750317597
 40
16.00965484667513
 40
16.00965484667513
 40
16.15297514979704
 40
16.15297514979704
 40
16.23680579207124
 40
16.23680579207124
 40
16.32434603960823
 40
16.32434603960823
 40
18.03477662337447
 40
18.03477662337447
 40
20.58316892041207
 40
20.58316892041207
 40
20.81516662751956
 40
20.81516662751956
 40
20.92275281465066
 40
20.92275281465066
 40
21.04509509532077
 40
21.04509509532077
 40
25.0
 40
25.0
 40
25.0
 10
19.96496984369417
 20
18.1497352738428
 30
0.0
 10
19.95595749787387
 20
18.12898202494273
 30
0.0
 10
19.93512156542047
 20
18.11686908624585
 30
0.0
 10
19.91502974457411
 20
18.10649246179581
 30
0.0
 10
19.89059715829705
 20
18.10649246179581
 30
0.0
 10
19.88059256946411
 20
18.10649246179581
 30
0.0
 10
19.85624266674038
 20
18.1169104280225
 30
0.0
 10
19.84408834589401
 20
18.12728705247254
 30
0.0
 10
19.85388618547083
 20
18.14981795739612
 30
0.0
 10
20.06441597346579
 20
18.63421216627941
 30
0.0
 10
20.27494576146076
 20
19.11860637516271
 30
0.0
 10
20.01319429945572
 20
18.90404582450276
 30
0.0
 10
19.75144283745068
 20
18.6894852738428
 30
0.0
 10
19.71899002724749
 20
18.66277888984952
 30
0.0
 10
19.69153953164717
 20
18.66277888984952
 30
0.0
 10
19.66520522364381
 20
18.66277888984952
 30
0.0
 10
19.65706101476052
 20
18.6894852738428
 30
0.0
 10
19.58217151678234
 20
18.90361175603425
 30
0.0
 10
19.50728201880416
 20
19.1177382382257
 30
0.0
 10
19.29693826880416
 20
18.63377809781091
 30
0.0
 10
19.08659451880416
 20
18.14981795739612
 30
0.0
 10
19.0775408312072
 20
18.12902336671938
 30
0.0
 10
19.05674624053047
 20
18.1169104280225
 30
0.0
 10
19.03661307790744
 20
18.10649246179581
 30
0.0
 10
19.01218049163039
 20
18.10649246179581
 30
0.0
 10
19.00217590279745
 20
18.10649246179581
 30
0.0
 10
18.97778465829705
 20
18.11686908624585
 30
0.0
 10
18.96563033745068
 20
18.12724571069588
 30
0.0
 10
18.9754281770275
 20
18.1497352738428
 30
0.0
 10
19.21934094501407
 20
18.71092066205775
 30
0.0
 10
19.46325371300065
 20
19.2721060502727
 30
0.0
 10
19.47342362856739
 20
19.29546379072945
 30
0.0
 10
19.49301934809385
 20
19.30885832450275
 30
0.0
 10
19.51261502724748
 20
19.32225285827606
 30
0.0
 10
19.53460852944733
 20
19.32225285827606
 30
0.0
 10
19.55002876990408
 20
19.32225285827606
 30
0.0
 10
19.55949591564045
 20
19.31621708000236
 30
0.0
 10
19.5635059872307
 20
19.31534890269253
 30
0.0
 10
19.57545359919377
 20
19.29467833734576
 30
0.0
 10
19.66280744097043
 20
19.04487444693098
 30
0.0
 10
19.75016128274709
 20
18.79507055651618
 30
0.0
 10
20.05521758965052
 20
19.04487444693098
 30
0.0
 10
20.36027389655396
 20
19.29467833734576
 30
0.0
 10
20.39425631212071
 20
19.32225285827606
 30
0.0
 10
20.42509683340704
 20
19.32225285827606
 30
0.0
 10
20.44489922144397
 20
19.32225285827606
 30
0.0
 10
20.45374624053046
 20
19.30842423584784
 30
0.0
 10
20.46259321924413
 20
19.29459565379245
 30
0.0
 10
20.45279537966731
 20
19.2721060502727
 30
0.0
 10
20.20888261168074
 20
18.71092066205775
 30
0.0
 10
19.96496984369417
 20
18.1497352738428
 30
0.0
  0
SPLINE
  5
B2
330
1F
100
AcDbEntity
  8
0
  6
K5LT_BASIC
 62
   150
420
    33023
370
    60
100
AcDbSpline
210
0.0
220
0.0
230
1.0
 70
    11
 71
     2
 72
    52
 73
    49
 74
     0
 42
0.0
 43
0.0
 40
0.0
 40
0.0
 40
0.0
 40
1.932405338304871
 40
1.932405338304871
 40
2.085899286857781
 40
2.085899286857781
 40
2.265496912206967
 40
2.265496912206967
 40
2.39778336239475
 40
2.39778336239475
 40
2.526943438409921
 40
2.526943438409921
 40
7.079858177472128
 40
7.079858177472128
 40
7.247499480825738
 40
7.247499480825738
 40
7.419203810897045
 40
7.419203810897045
 40
7.553555817678655
 40
7.553555817678655
 40
7.685018906044585
 40
7.685018906044585
 40
9.951240260500349
 40
9.951240260500349
 40
12.00004731778193
 40
12.00004731778193
 40
14.26626867223769
 40
14.26626867223769
 40
14.43347034631257
 40
14.43347034631257
 40
14.60517467638388
 40
14.60517467638388
 40
14.73952668316549
 40
14.73952668316549
 40
14.87135788238533
 40
14.87135788238533
 40
19.42427262144755
 40
19.42427262144755
 40
19.57753983613524
 40
19.57753983613524
 40
19.75703745020423
 40
19.75703745020423
 40
19.88932390039203
 40
19.88932390039203
 40
20.01878760441354
 40
20.01878760441354
 40
21.95119294271841
 40
21.95119294271841
 40
24.0
 40
24.0
 40
24.0
 10
20.95455278092981
 20
18.79507055651618
 30
0.0
 10
21.05800900247809
 20
19.03309222226095
 30
0.0
 10
21.16146522402637
 20
19.27111388800572
 30
0.0
 10
21.16745970089624
 20
19.28492179917278
 30
0.0
 10
21.19050737802805
 20
19.29961859891083
 30
0.0
 10
21.21355509553269
 20
19.31431535827606
 30
0.0
 10
21.23579660801966
 20
19.31431535827606
 30
0.0
 10
21.25580574531271
 20
19.31431535827606
 30
0.0
 10
21.26870417776611
 20
19.30309122740451
 30
0.0
 10
21.2816026102195
 20
19.2918671369058
 30
0.0
 10
21.27263156580303
 20
19.27119657155903
 30
0.0
 10
21.02886351422118
 20
18.71040391003593
 30
0.0
 10
20.78509546263933
 20
18.14961124851283
 30
0.0
 10
20.77612441822286
 20
18.12894068316606
 30
0.0
 10
20.75532982754612
 20
18.11682774446919
 30
0.0
 10
20.73523800669975
 20
18.10649246179581
 30
0.0
 10
20.7108054204227
 20
18.10649246179581
 30
0.0
 10
20.70080083158976
 20
18.10649246179581
 30
0.0
 10
20.67640958708937
 20
18.11682774446919
 30
0.0
 10
20.66421392446635
 20
18.12712168536591
 30
0.0
 10
20.67392912086267
 20
18.14948722318285
 30
0.0
 10
20.79526537820608
 20
18.42862263984951
 30
0.0
 10
20.91660163554948
 20
18.70775805651618
 30
0.0
 10
20.64143496888281
 20
18.70775805651618
 30
0.0
 10
20.36626830221615
 20
18.70775805651618
 30
0.0
 10
20.24493204487274
 20
18.42862263984951
 30
0.0
 10
20.12359578752934
 20
18.14948722318285
 30
0.0
 10
20.11462474311287
 20
18.12885799961275
 30
0.0
 10
20.09387149421279
 20
18.11682774446919
 30
0.0
 10
20.07377967336642
 20
18.10649246179581
 30
0.0
 10
20.04934708708937
 20
18.10649246179581
 30
0.0
 10
20.03934249825643
 20
18.10649246179581
 30
0.0
 10
20.01495125375603
 20
18.11682774446919
 30
0.0
 10
20.00279693290967
 20
18.12720436891923
 30
0.0
 10
20.012512129306
 20
18.14961124851283
 30
0.0
 10
20.25628018088785
 20
18.71040391003593
 30
0.0
 10
20.5000482324697
 20
19.27119657155903
 30
0.0
 10
20.50604270933957
 20
19.28496314094944
 30
0.0
 10
20.52906971558305
 20
19.29963926979916
 30
0.0
 10
20.55209676219936
 20
19.31431535827606
 30
0.0
 10
20.57433827468633
 20
19.31431535827606
 30
0.0
 10
20.59434741197938
 20
19.31431535827606
 30
0.0
 10
20.60724584443278
 20
19.30309122740451
 30
0.0
 10
20.62014427688617
 20
19.2918671369058
 30
0.0
 10
20.61113189069304
 20
19.27111388800572
 30
0.0
 10
20.50767566914476
 20
19.03309222226095
 30
0.0
 10
20.40421944759647
 20
18.79507055651618
 30
0.0
 10
20.67938611426314
 20
18.79507055651618
 30
0.0
 10
20.95455278092981
 20
18.79507055651618
 30
0.0
  0
SPLINE
  5
B3
330
1F
100
AcDbEntity
  8
0
  6
K5LT_BASIC
 62
   150
420
    33023
370
    60
100
AcDbSpline
210
0.0
220
0.0
230
1.0
 70
    11
 71
     2
 72
    40
 73
    37
 74
     0
 42
0.0
 43
0.0
 40
0.0
 40
0.0
 40
0.0
 40
4.128523709631233
 40
4.128523709631233
 40
5.873595627404476
 40
5.873595627404476
 40
6.00932434623854
 40
6.00932434623854
 40
6.130765554937664
 40
6.130765554937664
 40
6.286384172416073
 40
6.286384172416073
 40
6.475793137818998
 40
6.475793137818998
 40
8.578335107350583
 40
8.578335107350583
 40
8.848513541292565
 40
8.848513541292565
 40
8.993726775972512
 40
8.993726775972512
 40
13.12225038429378
 40
13.12225038429378
 40
14.86732230206702
 40
14.86732230206702
 40
15.01511096112341
 40
15.01511096112341
 40
15.13993641902265
 40
15.13993641902265
 40
15.28119673363364
 40
15.28119673363364
 40
15.48208527027272
 40
15.48208527027272
 40
17.58462723980432
 40
17.58462723980432
 40
17.85480563399627
 40
17.85480563399627
 40
18.0
 40
18.0
 40
18.0
 10
21.84954719930765
 20
18.90594754622906
 30
0.0
 10
21.442006182421
 20
18.55020696803929
 30
0.0
 10
21.03446516553435
 20
18.19446638984952
 30
0.0
 10
21.26312303998439
 20
18.19446638984952
 30
0.0
 10
21.49178091443443
 20
18.19446638984952
 30
0.0
 10
21.51162468462084
 20
18.19446638984952
 30
0.0
 10
21.52317954970566
 20
18.18049311157582
 30
0.0
 10
21.53473437441765
 20
18.1665197929293
 30
0.0
 10
21.52791310238743
 20
18.15081016003593
 30
0.0
 10
21.52109178998439
 20
18.13510052714257
 30
0.0
 10
21.50068994618591
 20
18.12112720849604
 30
0.0
 10
21.48028810238743
 20
18.10715388984952
 30
0.0
 10
21.4538297690541
 20
18.10715388984952
 30
0.0
 10
21.17833236817416
 20
18.10715388984952
 30
0.0
 10
20.90283496729423
 20
18.10715388984952
 30
0.0
 10
20.8433450792573
 20
18.10715388984952
 30
0.0
 10
20.8583105601708
 20
18.14159106495951
 30
0.0
 10
20.86467707265777
 20
18.15626719380924
 30
0.0
 10
20.88208171839415
 20
18.17090194050947
 30
0.0
 10
21.2896227352808
 20
18.52664249851283
 30
0.0
 10
21.69716375216745
 20
18.88238305651618
 30
0.0
 10
21.46850587771741
 20
18.88238305651618
 30
0.0
 10
21.23984800326737
 20
18.88238305651618
 30
0.0
 10
21.21450585753099
 20
18.88238305651618
 30
0.0
 10
21.2043772837409
 20
18.89462006091587
 30
0.0
 10
21.19610904952764
 20
18.90859337956239
 30
0.0
 10
21.20371581531437
 20
18.9260393267026
 30
0.0
 10
21.20789129438408
 20
18.93563045739612
 30
0.0
 10
21.22905796105074
 20
18.95266302714257
 30
0.0
 10
21.25022462771741
 20
18.96969555651618
 30
0.0
 10
21.2777991486477
 20
18.96969555651618
 30
0.0
 10
21.55329654952764
 20
18.96969555651618
 30
0.0
 10
21.82879395040757
 20
18.96969555651618
 30
0.0
 10
21.88828387881733
 20
18.96969555651618
 30
0.0
 10
21.87331835753099
 20
18.93525842177902
 30
0.0
 10
21.86691050326737
 20
18.9205822929293
 30
0.0
 10
21.84954719930765
 20
18.90594754622906
 30
0.0
  0
SPLINE
  5
B4
330
1F
100
AcDbEntity
  8
0
  6
K5LT_BASIC
 62
   150
420
    33023
370
    60
100
AcDbSpline
210
0.0
220
0.0
230
1.0
 70
    11
 71
     2
 72
    20
 73
    17
 74
     0
 42
0.0
 43
0.0
 40
0.0
 40
0.0
 40
0.0
 40
1.292283046784364
 40
1.292283046784364
 40
2.016826343062006
 40
2.016826343062006
 40
2.692787869313535
 40
2.692787869313535
 40
3.430484037773953
 40
3.430484037773953
 40
3.93268001602585
 40
3.93268001602585
 40
4.512851357416086
 40
4.512851357416086
 40
5.805134404200458
 40
5.805134404200458
 40
8.0
 40
8.0
 40
8.0
 10
11.88600091566535
 20
17.0250608458864
 30
0.0
 10
12.05076604323714
 20
17.0250608458864
 30
0.0
 10
12.21553117080892
 20
17.0250608458864
 30
0.0
 10
12.30449734187527
 20
17.0250608458864
 30
0.0
 10
12.39168581654529
 20
17.07398811185115
 30
0.0
 10
12.47887429121531
 20
17.12291537781591
 30
0.0
 10
12.51021087344873
 20
17.19501430586962
 30
0.0
 10
12.54770729965864
 20
17.28127261075123
 30
0.0
 10
12.58520372586855
 20
17.36753091563285
 30
0.0
 10
12.61542408013218
 20
17.43706673427937
 30
0.0
 10
12.5726359872556
 20
17.48770964360263
 30
0.0
 10
12.52984793475185
 20
17.53835251255307
 30
0.0
 10
12.43864934811875
 20
17.53835251255307
 30
0.0
 10
12.27388422054697
 20
17.53835251255307
 30
0.0
 10
12.10911909297519
 20
17.53835251255307
 30
0.0
 10
11.99756000432027
 20
17.28170667921973
 30
0.0
 10
11.88600091566535
 20
17.0250608458864
 30
0.0
  0
SPLINE
  5
B5
330
1F
100
AcDbEntity
  8
0
  6
K5LT_BASIC
 62
   150
420
    33023
370
    60
100
AcDbSpline
210
0.0
220
0.0
230
1.0
 70
    11
 71
     2
 72
    38
 73
    35
 74
     0
 42
0.0
 43
0.0
 40
0.0
 40
0.0
 40
0.0
 40
2.287143722020944
 40
2.287143722020944
 40
2.486271259330932
 40
2.486271259330932
 40
2.68958714421857
 40
2.68958714421857
 40
2.848688971963984
 40
2.848688971963984
 40
3.004778193196916
 40
3.004778193196916
 40
8.390784899300165
 40
8.390784899300165
 40
8.793446702797041
 40
8.793446702797041
 40
10.49822100789603
 40
10.49822100789603
 40
11.48064993187305
 40
11.48064993187305
 40
11.88723971871223
 40
11.88723971871223
 40
12.08908929538106
 40
12.08908929538106
 40
12.21389100564259
 40
12.21389100564259
 40
12.34240702354645
 40
12.34240702354645
 40
13.17501174385271
 40
13.17501174385271
 40
14.30499861992084
 40
14.30499861992084
 40
15.54482917464573
 40
15.54482917464573
 40
17.0
 40
17.0
 40
17.0
 10
11.84804972991219
 20
16.9377483458864
 30
0.0
 10
11.74461417925224
 20
16.69976804210471
 30
0.0
 10
11.64117862859229
 20
16.46178773832301
 30
0.0
 10
11.63216628277199
 20
16.44099314764627
 30
0.0
 10
11.61133035031859
 20
16.4288802089494
 30
0.0
 10
11.59123852947223
 20
16.41850358449936
 30
0.0
 10
11.56680594319517
 20
16.41850358449936
 30
0.0
 10
11.55680135436223
 20
16.41850358449936
 30
0.0
 10
11.53241010986184
 20
16.4288802089494
 30
0.0
 10
11.52025578901547
 20
16.43921549162278
 30
0.0
 10
11.53001232718846
 20
16.46166371299304
 30
0.0
 10
11.77359434077535
 20
17.02208429852621
 30
0.0
 10
12.01717635436223
 20
17.58250488405939
 30
0.0
 10
12.03594523835552
 20
17.62566501255307
 30
0.0
 10
12.09121834591891
 20
17.62566501255307
 30
0.0
 10
12.28463290080052
 20
17.62566501255307
 30
0.0
 10
12.47804745568214
 20
17.62566501255307
 30
0.0
 10
12.61401850009861
 20
17.62566501255307
 30
0.0
 10
12.6809084854118
 20
17.55067220050607
 30
0.0
 10
12.71377467300876
 20
17.51445736937258
 30
0.0
 10
12.71786746852515
 20
17.46790721519288
 30
0.0
 10
12.71621381764521
 20
17.44506622675795
 30
0.0
 10
12.71456016676528
 20
17.42222523832302
 30
0.0
 10
12.71133554855872
 20
17.40843797785787
 30
0.0
 10
12.70811093035216
 20
17.39465071739272
 30
0.0
 10
12.70230251166368
 20
17.38127685450775
 30
0.0
 10
12.69649409297519
 20
17.36790299162278
 30
0.0
 10
12.65883229965864
 20
17.28127261075123
 30
0.0
 10
12.62117050634209
 20
17.19464222987969
 30
0.0
 10
12.57507515207847
 20
17.08860218766306
 30
0.0
 10
12.4459873923572
 20
17.01317528696115
 30
0.0
 10
12.31689967300876
 20
16.9377483458864
 30
0.0
 10
12.17824149385513
 20
16.9377483458864
 30
0.0
 10
12.01314561188366
 20
16.9377483458864
 30
0.0
 10
11.84804972991219
 20
16.9377483458864
 30
0.0
  0
SPLINE
  5
B6
330
1F
100
AcDbEntity
  8
0
  6
K5LT_BASIC
 62
   150
420
    33023
370
    60
100
AcDbSpline
210
0.0
220
0.0
230
1.0
 70
    11
 71
     2
 72
    28
 73
    25
 74
     0
 42
0.0
 43
0.0
 40
0.0
 40
0.0
 40
0.0
 40
0.7268603784849298
 40
0.7268603784849298
 40
1.516697947287752
 40
1.516697947287752
 40
2.446743690366225
 40
2.446743690366225
 40
3.072915559463063
 40
3.072915559463063
 40
3.622239193056675
 40
3.622239193056675
 40
6.002164437461697
 40
6.002164437461697
 40
6.707326464585794
 40
6.707326464585794
 40
7.514392789590186
 40
7.514392789590186
 40
8.444438532668666
 40
8.444438532668666
 40
9.067868573480428
 40
9.067868573480428
 40
9.620074755594977
 40
9.620074755594977
 40
12.0
 40
12.0
 40
12.0
 10
13.09994225585342
 20
16.5916816223163
 30
0.0
 10
13.06844030651338
 20
16.51921061827266
 30
0.0
 10
12.98276076631857
 20
16.46918783559928
 30
0.0
 10
12.89708126649659
 20
16.41916501255307
 30
0.0
 10
12.80447709982993
 20
16.41916501255307
 30
0.0
 10
12.69422025695335
 20
16.41916501255307
 30
0.0
 10
12.58396341407677
 20
16.41916501255307
 30
0.0
 10
12.4913592474101
 20
16.41916501255307
 30
0.0
 10
12.44917061029507
 20
16.46918783559928
 30
0.0
 10
12.40698197318004
 20
16.51921061827266
 30
0.0
 10
12.43848392252009
 20
16.5916816223163
 30
0.0
 10
12.55095251007509
 20
16.85043586607282
 30
0.0
 10
12.66342109763008
 20
17.10919010982933
 30
0.0
 10
12.69153310202977
 20
17.17388898097961
 30
0.0
 10
12.7778120576133
 20
17.22779785028609
 30
0.0
 10
12.86409101319683
 20
17.28170667921974
 30
0.0
 10
12.95888625365358
 20
17.28170667921974
 30
0.0
 10
13.06914309653016
 20
17.28170667921974
 30
0.0
 10
13.17939993940674
 20
17.28170667921974
 30
0.0
 10
13.27088791847645
 20
17.28170667921974
 30
0.0
 10
13.31382066719851
 20
17.23211798520127
 30
0.0
 10
13.35675345629339
 20
17.18252929118281
 30
0.0
 10
13.32487943096342
 20
17.10919010982933
 30
0.0
 10
13.21241084340842
 20
16.85043586607282
 30
0.0
 10
13.09994225585342
 20
16.5916816223163
 30
0.0
  0
SPLINE
  5
B7
330
1F
100
AcDbEntity
  8
0
  6
K5LT_BASIC
 62
   150
420
    33023
370
    60
100
AcDbSpline
210
0.0
220
0.0
230
1.0
 70
    11
 71
     2
 72
    28
 73
    25
 74
     0
 42
0.0
 43
0.0
 40
0.0
 40
0.0
 40
0.0
 40
3.067998819465123
 40
3.067998819465123
 40
3.422015453851776
 40
3.422015453851776
 40
3.825360832713702
 40
3.825360832713702
 40
5.022969734976599
 40
5.022969734976599
 40
5.531698351175688
 40
5.531698351175688
 40
5.999999909136251
 40
5.999999909136251
 40
9.067998728601374
 40
9.067998728601374
 40
9.422015362988045
 40
9.422015362988045
 40
9.825361060617384
 40
9.825361060617384
 40
11.02296996288028
 40
11.02296996288028
 40
11.53169844203942
 40
11.53169844203942
 40
12.0
 40
12.0
 40
12.0
 10
12.98914799006669
 20
16.59246711607282
 30
0.0
 10
13.10128584340842
 20
16.85043586607282
 30
0.0
 10
13.21342369675015
 20
17.10840461607282
 30
0.0
 10
13.22913332964351
 20
17.14453676365299
 30
0.0
 10
13.20813203008348
 20
17.16946549162278
 30
0.0
 10
13.18713073052345
 20
17.19439417921974
 30
0.0
 10
13.14099403448316
 20
17.19439417921974
 30
0.0
 10
13.03119195114983
 20
17.19439417921974
 30
0.0
 10
12.9213898678165
 20
17.19439417921974
 30
0.0
 10
12.87525313140338
 20
17.19439417921974
 30
0.0
 10
12.83258906385678
 20
17.16946549162278
 30
0.0
 10
12.78992499631018
 20
17.14453676365299
 30
0.0
 10
12.77421536341681
 20
17.10840461607282
 30
0.0
 10
12.66207751007509
 20
16.85043586607282
 30
0.0
 10
12.54993965673336
 20
16.59246711607282
 30
0.0
 10
12.53423002384
 20
16.55633496849264
 30
0.0
 10
12.55523132340003
 20
16.53140624052286
 30
0.0
 10
12.57623262296006
 20
16.50647751255307
 30
0.0
 10
12.62236935937317
 20
16.50647751255307
 30
0.0
 10
12.73217144270651
 20
16.50647751255307
 30
0.0
 10
12.84197352603984
 20
16.50647751255307
 30
0.0
 10
12.88811022208012
 20
16.50647751255307
 30
0.0
 10
12.93077428962673
 20
16.53140624052286
 30
0.0
 10
12.97343835717333
 20
16.55633496849264
 30
0.0
 10
12.98914799006669
 20
16.59246711607282
 30
0.0
  0
SPLINE
  5
B8
330
1F
100
AcDbEntity
  8
0
  6
K5LT_BASIC
 62
   150
420
    33023
370
    60
100
AcDbSpline
210
0.0
220
0.0
230
1.0
 70
    11
 71
     2
 72
    42
 73
    39
 74
     0
 42
0.0
 43
0.0
 40
0.0
 40
0.0
 40
0.0
 40
0.3767085335064098
 40
0.3767085335064098
 40
1.971271796890636
 40
1.971271796890636
 40
2.584774170328052
 40
2.584774170328052
 40
3.122983198275981
 40
3.122983198275981
 40
6.037759000665917
 40
6.037759000665917
 40
6.20806465675609
 40
6.20806465675609
 40
6.407271033550055
 40
6.407271033550055
 40
6.55406919197019
 40
6.55406919197019
 40
6.697360056069184
 40
6.697360056069184
 40
9.608076077107418
 40
9.608076077107418
 40
9.876801933175168
 40
9.876801933175168
 40
10.18244348316616
 40
10.18244348316616
 40
11.54364763055686
 40
11.54364763055686
 40
14.84257001252001
 40
14.84257001252001
 40
15.01271557290545
 40
15.01271557290545
 40
15.21188910546516
 40
15.21188910546516
 40
15.3586872638853
 40
15.3586872638853
 40
15.50215190494855
 40
15.50215190494855
 40
19.0
 40
19.0
 40
19.0
 10
13.78451028772557
 20
16.46228383964292
 30
0.0
 10
13.76578274550895
 20
16.41916501255307
 30
0.0
 10
13.71067500505219
 20
16.41916501255307
 30
0.0
 10
13.51773588060215
 20
16.41916501255307
 30
0.0
 10
13.32479675615211
 20
16.41916501255307
 30
0.0
 10
13.23219258948545
 20
16.41916501255307
 30
0.0
 10
13.19000395237042
 20
16.46918783559928
 30
0.0
 10
13.14781531525539
 20
16.51921061827266
 30
0.0
 10
13.17931726459544
 20
16.5916816223163
 30
0.0
 10
13.3198978363637
 20
16.91513475740951
 30
0.0
 10
13.46047840813197
 20
17.23858789250271
 30
0.0
 10
13.4665142267785
 20
17.2523958440426
 30
0.0
 10
13.48954123302198
 20
17.26705126163117
 30
0.0
 10
13.51256823926546
 20
17.28170667921974
 30
0.0
 10
13.53480979212526
 20
17.28170667921974
 30
0.0
 10
13.55481888904548
 20
17.28170667921974
 30
0.0
 10
13.56771732149888
 20
17.27050325960935
 30
0.0
 10
13.58061575395227
 20
17.25929979962613
 30
0.0
 10
13.57164474990863
 20
17.23862923427937
 30
0.0
 10
13.43125021613533
 20
16.91563085872941
 30
0.0
 10
13.29085568236203
 20
16.59263248317945
 30
0.0
 10
13.275104707692
 20
16.55641765204596
 30
0.0
 10
13.2960853363637
 20
16.53144758229951
 30
0.0
 10
13.31706596503541
 20
16.50647751255307
 30
0.0
 10
13.36320270144852
 20
16.50647751255307
 30
0.0
 10
13.52790581635531
 20
16.50647751255307
 30
0.0
 10
13.69260893126211
 20
16.50647751255307
 30
0.0
 10
13.85173100725203
 20
16.87255337341622
 30
0.0
 10
14.01085308324196
 20
17.23862923427937
 30
0.0
 10
14.01684756011183
 20
17.25243718581926
 30
0.0
 10
14.03987456635531
 20
17.2670719325195
 30
0.0
 10
14.0629015725988
 20
17.28170667921974
 30
0.0
 10
14.08514312545859
 20
17.28170667921974
 30
0.0
 10
14.10515222237881
 20
17.28170667921974
 30
0.0
 10
14.11805065483221
 20
17.27050325960935
 30
0.0
 10
14.1309490872856
 20
17.25929979962613
 30
0.0
 10
14.1219367414653
 20
17.23858789250271
 30
0.0
 10
13.95322351459544
 20
16.85043586607281
 30
0.0
 10
13.78451028772557
 20
16.46228383964292
 30
0.0
  0
SPLINE
  5
B9
330
1F
100
AcDbEntity
  8
0
  6
K5LT_BASIC
 62
   150
420
    33023
370
    60
100
AcDbSpline
210
0.0
220
0.0
230
1.0
 70
    11
 71
     2
 72
    52
 73
    49
 74
     0
 42
0.0
 43
0.0
 40
0.0
 40
0.0
 40
0.0
 40
1.188196179769057
 40
1.188196179769057
 40
1.442097118160119
 40
1.442097118160119
 40
1.670948007626593
 40
1.670948007626593
 40
1.963990458095695
 40
1.963990458095695
 40
2.318899758485117
 40
2.318899758485117
 40
3.507096228999781
 40
3.507096228999781
 40
9.261185341779585
 40
9.261185341779585
 40
9.585513355228288
 40
9.585513355228288
 40
9.917660089667338
 40
9.917660089667338
 40
10.1775520813213
 40
10.1775520813213
 40
10.43271345360473
 40
10.43271345360473
 40
16.18680256638454
 40
16.18680256638454
 40
16.5693714516262
 40
16.5693714516262
 40
16.8496435352277
 40
16.8496435352277
 40
17.08527633224964
 40
17.08527633224964
 40
17.35218770735504
 40
17.35218770735504
 40
17.7325681369785
 40
17.7325681369785
 40
18.11513702222017
 40
18.11513702222017
 40
20.48291720287205
 40
20.48291720287205
 40
20.77930275874569
 40
20.77930275874569
 40
21.12646760686168
 40
21.12646760686168
 40
21.38243017852328
 40
21.38243017852328
 40
21.63221981934812
 40
21.63221981934812
 40
24.0
 40
24.0
 40
24.0
 10
14.44233063420061
 20
17.28170667921974
 30
0.0
 10
14.5248268777791
 20
17.28170667921974
 30
0.0
 10
14.6073231213576
 20
17.28170667921974
 30
0.0
 10
14.62696018266072
 20
17.28170667921974
 30
0.0
 10
14.63837035152723
 20
17.26773340094604
 30
0.0
 10
14.6497804800209
 20
17.25376008229951
 30
0.0
 10
14.64295920799069
 20
17.23805044940615
 30
0.0
 10
14.63613793596048
 20
17.22234081651278
 30
0.0
 10
14.61586007711915
 20
17.20836749786626
 30
0.0
 10
14.59558225865064
 20
17.19439417921974
 30
0.0
 10
14.56937197597726
 20
17.19439417921974
 30
0.0
 10
14.48687571221235
 20
17.19439417921974
 30
0.0
 10
14.40437944844745
 20
17.19439417921974
 30
0.0
 10
14.24511269642563
 20
16.82800827521806
 30
0.0
 10
14.0858459444038
 20
16.46162237121638
 30
0.0
 10
14.07687489998733
 20
16.44091046409296
 30
0.0
 10
14.0560803093106
 20
16.42883886717274
 30
0.0
 10
14.03598848846423
 20
16.41850358449936
 30
0.0
 10
14.01155590218718
 20
16.41850358449936
 30
0.0
 10
14.00155131335424
 20
16.41850358449936
 30
0.0
 10
13.97716006885384
 20
16.42883886717274
 30
0.0
 10
13.96496440623082
 20
16.43917414984612
 30
0.0
 10
13.9747209444038
 20
16.46162237121638
 30
0.0
 10
14.13398769642562
 20
16.82800827521806
 30
0.0
 10
14.29325444844745
 20
17.19439417921974
 30
0.0
 10
14.26669276067247
 20
17.19439417921974
 30
0.0
 10
14.24013107289749
 20
17.19439417921974
 30
0.0
 10
14.21466494220396
 20
17.19439417921974
 30
0.0
 10
14.20445368486056
 20
17.20663118361942
 30
0.0
 10
14.19614410887063
 20
17.22060450226595
 30
0.0
 10
14.20375087465736
 20
17.23805044940615
 30
0.0
 10
14.20792631335424
 20
17.24764158009967
 30
0.0
 10
14.22915499268589
 20
17.26467414984612
 30
0.0
 10
14.25038367201755
 20
17.28170667921974
 30
0.0
 10
14.27808225865065
 20
17.28170667921974
 30
0.0
 10
14.30464394642562
 20
17.28170667921974
 30
0.0
 10
14.33120563420061
 20
17.28170667921974
 30
0.0
 10
14.39673134088406
 20
17.43247785762949
 30
0.0
 10
14.46225704756751
 20
17.58324903603925
 30
0.0
 10
14.46825152443737
 20
17.59701560542965
 30
0.0
 10
14.49127853068086
 20
17.61167106339104
 30
0.0
 10
14.51430557729717
 20
17.62632648097961
 30
0.0
 10
14.53654708978414
 20
17.62632648097961
 30
0.0
 10
14.55655622707719
 20
17.62632648097961
 30
0.0
 10
14.56947533041891
 20
17.61512302099639
 30
0.0
 10
14.58239443376064
 20
17.60391960138601
 30
0.0
 10
14.57338204756751
 20
17.58324903603925
 30
0.0
 10
14.50785634088406
 20
17.43247785762949
 30
0.0
 10
14.44233063420061
 20
17.28170667921974
 30
0.0
  0
SPLINE
  5
BA
330
1F
100
AcDbEntity
  8
0
  6
K5LT_BASIC
 62
   150
420
    33023
370
    60
100
AcDbSpline
210
0.0
220
0.0
230
1.0
 70
    11
 71
     2
 72
    28
 73
    25
 74
     0
 42
0.0
 43
0.0
 40
0.0
 40
0.0
 40
0.0
 40
0.851515783845433
 40
0.851515783845433
 40
1.782446434964801
 40
1.782446434964801
 40
2.146648769490878
 40
2.146648769490878
 40
2.861052341439855
 40
2.861052341439855
 40
3.512168742134048
 40
3.512168742134048
 40
5.996207334291656
 40
5.996207334291656
 40
6.840289709227011
 40
6.840289709227011
 40
7.774674641603106
 40
7.774674641603106
 40
8.13887710953946
 40
8.13887710953946
 40
8.870489546008471
 40
8.870489546008471
 40
9.515961407842394
 40
9.515961407842394
 40
12.0
 40
12.0
 40
12.0
 10
15.84135626459011
 20
16.67771256761271
 30
0.0
 10
15.79530221173032
 20
16.57171386717274
 30
0.0
 10
15.66516031744991
 20
16.49543946004932
 30
0.0
 10
15.53501838279667
 20
16.41916501255307
 30
0.0
 10
15.3972696823567
 20
16.41916501255307
 30
0.0
 10
15.34216194189995
 20
16.41916501255307
 30
0.0
 10
15.28705420144319
 20
16.41916501255307
 30
0.0
 10
15.16030221173032
 20
16.41916501255307
 30
0.0
 10
15.09095247145159
 20
16.49413719408457
 30
0.0
 10
15.02160269080002
 20
16.56910937561607
 30
0.0
 10
15.06877293125678
 20
16.67771256761271
 30
0.0
 10
15.21861391969171
 20
17.02241503273948
 30
0.0
 10
15.36845490812664
 20
17.36711749786626
 30
0.0
 10
15.41339273301665
 20
17.47055304852621
 30
0.0
 10
15.54299722457333
 20
17.54810905072605
 30
0.0
 10
15.67260171613
 20
17.62566501255307
 30
0.0
 10
15.81146660416693
 20
17.62566501255307
 30
0.0
 10
15.86657436481009
 20
17.62566501255307
 30
0.0
 10
15.92168212545326
 20
17.62566501255307
 30
0.0
 10
16.05723971173032
 20
17.62566501255307
 30
0.0
 10
16.12255874990331
 20
17.55025878273948
 30
0.0
 10
16.18787774770346
 20
17.47485251255307
 30
0.0
 10
16.14103824145998
 20
17.36711749786626
 30
0.0
 10
15.99119725302504
 20
17.02241503273948
 30
0.0
 10
15.84135626459011
 20
16.67771256761271
 30
0.0
  0
SPLINE
  5
BB
330
1F
100
AcDbEntity
  8
0
  6
K5LT_BASIC
 62
   150
420
    33023
370
    60
100
AcDbSpline
210
0.0
220
0.0
230
1.0
 70
    11
 71
     2
 72
    28
 73
    25
 74
     0
 42
0.0
 43
0.0
 40
0.0
 40
0.0
 40
0.0
 40
3.011924697465485
 40
3.011924697465485
 40
3.530380279787316
 40
3.530380279787316
 40
4.124523928289908
 40
4.124523928289908
 40
4.565588108160569
 40
4.565588108160569
 40
5.314024587618198
 40
5.314024587618198
 40
6.00339446490541
 40
6.00339446490541
 40
9.015319162370893
 40
9.015319162370893
 40
9.533638979234533
 40
9.533638979234533
 40
10.11659139220172
 40
10.11659139220172
 40
10.55765573418506
 40
10.55765573418506
 40
11.29979807340033
 40
11.29979807340033
 40
12.0
 40
12.0
 40
12.0
 10
15.73056199880338
 20
16.67845667921974
 30
0.0
 10
15.88007225302504
 20
17.02241501255307
 30
0.0
 10
16.02958250724671
 20
17.3663733458864
 30
0.0
 10
16.06025762105358
 20
17.43690136717274
 30
0.0
 10
16.01749019906533
 20
17.48762696004932
 30
0.0
 10
15.97472281744991
 20
17.53835251255307
 30
0.0
 10
15.88352423081681
 20
17.53835251255307
 30
0.0
 10
15.82860252835502
 20
17.53835251255307
 30
0.0
 10
15.77368082589323
 20
17.53835251255307
 30
0.0
 10
15.68252358103679
 20
17.53835251255307
 30
0.0
 10
15.59638932167157
 20
17.48804037781591
 30
0.0
 10
15.51025502193352
 20
17.43772820270591
 30
0.0
 10
15.47924917391337
 20
17.3663733458864
 30
0.0
 10
15.32973891969171
 20
17.02241501255307
 30
0.0
 10
15.18022866547005
 20
16.67845667921974
 30
0.0
 10
15.14996692905694
 20
16.60879687561606
 30
0.0
 10
15.19418131322824
 20
16.55763719408457
 30
0.0
 10
15.23839565702672
 20
16.50647751255307
 30
0.0
 10
15.32517071393016
 20
16.50647751255307
 30
0.0
 10
15.38009243657836
 20
16.50647751255307
 30
0.0
 10
15.43501415922657
 20
16.50647751255307
 30
0.0
 10
15.52398028992009
 20
16.50647751255307
 30
0.0
 10
15.61121010636677
 20
16.55548746207114
 30
0.0
 10
15.69843992281345
 20
16.60449737121638
 30
0.0
 10
15.73056199880338
 20
16.67845667921974
 30
0.0
  0
SPLINE
  5
BC
330
1F
100
AcDbEntity
  8
0
  6
K5LT_BASIC
 62
   150
420
    33023
370
    60
100
AcDbSpline
210
0.0
220
0.0
230
1.0
 70
    11
 71
     2
 72
    20
 73
    17
 74
     0
 42
0.0
 43
0.0
 40
0.0
 40
0.0
 40
0.0
 40
0.8973206853134853
 40
0.8973206853134853
 40
1.692709461399344
 40
1.692709461399344
 40
2.711907585572615
 40
2.711907585572615
 40
3.961494147830074
 40
3.961494147830074
 40
4.932067005042543
 40
4.932067005042543
 40
5.749751604068279
 40
5.749751604068279
 40
6.683806171679236
 40
6.683806171679236
 40
8.0
 40
8.0
 40
8.0
 10
15.89381811322151
 20
16.5484388102693
 30
0.0
 10
15.92358374831471
 20
16.5484388102693
 30
0.0
 10
15.94102969545492
 20
16.52774753366138
 30
0.0
 10
15.95847568296795
 20
16.50705629742629
 30
0.0
 10
15.94834710917787
 20
16.48378124052286
 30
0.0
 10
15.93825983679161
 20
16.46054752539608
 30
0.0
 10
15.90779143186803
 20
16.43985628916099
 30
0.0
 10
15.87732298657163
 20
16.41916501255307
 30
0.0
 10
15.83763548657162
 20
16.41916501255307
 30
0.0
 10
15.79906421454141
 20
16.41916501255307
 30
0.0
 10
15.78488418701159
 20
16.43727246849264
 30
0.0
 10
15.77186172922822
 20
16.45794303383941
 30
0.0
 10
15.78306518921144
 20
16.48378124052286
 30
0.0
 10
15.78947308384789
 20
16.49845736937258
 30
0.0
 10
15.82126442562455
 20
16.52344806963453
 30
0.0
 10
15.85305576740121
 20
16.5484388102693
 30
0.0
 10
15.89381811322151
 20
16.5484388102693
 30
0.0
  0
SPLINE
  5
BD
330
1F
100
AcDbEntity
  8
0
  6
K5LT_BASIC
 62
   150
420
    33023
370
    60
100
AcDbSpline
210
0.0
220
0.0
230
1.0
 70
    11
 71
     2
 72
    60
 73
    57
 74
     0
 42
0.0
 43
0.0
 40
0.0
 40
0.0
 40
0.0
 40
1.293430382609118
 40
1.293430382609118
 40
2.697473569264516
 40
2.697473569264516
 40
4.087248268029946
 40
4.087248268029946
 40
4.281573202348635
 40
4.281573202348635
 40
4.445826521468593
 40
4.445826521468593
 40
4.631735004100886
 40
4.631735004100886
 40
4.895718738359385
 40
4.895718738359385
 40
6.283209840076347
 40
6.283209840076347
 40
7.215906842730767
 40
7.215906842730767
 40
8.076905724190803
 40
8.076905724190803
 40
9.015275612673614
 40
9.015275612673614
 40
9.66126013715424
 40
9.66126013715424
 40
10.40031108028445
 40
10.40031108028445
 40
11.78780218200141
 40
11.78780218200141
 40
12.15625785388505
 40
12.15625785388505
 40
15.00094547229136
 40
15.00094547229136
 40
15.45917655781566
 40
15.45917655781566
 40
18.22751498001151
 40
18.22751498001151
 40
18.40614332867758
 40
18.40614332867758
 40
18.56596855210927
 40
18.56596855210927
 40
18.77069817974985
 40
18.77069817974985
 40
19.01967732735322
 40
19.01967732735322
 40
21.50711242911948
 40
21.50711242911948
 40
23.86867060541354
 40
23.86867060541354
 40
24.97961857089051
 40
24.97961857089051
 40
26.08572630104899
 40
26.08572630104899
 40
27.05715982728572
 40
27.05715982728572
 40
28.0
 40
28.0
 40
28.0
 10
16.80435684061931
 20
16.67746451695275
 30
0.0
 10
16.75830278775952
 20
16.5715485000661
 30
0.0
 10
16.62818156436744
 20
16.495356776496
 30
0.0
 10
16.49806030060253
 20
16.41916501255307
 30
0.0
 10
16.36246133217599
 20
16.41916501255307
 30
0.0
 10
16.22409252527255
 20
16.41916501255307
 30
0.0
 10
16.08572371836912
 20
16.41916501255307
 30
0.0
 10
16.06038157263274
 20
16.41916501255307
 30
0.0
 10
16.05029434061931
 20
16.43140201695275
 30
0.0
 10
16.04202610640604
 20
16.44537533559928
 30
0.0
 10
16.04959153041612
 20
16.46282128273948
 30
0.0
 10
16.05376700948582
 20
16.47241241343301
 30
0.0
 10
16.07493367615249
 20
16.48944498317945
 30
0.0
 10
16.09610034281916
 20
16.50647751255307
 30
0.0
 10
16.12359218019613
 20
16.50647751255307
 30
0.0
 10
16.26173362751436
 20
16.50647751255307
 30
0.0
 10
16.39987507483259
 20
16.50647751255307
 30
0.0
 10
16.49123898819949
 20
16.50647751255307
 30
0.0
 10
16.57667047773434
 20
16.55616960138601
 30
0.0
 10
16.66210196726919
 20
16.60586164984612
 30
0.0
 10
16.69339720772595
 20
16.67787793471934
 30
0.0
 10
16.73064558327591
 20
16.76355745472773
 30
0.0
 10
16.76789395882587
 20
16.84923697473613
 30
0.0
 10
16.79881712329269
 20
16.92038508229951
 30
0.0
 10
16.75658714440101
 20
16.97007713075963
 30
0.0
 10
16.71435716550932
 20
17.01976917921974
 30
0.0
 10
16.62299325214242
 20
17.01976917921974
 30
0.0
 10
16.48485180482419
 20
17.01976917921974
 30
0.0
 10
16.34671035750596
 20
17.01976917921974
 30
0.0
 10
16.29168530060253
 20
17.01976917921974
 30
0.0
 10
16.31045418459582
 20
17.0629706898629
 30
0.0
 10
16.42335684061931
 20
17.32271711607282
 30
0.0
 10
16.53625949664281
 20
17.58246354228273
 30
0.0
 10
16.5550283806361
 20
17.62566501255307
 30
0.0
 10
16.61013612109285
 20
17.62566501255307
 30
0.0
 10
16.88575754730277
 20
17.62566501255307
 30
0.0
 10
17.16137897351268
 20
17.62566501255307
 30
0.0
 10
17.1812227436991
 20
17.62566501255307
 30
0.0
 10
17.19277756841108
 20
17.61169173427937
 30
0.0
 10
17.20433243349589
 20
17.59771841563285
 30
0.0
 10
17.19751112109285
 20
17.58200878273948
 30
0.0
 10
17.19068984906264
 20
17.56629914984612
 30
0.0
 10
17.17030867615249
 20
17.5523258311996
 30
0.0
 10
17.14992746286951
 20
17.53835251255307
 30
0.0
 10
17.12351047131284
 20
17.53835251255307
 30
0.0
 10
16.8758563532843
 20
17.53835251255307
 30
0.0
 10
16.62820223525577
 20
17.53835251255307
 30
0.0
 10
16.53448184061931
 20
17.3227170958864
 30
0.0
 10
16.44076144598286
 20
17.10708167921974
 30
0.0
 10
16.55136969396104
 20
17.10708167921974
 30
0.0
 10
16.66197794193922
 20
17.10708167921974
 30
0.0
 10
16.79737020148247
 20
17.10708167921974
 30
0.0
 10
16.86130429013738
 20
17.03132404430455
 30
0.0
 10
16.92523833841947
 20
16.95556640938937
 30
0.0
 10
16.87918432593251
 20
16.84965039250271
 30
0.0
 10
16.84177058327591
 20
16.76355745472773
 30
0.0
 10
16.80435684061931
 20
16.67746451695275
 30
0.0
  0
SPLINE
  5
BE
330
1F
100
AcDbEntity
  8
0
  6
K5LT_BASIC
 62
   150
420
    33023
370
    60
100
AcDbSpline
210
0.0
220
0.0
230
1.0
 70
    11
 71
     2
 72
    54
 73
    51
 74
     0
 42
0.0
 43
0.0
 40
0.0
 40
0.0
 40
0.0
 40
4.06017303205444
 40
4.06017303205444
 40
4.18596258494544
 40
4.18596258494544
 40
4.318698103890481
 40
4.318698103890481
 40
4.497100227918471
 40
4.497100227918471
 40
6.469282615123917
 40
6.469282615123917
 40
9.069231342230449
 40
9.069231342230449
 40
9.310317946886483
 40
9.310317946886483
 40
9.399179498251662
 40
9.399179498251662
 40
9.497604656347104
 40
9.497604656347104
 40
12.91108020102183
 40
12.91108020102183
 40
12.9438234251709
 40
12.9438234251709
 40
13.06224570488485
 40
13.06224570488485
 40
13.20392871095433
 40
13.20392871095433
 40
13.3898983092252
 40
13.3898983092252
 40
16.30687604621672
 40
16.30687604621672
 40
18.76827722847991
 40
18.76827722847991
 40
19.00841876069858
 40
19.00841876069858
 40
19.17588481639325
 40
19.17588481639325
 40
21.042140777544
 40
21.042140777544
 40
24.51250987181183
 40
24.51250987181183
 40
24.63466062563687
 40
24.63466062563687
 40
24.75360571041607
 40
24.75360571041607
 40
24.86815358271563
 40
24.86815358271563
 40
24.96743367213215
 40
24.96743367213215
 40
25.0
 40
25.0
 40
25.0
 10
18.59459381338818
 20
17.57481543471934
 30
0.0
 10
18.21541283137476
 20
17.0180948978243
 30
0.0
 10
17.83623184936133
 20
16.46137436092926
 30
0.0
 10
17.82506973115477
 20
16.44330824676634
 30
0.0
 10
17.80661091048643
 20
16.43253887543804
 30
0.0
 10
17.78815208981808
 20
16.42176954448257
 30
0.0
 10
17.76495971646796
 20
16.41916501255307
 30
0.0
 10
17.7286208600045
 20
16.41916501255307
 30
0.0
 10
17.72783536624798
 20
16.45537988405939
 30
0.0
 10
17.73064656668795
 20
16.78255369830623
 30
0.0
 10
17.73345776712792
 20
17.10972751255307
 30
0.0
 10
17.4523793071447
 20
16.78255369830623
 30
0.0
 10
17.17130084716149
 20
16.45537988405939
 30
0.0
 10
17.13905478621441
 20
16.41916501255307
 30
0.0
 10
17.10267454760145
 20
16.41916501255307
 30
0.0
 10
17.09605998445453
 20
16.41916501255307
 30
0.0
 10
17.07522405200114
 20
16.42950033559928
 30
0.0
 10
17.07166869958131
 20
16.44543734826427
 30
0.0
 10
17.06811334716149
 20
16.46137436092926
 30
0.0
 10
17.17181761936972
 20
17.0180948978243
 30
0.0
 10
17.27552189157796
 20
17.57481543471934
 30
0.0
 10
17.27719621334622
 20
17.57998307605603
 30
0.0
 10
17.27887053511449
 20
17.58515071739272
 30
0.0
 10
17.2841208600045
 20
17.59722231431294
 30
0.0
 10
17.3073752460196
 20
17.61144368361942
 30
0.0
 10
17.33062963203471
 20
17.62566501255307
 30
0.0
 10
17.35158958981808
 20
17.62566501255307
 30
0.0
 10
17.3945430498013
 20
17.62566501255307
 30
0.0
 10
17.39024358577444
 20
17.59035970050607
 30
0.0
 10
17.30189754135797
 20
17.1145644398629
 30
0.0
 10
17.2135514969415
 20
16.63876917921974
 30
0.0
 10
17.4798091520431
 20
16.94837302099639
 30
0.0
 10
17.7460668071447
 20
17.25797686277305
 30
0.0
 10
17.77868498445454
 20
17.2949358458864
 30
0.0
 10
17.81394895472488
 20
17.2949358458864
 30
0.0
 10
17.83929110046125
 20
17.2949358458864
 30
0.0
 10
17.84966772491129
 20
17.25797686277305
 30
0.0
 10
17.8473319549029
 20
16.94837302099639
 30
0.0
 10
17.84499618489451
 20
16.63876917921974
 30
0.0
 10
18.16917278089283
 20
17.1145644398629
 30
0.0
 10
18.49334937689115
 20
17.59035970050607
 30
0.0
 10
18.50413941910777
 20
17.60759893876298
 30
0.0
 10
18.52348704760146
 20
17.61663199584444
 30
0.0
 10
18.54283471646796
 20
17.62566501255307
 30
0.0
 10
18.56160360046125
 20
17.62566501255307
 30
0.0
 10
18.58582951822784
 20
17.62566501255307
 30
0.0
 10
18.59713629227987
 20
17.6148956815976
 30
0.0
 10
18.60844310670473
 20
17.6041263102693
 30
0.0
 10
18.59980279650154
 20
17.58428254008289
 30
0.0
 10
18.59719830494486
 20
17.57954898740111
 30
0.0
 10
18.59459381338818
 20
17.57481543471934
 30
0.0
  0
SPLINE
  5
BF
330
1F
100
AcDbEntity
  8
0
  6
K5LT_BASIC
 62
   150
420
    33023
370
    60
100
AcDbSpline
210
0.0
220
0.0
230
1.0
 70
    11
 71
     2
 72
    28
 73
    25
 74
     0
 42
0.0
 43
0.0
 40
0.0
 40
0.0
 40
0.0
 40
0.2406631377867423
 40
0.2406631377867423
 40
0.7566926750401093
 40
0.7566926750401093
 40
1.355422240890844
 40
1.355422240890844
 40
1.951551146383494
 40
1.951551146383494
 40
2.601398164446359
 40
2.601398164446359
 40
6.009359276055005
 40
6.009359276055005
 40
6.250022413841796
 40
6.250022413841796
 40
6.73501292100569
 40
6.73501292100569
 40
7.354164407058121
 40
7.354164407058121
 40
7.902472154709691
 40
7.902472154709691
 40
8.592039279738763
 40
8.592039279738763
 40
12.0
 40
12.0
 40
12.0
 10
18.18754880881184
 20
16.44198535028609
 30
0.0
 10
18.19143487525852
 20
16.44841389562445
 30
0.0
 10
18.1953209417052
 20
16.45484244096282
 30
0.0
 10
18.20313441637522
 20
16.47278448942293
 30
0.0
 10
18.19052537635844
 20
16.48433935450775
 30
0.0
 10
18.17791633634165
 20
16.49589417921974
 30
0.0
 10
18.15588149236515
 20
16.49589417921974
 30
0.0
 10
18.13715395014853
 20
16.49589417921974
 30
0.0
 10
18.11985269922663
 20
16.4877706815976
 30
0.0
 10
18.1025514079319
 20
16.47964714360263
 30
0.0
 10
18.08849544610489
 20
16.46253189030287
 30
0.0
 10
18.02412726879505
 20
16.37784455274788
 30
0.0
 10
17.95975909148522
 20
16.29315721519288
 30
0.0
 10
17.95587302503854
 20
16.28672866985451
 30
0.0
 10
17.95198695859185
 20
16.28030012451614
 30
0.0
 10
17.94528971189161
 20
16.26492122583605
 30
0.0
 10
17.95624512121488
 20
16.25208480604764
 30
0.0
 10
17.96720053053814
 20
16.2392483458864
 30
0.0
 10
17.9914264079319
 20
16.2392483458864
 30
0.0
 10
18.00796287635844
 20
16.2392483458864
 30
0.0
 10
18.02452001567331
 20
16.24693783559928
 30
0.0
 10
18.04107715498818
 20
16.25462728493932
 30
0.0
 10
18.058812494565
 20
16.2726106751761
 30
0.0
 10
18.12318065168841
 20
16.35729801273109
 30
0.0
 10
18.18754880881184
 20
16.44198535028609
 30
0.0
  0
SPLINE
  5
C0
330
1F
100
AcDbEntity
  8
0
  6
K5LT_BASIC
 62
   150
420
    33023
370
    60
100
AcDbSpline
210
0.0
220
0.0
230
1.0
 70
    11
 71
     2
 72
    60
 73
    57
 74
     0
 42
0.0
 43
0.0
 40
0.0
 40
0.0
 40
0.0
 40
0.3832133585719646
 40
0.3832133585719646
 40
2.007188983580543
 40
2.007188983580543
 40
2.917249516186772
 40
2.917249516186772
 40
3.745811921618184
 40
3.745811921618184
 40
6.906068765773489
 40
6.906068765773489
 40
7.980322175895909
 40
7.980322175895909
 40
9.170398055364645
 40
9.170398055364645
 40
10.79437368037322
 40
10.79437368037322
 40
10.9441418472977
 40
10.9441418472977
 40
11.07796320016802
 40
11.07796320016802
 40
11.24940957120788
 40
11.24940957120788
 40
11.45808333499945
 40
11.45808333499945
 40
13.08032094587565
 40
13.08032094587565
 40
13.8661555219439
 40
13.8661555219439
 40
14.58862666293465
 40
14.58862666293465
 40
17.7420369101011
 40
17.7420369101011
 40
18.28489205425344
 40
18.28489205425344
 40
18.89640081509463
 40
18.89640081509463
 40
20.28453148662716
 40
20.28453148662716
 40
22.63746548905673
 40
22.63746548905673
 40
23.32866318636855
 40
23.32866318636855
 40
23.49179680596971
 40
23.49179680596971
 40
23.62931813474829
 40
23.62931813474829
 40
23.78513241840612
 40
23.78513241840612
 40
24.00701895311651
 40
24.00701895311651
 40
24.93232342004409
 40
24.93232342004409
 40
25.24114530952717
 40
25.24114530952717
 40
28.0
 40
28.0
 40
28.0
 10
19.71113533255322
 20
16.4622011560896
 30
0.0
 10
19.69244913211325
 20
16.41916501255307
 30
0.0
 10
19.63725870810318
 20
16.41916501255307
 30
0.0
 10
19.44411287476985
 20
16.41916501255307
 30
0.0
 10
19.25096704143652
 20
16.41916501255307
 30
0.0
 10
19.12404972498983
 20
16.41916501255307
 30
0.0
 10
19.0545552884928
 20
16.49413719408457
 30
0.0
 10
18.98506081162293
 20
16.56910937561607
 30
0.0
 10
19.03223105207968
 20
16.67771256761271
 30
0.0
 10
19.18207204051462
 20
17.02241503273948
 30
0.0
 10
19.33191302894955
 20
17.36711749786626
 30
0.0
 10
19.37685085383956
 20
17.47055304852621
 30
0.0
 10
19.50657937072621
 20
17.54810905072605
 30
0.0
 10
19.63630788761286
 20
17.62566501255307
 30
0.0
 10
19.77537948453308
 20
17.62566501255307
 30
0.0
 10
19.96852531786642
 20
17.62566501255307
 30
0.0
 10
20.16167115119975
 20
17.62566501255307
 30
0.0
 10
20.18155626316282
 20
17.62566501255307
 30
0.0
 10
20.19313175876314
 20
17.61169173427937
 30
0.0
 10
20.20470729473628
 20
17.59771841563285
 30
0.0
 10
20.19788598233324
 20
17.58200878273948
 30
0.0
 10
20.19106471030302
 20
17.56629914984612
 30
0.0
 10
20.17066286650455
 20
17.5523258311996
 30
0.0
 10
20.15026098233324
 20
17.53835251255307
 30
0.0
 10
20.12380264899991
 20
17.53835251255307
 30
0.0
 10
19.93086352454987
 20
17.53835251255307
 30
0.0
 10
19.73792440009983
 20
17.53835251255307
 30
0.0
 10
19.64643646140295
 20
17.53835251255307
 30
0.0
 10
19.5600748222661
 20
17.48804037781591
 30
0.0
 10
19.47371314275642
 20
17.43772820270591
 30
0.0
 10
19.44270729473628
 20
17.3663733458864
 30
0.0
 10
19.29319704051462
 20
17.02241501255307
 30
0.0
 10
19.14368678629295
 20
16.67845667921974
 30
0.0
 10
19.11342504987984
 20
16.60879687561606
 30
0.0
 10
19.15778413026946
 20
16.55763719408457
 30
0.0
 10
19.20214317028624
 20
16.50647751255307
 30
0.0
 10
19.28908359429631
 20
16.50647751255307
 30
0.0
 10
19.45417945608136
 20
16.50647751255307
 30
0.0
 10
19.61927531786641
 20
16.50647751255307
 30
0.0
 10
19.73083440652133
 20
16.7631233458864
 30
0.0
 10
19.84239349517625
 20
17.01976917921974
 30
0.0
 10
19.76018662384795
 20
17.01976917921974
 30
0.0
 10
19.67797975251965
 20
17.01976917921974
 30
0.0
 10
19.65259630537945
 20
17.01976917921974
 30
0.0
 10
19.64242634943987
 20
17.03200618361942
 30
0.0
 10
19.63415815559943
 20
17.04597950226594
 30
0.0
 10
19.64176492138616
 20
17.06342544940615
 30
0.0
 10
19.64594036008304
 20
17.07301658009967
 30
0.0
 10
19.66716903941469
 20
17.09004914984612
 30
0.0
 10
19.68839771874635
 20
17.10708167921974
 30
0.0
 10
19.71605496360279
 20
17.10708167921974
 30
0.0
 10
19.82610507740966
 20
17.10708167921974
 30
0.0
 10
19.93615519121654
 20
17.10708167921974
 30
0.0
 10
19.99146964055658
 20
17.10708167921974
 30
0.0
 10
19.97274213871278
 20
17.06404557605603
 30
0.0
 10
19.841938735633
 20
16.76312336607282
 30
0.0
 10
19.71113533255322
 20
16.4622011560896
 30
0.0
  0
SPLINE
  5
C1
330
1F
100
AcDbEntity
  8
0
  6
K5LT_BASIC
 62
   150
420
    33023
370
    60
100
AcDbSpline
210
0.0
220
0.0
230
1.0
 70
    11
 71
     2
 72
    24
 73
    21
 74
     0
 42
0.0
 43
0.0
 40
0.0
 40
0.0
 40
0.0
 40
2.897584648648188
 40
2.897584648648188
 40
4.351845223133697
 40
4.351845223133697
 40
4.763679177490748
 40
4.763679177490748
 40
5.142785986711403
 40
5.142785986711403
 40
7.626440425542184
 40
7.626440425542184
 40
7.913029514115457
 40
7.913029514115457
 40
8.239552238291424
 40
8.239552238291424
 40
9.209059347361016
 40
9.209059347361016
 40
9.620893190779343
 40
9.620893190779343
 40
10.0
 40
10.0
 40
10.0
 10
20.38689766025433
 20
16.59246711607282
 30
0.0
 10
20.51772171403602
 20
16.89343064764628
 30
0.0
 10
20.64854576781772
 20
17.19439417921974
 30
0.0
 10
20.48384265291092
 20
17.19439417921974
 30
0.0
 10
20.31913953800413
 20
17.19439417921974
 30
0.0
 10
20.27300280159102
 20
17.19439417921974
 30
0.0
 10
20.23033873404442
 20
17.16946549162278
 30
0.0
 10
20.18767466649781
 20
17.14453676365299
 30
0.0
 10
20.17196503360444
 20
17.10840461607282
 30
0.0
 10
20.05982718026272
 20
16.85043586607282
 30
0.0
 10
19.94768932692099
 20
16.59246711607282
 30
0.0
 10
19.93197969402763
 20
16.55633496849264
 30
0.0
 10
19.95298099358766
 20
16.53140624052286
 30
0.0
 10
19.97398229314769
 20
16.50647751255307
 30
0.0
 10
20.0201190295608
 20
16.50647751255307
 30
0.0
 10
20.12992111289414
 20
16.50647751255307
 30
0.0
 10
20.23972319622747
 20
16.50647751255307
 30
0.0
 10
20.28585989226776
 20
16.50647751255307
 30
0.0
 10
20.32852395981436
 20
16.53140624052286
 30
0.0
 10
20.37118802736096
 20
16.55633496849264
 30
0.0
 10
20.38689766025433
 20
16.59246711607282
 30
0.0
  0
SPLINE
  5
C2
330
1F
100
AcDbEntity
  8
0
  6
K5LT_BASIC
 62
   150
420
    33023
370
    60
100
AcDbSpline
210
0.0
220
0.0
230
1.0
 70
    11
 71
     2
 72
    40
 73
    37
 74
     0
 42
0.0
 43
0.0
 40
0.0
 40
0.0
 40
0.0
 40
0.3104536964129523
 40
0.3104536964129523
 40
0.5610760114421599
 40
0.5610760114421599
 40
0.8217987646947159
 40
0.8217987646947159
 40
0.9350473383639283
 40
0.9350473383639283
 40
1.21692274355442
 40
1.21692274355442
 40
1.474311992138968
 40
1.474311992138968
 40
2.626782747631984
 40
2.626782747631984
 40
3.88431512846728
 40
3.88431512846728
 40
4.730960457931085
 40
4.730960457931085
 40
5.474201352789165
 40
5.474201352789165
 40
8.694558140414776
 40
8.694558140414776
 40
9.648736565036957
 40
9.648736565036957
 40
10.74080511798921
 40
10.74080511798921
 40
12.94302044144913
 40
12.94302044144913
 40
13.36121353929664
 40
13.36121353929664
 40
17.37469318173808
 40
17.37469318173808
 40
17.69065705408651
 40
17.69065705408651
 40
18.0
 40
18.0
 40
18.0
 10
20.53448554204777
 20
16.50428643876298
 30
0.0
 10
20.5695841855843
 20
16.49399249786626
 30
0.0
 10
20.55647904424761
 20
16.46389616893261
 30
0.0
 10
20.548252151811
 20
16.44496191783269
 30
0.0
 10
20.52720951047431
 20
16.4320634853793
 30
0.0
 10
20.50835794292771
 20
16.41916501255307
 30
0.0
 10
20.48409068338446
 20
16.41916501255307
 30
0.0
 10
20.47416881847766
 20
16.41916501255307
 30
0.0
 10
20.46424695357087
 20
16.41916501255307
 30
0.0
 10
20.44221210959437
 20
16.42437403603925
 30
0.0
 10
20.42187227846088
 20
16.44347361387297
 30
0.0
 10
20.41376941135425
 20
16.44781446004932
 30
0.0
 10
20.39243737758095
 20
16.4773733458864
 30
0.0
 10
20.30214831003434
 20
16.41916501255307
 30
0.0
 10
20.20189603580429
 20
16.41916501255307
 30
0.0
 10
20.09172187648102
 20
16.41916501255307
 30
0.0
 10
19.98154771715776
 20
16.41916501255307
 30
0.0
 10
19.88902623404442
 20
16.41916501255307
 30
0.0
 10
19.84687893870604
 20
16.46918783559928
 30
0.0
 10
19.80473164336767
 20
16.51921061827266
 30
0.0
 10
19.83623359270772
 20
16.5916816223163
 30
0.0
 10
19.94870218026272
 20
16.85043586607282
 30
0.0
 10
20.06117076781771
 20
17.10919010982933
 30
0.0
 10
20.0892827722174
 20
17.17388898097961
 30
0.0
 10
20.17556172780093
 20
17.22779785028609
 30
0.0
 10
20.26184068338446
 20
17.28170667921974
 30
0.0
 10
20.35663592384121
 20
17.28170667921974
 30
0.0
 10
20.54957506847767
 20
17.28170667921974
 30
0.0
 10
20.74251421311412
 20
17.28170667921974
 30
0.0
 10
20.79762195357088
 20
17.28170667921974
 30
0.0
 10
20.77893575313091
 20
17.23871191783269
 30
0.0
 10
20.63876859912923
 20
16.91623031449097
 30
0.0
 10
20.49860144512755
 20
16.59374871114924
 30
0.0
 10
20.48735664336768
 20
16.56795180586962
 30
0.0
 10
20.49483938382443
 20
16.53955044940615
 30
0.0
 10
20.50273554204777
 20
16.51978936277305
 30
0.0
 10
20.53448554204777
 20
16.50428643876298
 30
0.0
  0
SPLINE
  5
C3
330
1F
100
AcDbEntity
  8
0
  6
K5LT_BASIC
 62
   150
420
    33023
370
    60
100
AcDbSpline
210
0.0
220
0.0
230
1.0
 70
    11
 71
     2
 72
    20
 73
    17
 74
     0
 42
0.0
 43
0.0
 40
0.0
 40
0.0
 40
0.0
 40
0.8539112104867375
 40
0.8539112104867375
 40
1.71122872821718
 40
1.71122872821718
 40
2.718649849543406
 40
2.718649849543406
 40
3.981587327405281
 40
3.981587327405281
 40
4.954630853308821
 40
4.954630853308821
 40
5.760262501476618
 40
5.760262501476618
 40
6.694721925165676
 40
6.694721925165676
 40
8.0
 40
8.0
 40
8.0
 10
21.09498879968987
 20
17.62632648097961
 30
0.0
 10
21.11185600232967
 20
17.62632648097961
 30
0.0
 10
21.12593267541785
 20
17.61353140296786
 30
0.0
 10
21.14000930813319
 20
17.60073632495611
 30
0.0
 10
21.13194778280321
 20
17.58221549162278
 30
0.0
 10
21.12504382721968
 20
17.56634049162278
 30
0.0
 10
21.10507607207612
 20
17.55267723630119
 30
0.0
 10
21.08510827655973
 20
17.53901398097961
 30
0.0
 10
21.05703765430953
 20
17.53901398097961
 30
0.0
 10
21.03012456143295
 20
17.53901398097961
 30
0.0
 10
21.02146358034143
 20
17.55135433982094
 30
0.0
 10
21.01280259924989
 20
17.56369465828944
 30
0.0
 10
21.02082278280322
 20
17.58221549162278
 30
0.0
 10
21.02503960364958
 20
17.59193064764628
 30
0.0
 10
21.04655767541784
 20
17.60912858449936
 30
0.0
 10
21.06807574718611
 20
17.62632648097961
 30
0.0
 10
21.09498879968987
 20
17.62632648097961
 30
0.0
  0
SPLINE
  5
C4
330
1F
100
AcDbEntity
  8
0
  6
K5LT_BASIC
 62
   150
420
    33023
370
    60
100
AcDbSpline
210
0.0
220
0.0
230
1.0
 70
    11
 71
     2
 72
    24
 73
    21
 74
     0
 42
0.0
 43
0.0
 40
0.0
 40
0.0
 40
0.0
 40
4.205420045315538
 40
4.205420045315538
 40
4.427477749448646
 40
4.427477749448646
 40
4.65032814931041
 40
4.65032814931041
 40
4.831670686100643
 40
4.831670686100643
 40
5.007862134056777
 40
5.007862134056777
 40
9.213282179372316
 40
9.213282179372316
 40
9.409444677013708
 40
9.409444677013708
 40
9.654229405510822
 40
9.654229405510822
 40
9.829853783992533
 40
9.829853783992533
 40
10.0
 40
10.0
 40
10.0
 10
20.98212748544302
 20
17.23751300630959
 30
0.0
 10
20.81349696231289
 20
16.84954701787466
 30
0.0
 10
20.64486643918276
 20
16.46158102943972
 30
0.0
 10
20.63887196231289
 20
16.44777311827266
 30
0.0
 10
20.61419128500306
 20
16.42970704448257
 30
0.0
 10
20.59132964586621
 20
16.41850358449936
 30
0.0
 10
20.57115514146652
 20
16.41850358449936
 30
0.0
 10
20.56102656767644
 20
16.41850358449936
 30
0.0
 10
20.53634593073943
 20
16.42883886717274
 30
0.0
 10
20.52398490100977
 20
16.43917414984612
 30
0.0
 10
20.53374143918276
 20
16.46158102943972
 30
0.0
 10
20.70237196231289
 20
16.84954701787466
 30
0.0
 10
20.87100248544302
 20
17.23751300630959
 30
0.0
 10
20.8758807343431
 20
17.2487164662928
 30
0.0
 10
20.89946585457148
 20
17.26421939030287
 30
0.0
 10
20.92305097479986
 20
17.27972231431294
 30
0.0
 10
20.94549923654294
 20
17.27972231431294
 30
0.0
 10
20.9656737005698
 20
17.27972231431294
 30
0.0
 10
20.97838609502823
 20
17.26895294298465
 30
0.0
 10
20.99109852985949
 20
17.25818357165635
 30
0.0
 10
20.98212748544302
 20
17.23751300630959
 30
0.0
  0
SPLINE
  5
C5
330
1F
100
AcDbEntity
  8
0
  6
K5LT_BASIC
 62
   150
420
    33023
370
    60
100
AcDbSpline
210
0.0
220
0.0
230
1.0
 70
    11
 71
     2
 72
    42
 73
    39
 74
     0
 42
0.0
 43
0.0
 40
0.0
 40
0.0
 40
0.0
 40
0.1858555321613617
 40
0.1858555321613617
 40
0.3761918802365413
 40
0.3761918802365413
 40
0.5251226025124678
 40
0.5251226025124678
 40
0.6711791761602696
 40
0.6711791761602696
 40
3.578035862545884
 40
3.578035862545884
 40
3.846405413498029
 40
3.846405413498029
 40
4.151641470336257
 40
4.151641470336257
 40
5.511040956145679
 40
5.511040956145679
 40
8.805589125670403
 40
8.805589125670403
 40
8.991308398389434
 40
8.991308398389434
 40
9.181644746464613
 40
9.181644746464613
 40
9.330575468740527
 40
9.330575468740527
 40
9.47671173077371
 40
9.47671173077371
 40
12.96992200947164
 40
12.96992200947164
 40
13.34624985110887
 40
13.34624985110887
 40
14.93869887414341
 40
14.93869887414341
 40
15.54870501103001
 40
15.54870501103001
 40
16.08902090514059
 40
16.08902090514059
 40
19.0
 40
19.0
 40
19.0
 10
21.48917660423482
 20
16.46228383964292
 30
0.0
 10
21.48020560019118
 20
16.4415719325195
 30
0.0
 10
21.45941100951444
 20
16.42950033559928
 30
0.0
 10
21.43931918866807
 20
16.41916501255307
 30
0.0
 10
21.41488656201819
 20
16.41916501255307
 30
0.0
 10
21.40488201355808
 20
16.41916501255307
 30
0.0
 10
21.38049072868486
 20
16.42950033559928
 30
0.0
 10
21.36829510643466
 20
16.43983561827266
 30
0.0
 10
21.37805160423482
 20
16.46224249786626
 30
0.0
 10
21.51844613800812
 20
16.78524087341622
 30
0.0
 10
21.65884067178142
 20
17.10823924896618
 30
0.0
 10
21.67459164645145
 20
17.14445408009967
 30
0.0
 10
21.65361101777975
 20
17.16942414984612
 30
0.0
 10
21.63263038910804
 20
17.19439417921974
 30
0.0
 10
21.58649369306776
 20
17.19439417921974
 30
0.0
 10
21.42179055797455
 20
17.19439417921974
 30
0.0
 10
21.25708742288134
 20
17.19439417921974
 30
0.0
 10
21.09796534689141
 20
16.828318338543
 30
0.0
 10
20.93884327090149
 20
16.46224249786626
 30
0.0
 10
20.92987226685785
 20
16.4415719325195
 30
0.0
 10
20.90907767618111
 20
16.42950033559928
 30
0.0
 10
20.88898585533474
 20
16.41916501255307
 30
0.0
 10
20.86455322868486
 20
16.41916501255307
 30
0.0
 10
20.85454868022475
 20
16.41916501255307
 30
0.0
 10
20.83015739535153
 20
16.42950033559928
 30
0.0
 10
20.81800311487799
 20
16.43987696004932
 30
0.0
 10
20.82771827090149
 20
16.46228383964292
 30
0.0
 10
20.99643149777135
 20
16.85043586607281
 30
0.0
 10
21.16514472464122
 20
17.23858789250271
 30
0.0
 10
21.18391360863451
 20
17.28170667921974
 30
0.0
 10
21.23902134909126
 20
17.28170667921974
 30
0.0
 10
21.4319604735413
 20
17.28170667921974
 30
0.0
 10
21.62489959799134
 20
17.28170667921974
 30
0.0
 10
21.71638757706105
 20
17.28170667921974
 30
0.0
 10
21.7593203257831
 20
17.23211798520127
 30
0.0
 10
21.80225311487799
 20
17.18252929118281
 30
0.0
 10
21.77037908954801
 20
17.10919010982933
 30
0.0
 10
21.62977784689141
 20
16.78573697473612
 30
0.0
 10
21.48917660423482
 20
16.46228383964292
 30
0.0
  0
SPLINE
  5
C6
330
1F
100
AcDbEntity
  8
0
  6
K5LT_BASIC
 62
   150
420
    33023
370
    60
100
AcDbSpline
210
0.0
220
0.0
230
1.0
 70
    11
 71
     2
 72
    64
 73
    61
 74
     0
 42
0.0
 43
0.0
 40
0.0
 40
0.0
 40
0.0
 40
3.321573469612517
 40
3.321573469612517
 40
3.505219869491268
 40
3.505219869491268
 40
3.677422419803646
 40
3.677422419803646
 40
3.813248868376214
 40
3.813248868376214
 40
9.686733082025238
 40
9.686733082025238
 40
9.941931389850627
 40
9.941931389850627
 40
10.15513471498366
 40
10.15513471498366
 40
10.53874247692265
 40
10.53874247692265
 40
11.35145898410848
 40
11.35145898410848
 40
11.79357838266304
 40
11.79357838266304
 40
12.31891261765107
 40
12.31891261765107
 40
13.13136403652244
 40
13.13136403652244
 40
14.11030669715937
 40
14.11030669715937
 40
14.28609561357566
 40
14.28609561357566
 40
14.46388121147196
 40
14.46388121147196
 40
14.65627581224254
 40
14.65627581224254
 40
14.82264342369473
 40
14.82264342369473
 40
14.9157518189055
 40
14.9157518189055
 40
16.26017048358076
 40
16.26017048358076
 40
17.41439891589806
 40
17.41439891589806
 40
18.75737774165687
 40
18.75737774165687
 40
19.92183423477188
 40
19.92183423477188
 40
20.41655502551848
 40
20.41655502551848
 40
21.0972563547566
 40
21.0972563547566
 40
26.40519001915382
 40
26.40519001915382
 40
29.20459652421896
 40
29.20459652421896
 40
29.38387159527523
 40
29.38387159527523
 40
29.54427541226636
 40
29.54427541226636
 40
29.74982198095342
 40
29.74982198095342
 40
30.0
 40
30.0
 40
30.0
 10
22.82127099479629
 20
16.41916501255307
 30
0.0
 10
22.49176139035465
 20
16.41916501255307
 30
0.0
 10
22.162251785913
 20
16.41916501255307
 30
0.0
 10
22.14240805609941
 20
16.41916501255307
 30
0.0
 10
22.12967495037982
 20
16.4329316223163
 30
0.0
 10
22.12062126278286
 20
16.44760775116603
 30
0.0
 10
22.12847607922955
 20
16.46567382495611
 30
0.0
 10
22.13372640411956
 20
16.47774542187633
 30
0.0
 10
22.14526055794321
 20
16.48638573207953
 30
0.0
 10
22.60499478059141
 20
16.84435870564963
 30
0.0
 10
23.06472900323962
 20
17.20233167921974
 30
0.0
 10
23.08366325433954
 20
17.21913686919456
 30
0.0
 10
23.10259750543946
 20
17.23594205916938
 30
0.0
 10
23.11743896102299
 20
17.25101089452453
 30
0.0
 10
23.13228041660652
 20
17.26607972987969
 30
0.0
 10
23.15911082592978
 20
17.29712696004932
 30
0.0
 10
23.17333219523626
 20
17.3298691223163
 30
0.0
 10
23.21115935565944
 20
17.41685088810303
 30
0.0
 10
23.146501785913
 20
17.47716765204596
 30
0.0
 10
23.11859653076944
 20
17.50474217297625
 30
0.0
 10
23.07159161704649
 20
17.52154736295108
 30
0.0
 10
23.02458674369637
 20
17.53835251255307
 30
0.0
 10
22.96918961080301
 20
17.53835251255307
 30
0.0
 10
22.89274983657295
 20
17.53835251255307
 30
0.0
 10
22.81240330482147
 20
17.50521760340783
 30
0.0
 10
22.73205681344282
 20
17.47208269426259
 30
0.0
 10
22.65623712548982
 20
17.39200488405939
 30
0.0
 10
22.64362808547303
 20
17.37823827429616
 30
0.0
 10
22.62841455389957
 20
17.37133431871263
 30
0.0
 10
22.61402781748646
 20
17.36616667737594
 30
0.0
 10
22.5940600623429
 20
17.36360352759592
 30
0.0
 10
22.57078500543946
 20
17.36360352759592
 30
0.0
 10
22.55865135548142
 20
17.37519969408457
 30
0.0
 10
22.54651774589621
 20
17.38679590094604
 30
0.0
 10
22.55470329655617
 20
17.4056888102693
 30
0.0
 10
22.55972624167455
 20
17.41344027227434
 30
0.0
 10
22.56474918679294
 20
17.42119173427937
 30
0.0
 10
22.6566505432564
 20
17.52599152319624
 30
0.0
 10
22.7776974081632
 20
17.578412088543
 30
0.0
 10
22.88543246322283
 20
17.62566501255307
 30
0.0
 10
23.00023680059981
 20
17.62566501255307
 30
0.0
 10
23.15807732188614
 20
17.62566501255307
 30
0.0
 10
23.24617527526983
 20
17.54137042187633
 30
0.0
 10
23.33786996322283
 20
17.45273502539608
 30
0.0
 10
23.2844158534596
 20
17.32974509698632
 30
0.0
 10
23.26610172900956
 20
17.28757713075963
 30
0.0
 10
23.23195394633618
 20
17.2471455191526
 30
0.0
 10
23.1978061636628
 20
17.20671386717274
 30
0.0
 10
23.13414079655617
 20
17.15425196004932
 30
0.0
 10
22.71897234299446
 20
16.83036473630119
 30
0.0
 10
22.30380388943275
 20
16.50647751255307
 30
0.0
 10
22.5815130349911
 20
16.50647751255307
 30
0.0
 10
22.85922218054945
 20
16.50647751255307
 30
0.0
 10
22.87906591036304
 20
16.50647751255307
 30
0.0
 10
22.89062077544785
 20
16.49250423427937
 30
0.0
 10
22.90217560015984
 20
16.47853091563285
 30
0.0
 10
22.89535432812963
 20
16.46282128273948
 30
0.0
 10
22.88853305609941
 20
16.44711164984612
 30
0.0
 10
22.86813117192811
 20
16.43313833119959
 30
0.0
 10
22.84772932812962
 20
16.41916501255307
 30
0.0
 10
22.82127099479629
 20
16.41916501255307
 30
0.0
  0
SPLINE
  5
C7
330
1F
100
AcDbEntity
  8
0
  6
K5LT_BASIC
 62
   150
420
    33023
370
    60
100
AcDbSpline
210
0.0
220
0.0
230
1.0
 70
    11
 71
     2
 72
    28
 73
    25
 74
     0
 42
0.0
 43
0.0
 40
0.0
 40
0.0
 40
0.0
 40
0.8515157838454332
 40
0.8515157838454332
 40
1.782446434964802
 40
1.782446434964802
 40
2.146648769490884
 40
2.146648769490884
 40
2.861052341439851
 40
2.861052341439851
 40
3.512168742134049
 40
3.512168742134049
 40
5.996207334291652
 40
5.996207334291652
 40
6.840289709227009
 40
6.840289709227009
 40
7.774674641603103
 40
7.774674641603103
 40
8.138877109539468
 40
8.138877109539468
 40
8.87048954600847
 40
8.87048954600847
 40
9.515961407842392
 40
9.515961407842392
 40
12.0
 40
12.0
 40
12.0
 10
23.84235589408764
 20
16.67771256761271
 30
0.0
 10
23.79630184122784
 20
16.57171386717274
 30
0.0
 10
23.66615994694743
 20
16.49543946004932
 30
0.0
 10
23.5360180122942
 20
16.41916501255307
 30
0.0
 10
23.39826931185423
 20
16.41916501255307
 30
0.0
 10
23.34316157139747
 20
16.41916501255307
 30
0.0
 10
23.28805383094072
 20
16.41916501255307
 30
0.0
 10
23.16130184122785
 20
16.41916501255307
 30
0.0
 10
23.09195210094911
 20
16.49413719408457
 30
0.0
 10
23.02260232029755
 20
16.56910937561607
 30
0.0
 10
23.06977256075431
 20
16.67771256761271
 30
0.0
 10
23.21961354918924
 20
17.02241503273948
 30
0.0
 10
23.36945453762417
 20
17.36711749786626
 30
0.0
 10
23.41439236251418
 20
17.47055304852621
 30
0.0
 10
23.54399685407085
 20
17.54810905072605
 30
0.0
 10
23.67360134562753
 20
17.62566501255307
 30
0.0
 10
23.81246623366446
 20
17.62566501255307
 30
0.0
 10
23.86757399430763
 20
17.62566501255307
 30
0.0
 10
23.92268175495079
 20
17.62566501255307
 30
0.0
 10
24.05823934122785
 20
17.62566501255307
 30
0.0
 10
24.12355837940083
 20
17.55025878273948
 30
0.0
 10
24.18887737720099
 20
17.47485251255307
 30
0.0
 10
24.14203787095751
 20
17.36711749786626
 30
0.0
 10
23.99219688252257
 20
17.02241503273948
 30
0.0
 10
23.84235589408764
 20
16.67771256761271
 30
0.0
  0
SPLINE
  5
C8
330
1F
100
AcDbEntity
  8
0
  6
K5LT_BASIC
 62
   150
420
    33023
370
    60
100
AcDbSpline
210
0.0
220
0.0
230
1.0
 70
    11
 71
     2
 72
    28
 73
    25
 74
     0
 42
0.0
 43
0.0
 40
0.0
 40
0.0
 40
0.0
 40
3.011924697465483
 40
3.011924697465483
 40
3.530380279787314
 40
3.530380279787314
 40
4.124523928289906
 40
4.124523928289906
 40
4.565588108160582
 40
4.565588108160582
 40
5.314024587618197
 40
5.314024587618197
 40
6.003394464905408
 40
6.003394464905408
 40
9.015319162370892
 40
9.015319162370892
 40
9.53363897923453
 40
9.53363897923453
 40
10.11659139220172
 40
10.11659139220172
 40
10.55765573418506
 40
10.55765573418506
 40
11.29979807340033
 40
11.29979807340033
 40
12.0
 40
12.0
 40
12.0
 10
23.73156162830091
 20
16.67845667921974
 30
0.0
 10
23.88107188252257
 20
17.02241501255307
 30
0.0
 10
24.03058213674424
 20
17.3663733458864
 30
0.0
 10
24.06125725055111
 20
17.43690136717274
 30
0.0
 10
24.01848982856286
 20
17.48762696004932
 30
0.0
 10
23.97572244694744
 20
17.53835251255307
 30
0.0
 10
23.88452386031434
 20
17.53835251255307
 30
0.0
 10
23.82960215785255
 20
17.53835251255307
 30
0.0
 10
23.77468045539076
 20
17.53835251255307
 30
0.0
 10
23.68352321053432
 20
17.53835251255307
 30
0.0
 10
23.5973889511691
 20
17.48804037781591
 30
0.0
 10
23.51125465143105
 20
17.43772820270591
 30
0.0
 10
23.4802488034109
 20
17.3663733458864
 30
0.0
 10
23.33073854918924
 20
17.02241501255307
 30
0.0
 10
23.18122829496757
 20
16.67845667921974
 30
0.0
 10
23.15096655855447
 20
16.60879687561606
 30
0.0
 10
23.19518094272577
 20
16.55763719408457
 30
0.0
 10
23.23939528652425
 20
16.50647751255307
 30
0.0
 10
23.32617034342769
 20
16.50647751255307
 30
0.0
 10
23.38109206607589
 20
16.50647751255307
 30
0.0
 10
23.43601378872409
 20
16.50647751255307
 30
0.0
 10
23.52497991941762
 20
16.50647751255307
 30
0.0
 10
23.6122097358643
 20
16.55548746207114
 30
0.0
 10
23.69943955231098
 20
16.60449737121638
 30
0.0
 10
23.73156162830091
 20
16.67845667921974
 30
0.0
  0
SPLINE
  5
C9
330
1F
100
AcDbEntity
  8
0
  6
K5LT_BASIC
 62
   150
420
    33023
370
    60
100
AcDbSpline
210
0.0
220
0.0
230
1.0
 70
    11
 71
     2
 72
    20
 73
    17
 74
     0
 42
0.0
 43
0.0
 40
0.0
 40
0.0
 40
0.0
 40
1.147295683742596
 40
1.147295683742596
 40
1.476319469250527
 40
1.476319469250527
 40
1.776165244754599
 40
1.776165244754599
 40
3.742232628287562
 40
3.742232628287562
 40
3.969097304271074
 40
3.969097304271074
 40
4.231300318464418
 40
4.231300318464418
 40
5.378596002207026
 40
5.378596002207026
 40
8.0
 40
8.0
 40
8.0
 10
24.69667060982567
 20
17.19439417921974
 30
0.0
 10
24.53252558871736
 20
17.19439417921974
 30
0.0
 10
24.36838056760904
 20
17.19439417921974
 30
0.0
 10
24.32224387156876
 20
17.19439417921974
 30
0.0
 10
24.27881498115397
 20
17.16903140296786
 30
0.0
 10
24.23538609073918
 20
17.14366862671599
 30
0.0
 10
24.2200898756124
 20
17.10840461607282
 30
0.0
 10
24.10795202227067
 20
16.85043586607282
 30
0.0
 10
23.99581416892895
 20
16.59246711607282
 30
0.0
 10
23.98010453603558
 20
16.55633496849264
 30
0.0
 10
24.00110583559562
 20
16.53140624052286
 30
0.0
 10
24.02210713515565
 20
16.50647751255307
 30
0.0
 10
24.06936005916572
 20
16.50647751255307
 30
0.0
 10
24.23350508027403
 20
16.50647751255307
 30
0.0
 10
24.39765010138235
 20
16.50647751255307
 30
0.0
 10
24.54716035560401
 20
16.8504358458864
 30
0.0
 10
24.69667060982567
 20
17.19439417921974
 30
0.0
  0
SPLINE
  5
CA
330
1F
100
AcDbEntity
  8
0
  6
K5LT_BASIC
 62
   150
420
    33023
370
    60
100
AcDbSpline
210
0.0
220
0.0
230
1.0
 70
    11
 71
     2
 72
    32
 73
    29
 74
     0
 42
0.0
 43
0.0
 40
0.0
 40
0.0
 40
0.0
 40
1.237935100319086
 40
1.237935100319086
 40
1.392892932064496
 40
1.392892932064496
 40
1.574399456441862
 40
1.574399456441862
 40
1.708223134170508
 40
1.708223134170508
 40
1.838968139904206
 40
1.838968139904206
 40
6.440879922277859
 40
6.440879922277859
 40
6.784117225826781
 40
6.784117225826781
 40
8.232797930352502
 40
8.232797930352502
 40
8.791752271223391
 40
8.791752271223391
 40
9.27942911622938
 40
9.27942911622938
 40
11.40401862777841
 40
11.40401862777841
 40
12.0526045449799
 40
12.0526045449799
 40
12.76083073589981
 40
12.76083073589981
 40
14.0
 40
14.0
 40
14.0
 10
24.73462179557883
 20
17.28170667921974
 30
0.0
 10
24.80014750226228
 20
17.43247785762949
 30
0.0
 10
24.86567320894573
 20
17.58324903603925
 30
0.0
 10
24.8716676858156
 20
17.59701560542965
 30
0.0
 10
24.89469469205908
 20
17.61167106339104
 30
0.0
 10
24.9177217386754
 20
17.62632648097961
 30
0.0
 10
24.93996325116236
 20
17.62632648097961
 30
0.0
 10
24.95997238845541
 20
17.62632648097961
 30
0.0
 10
24.97289149179714
 20
17.61512302099639
 30
0.0
 10
24.98581059513886
 20
17.60391960138601
 30
0.0
 10
24.97679820894573
 20
17.58320769426259
 30
0.0
 10
24.73317483339577
 20
17.02274576695275
 30
0.0
 10
24.48955145784581
 20
16.46228383964292
 30
0.0
 10
24.47082391562918
 20
16.41916501255307
 30
0.0
 10
24.41571617517243
 20
16.41916501255307
 30
0.0
 10
24.22333516470729
 20
16.41916501255307
 30
0.0
 10
24.03095415424214
 20
16.41916501255307
 30
0.0
 10
23.93946617517243
 20
16.41916501255307
 30
0.0
 10
23.89653342645038
 20
16.47005597253628
 30
0.0
 10
23.85360063735549
 20
16.5209469325195
 30
0.0
 10
23.88435843471568
 20
16.5916816223163
 30
0.0
 10
23.99682702227068
 20
16.85043586607282
 30
0.0
 10
24.10929560982567
 20
17.10919010982933
 30
0.0
 10
24.14079755916572
 20
17.18166111387297
 30
0.0
 10
24.22637374491888
 20
17.23168389654635
 30
0.0
 10
24.31194993067204
 20
17.28170667921974
 30
0.0
 10
24.40550491782903
 20
17.28170667921974
 30
0.0
 10
24.57006335670393
 20
17.28170667921974
 30
0.0
 10
24.73462179557883
 20
17.28170667921974
 30
0.0
  0
SPLINE
  5
CB
330
1F
100
AcDbEntity
  8
0
  6
K5LT_BASIC
 62
   150
420
    33023
370
    60
100
AcDbSpline
210
0.0
220
0.0
230
1.0
 70
    11
 71
     2
 72
    20
 73
    17
 74
     0
 42
0.0
 43
0.0
 40
0.0
 40
0.0
 40
0.0
 40
1.255920814040045
 40
1.255920814040045
 40
2.107326620870389
 40
2.107326620870389
 40
2.896323461113928
 40
2.896323461113928
 40
3.325309363807535
 40
3.325309363807535
 40
3.915927609689164
 40
3.915927609689164
 40
4.59552772083432
 40
4.59552772083432
 40
5.85144835040996
 40
5.85144835040996
 40
7.999999999999999
 40
7.999999999999999
 40
7.999999999999999
 10
24.96034443281452
 20
17.10708167921974
 30
0.0
 10
25.09778309011597
 20
17.10708167921974
 30
0.0
 10
25.23522174741741
 20
17.10708167921974
 30
0.0
 10
25.32538678963404
 20
17.10708167921974
 30
0.0
 10
25.41232721364411
 20
17.1578692847613
 30
0.0
 10
25.49926763765418
 20
17.20865689030287
 30
0.0
 10
25.53031482745098
 20
17.28009439030287
 30
0.0
 10
25.54902169877928
 20
17.32315120472773
 30
0.0
 10
25.56772857010758
 20
17.36620801915259
 30
0.0
 10
25.59877575990438
 20
17.4376455191526
 30
0.0
 10
25.55745530009918
 20
17.48799903603925
 30
0.0
 10
25.51613479992116
 20
17.53835251255307
 30
0.0
 10
25.42266249631749
 20
17.53835251255307
 30
0.0
 10
25.28522385920246
 20
17.53835251255307
 30
0.0
 10
25.14778522208743
 20
17.53835251255307
 30
0.0
 10
25.05406482745098
 20
17.3227170958864
 30
0.0
 10
24.96034443281452
 20
17.10708167921974
 30
0.0
  0
SPLINE
  5
CC
330
1F
100
AcDbEntity
  8
0
  6
K5LT_BASIC
 62
   150
420
    33023
370
    60
100
AcDbSpline
210
0.0
220
0.0
230
1.0
 70
    11
 71
     2
 72
    20
 73
    17
 74
     0
 42
0.0
 43
0.0
 40
0.0
 40
0.0
 40
0.0
 40
1.294170151586474
 40
1.294170151586474
 40
2.019508137395178
 40
2.019508137395178
 40
2.702734195665006
 40
2.702734195665006
 40
3.436561531108289
 40
3.436561531108289
 40
3.935367779691562
 40
3.935367779691562
 40
4.50775954563853
 40
4.50775954563853
 40
5.801929538668094
 40
5.801929538668094
 40
8.0
 40
8.0
 40
8.0
 10
24.69927511012436
 20
16.50647751255307
 30
0.0
 10
24.86404025788256
 20
16.50647751255307
 30
0.0
 10
25.02880540564075
 20
16.50647751255307
 30
0.0
 10
25.11777153633427
 20
16.50647751255307
 30
0.0
 10
25.20491866922764
 20
16.5553220949645
 30
0.0
 10
25.292065802121
 20
16.60416667737594
 30
0.0
 10
25.32410519455761
 20
16.67787793471934
 30
0.0
 10
25.36135357010757
 20
16.76355745472773
 30
0.0
 10
25.39860194565754
 20
16.84923697473613
 30
0.0
 10
25.42766477054754
 20
16.91608561827266
 30
0.0
 10
25.38318170520078
 20
16.9679273987462
 30
0.0
 10
25.33869859948119
 20
17.01976917921974
 30
0.0
 10
25.25192354257776
 20
17.01976917921974
 30
0.0
 10
25.08715841500597
 20
17.01976917921974
 30
0.0
 10
24.92239328743419
 20
17.01976917921974
 30
0.0
 10
24.81083419877928
 20
16.7631233458864
 30
0.0
 10
24.69927511012436
 20
16.50647751255307
 30
0.0
  0
SPLINE
  5
CD
330
1F
100
AcDbEntity
  8
0
  6
K5LT_BASIC
 62
   150
420
    33023
370
    60
100
AcDbSpline
210
0.0
220
0.0
230
1.0
 70
    11
 71
     2
 72
    40
 73
    37
 74
     0
 42
0.0
 43
0.0
 40
0.0
 40
0.0
 40
0.0
 40
0.3377060755235368
 40
0.3377060755235368
 40
5.962997161627398
 40
5.962997161627398
 40
6.383524335788711
 40
6.383524335788711
 40
7.912198519509779
 40
7.912198519509779
 40
8.935875734081362
 40
8.935875734081362
 40
9.36142498815095
 40
9.36142498815095
 40
9.572714635817595
 40
9.572714635817595
 40
9.703347239447329
 40
9.703347239447329
 40
9.83763188876891
 40
9.83763188876891
 40
10.27125798554716
 40
10.27125798554716
 40
10.90176559314682
 40
10.90176559314682
 40
11.64531320138272
 40
11.64531320138272
 40
12.25683682360262
 40
12.25683682360262
 40
12.88670667703478
 40
12.88670667703478
 40
13.75088481104077
 40
13.75088481104077
 40
14.95071264317088
 40
14.95071264317088
 40
16.22365408569073
 40
16.22365408569073
 40
18.0
 40
18.0
 40
18.0
 10
24.60530670520078
 20
16.41916501255307
 30
0.0
 10
24.5501989243712
 20
16.41916501255307
 30
0.0
 10
24.56892646658783
 20
16.46224249786626
 30
0.0
 10
24.81240514591948
 20
17.02241503273948
 30
0.0
 10
25.05588382525114
 20
17.58258756761271
 30
0.0
 10
25.07461136746776
 20
17.62566501255307
 30
0.0
 10
25.12992581680781
 20
17.62566501255307
 30
0.0
 10
25.29591052679103
 20
17.62566501255307
 30
0.0
 10
25.46189523677424
 20
17.62566501255307
 30
0.0
 10
25.59799026614786
 20
17.62566501255307
 30
0.0
 10
25.66343332965082
 20
17.54967999786626
 30
0.0
 10
25.6963822008011
 20
17.51342382495611
 30
0.0
 10
25.70047499631749
 20
17.46679102759592
 30
0.0
 10
25.69882134543755
 20
17.44390869738433
 30
0.0
 10
25.69716769455761
 20
17.42102636717274
 30
0.0
 10
25.69392240546273
 20
17.40721841563285
 30
0.0
 10
25.69067711636784
 20
17.39341046409296
 30
0.0
 10
25.68486869767936
 20
17.38003660120799
 30
0.0
 10
25.67906027899087
 20
17.36666273832301
 30
0.0
 10
25.66029139499758
 20
17.32348191875459
 30
0.0
 10
25.6415225110043
 20
17.28030109918616
 30
0.0
 10
25.61411331680781
 20
17.21725585872941
 30
0.0
 10
25.5633464225274
 20
17.16890737763788
 30
0.0
 10
25.51257948787416
 20
17.12055889654636
 30
0.0
 10
25.43031060388088
 20
17.07826690498968
 30
0.0
 10
25.49505081680781
 20
17.0473023987462
 30
0.0
 10
25.51737505322092
 20
16.98276885432973
 30
0.0
 10
25.53969928963404
 20
16.91823535028609
 30
0.0
 10
25.50980962921085
 20
16.84940234184276
 30
0.0
 10
25.47239588655426
 20
16.76335074584444
 30
0.0
 10
25.43498214389766
 20
16.67729914984612
 30
0.0
 10
25.39008566078431
 20
16.5740289662928
 30
0.0
 10
25.25339117564914
 20
16.49659698942294
 30
0.0
 10
25.11669665014114
 20
16.41916501255307
 30
0.0
 10
24.99106092877089
 20
16.41916501255307
 30
0.0
 10
24.79818381698583
 20
16.41916501255307
 30
0.0
 10
24.60530670520078
 20
16.41916501255307
 30
0.0
  0
SPLINE
  5
CE
330
1F
100
AcDbEntity
  8
0
  6
K5LT_BASIC
 62
   150
420
    33023
370
    60
100
AcDbSpline
210
0.0
220
0.0
230
1.0
 70
    11
 71
     2
 72
    24
 73
    21
 74
     0
 42
0.0
 43
0.0
 40
0.0
 40
0.0
 40
0.0
 40
1.959183226512967
 40
1.959183226512967
 40
2.63397955287987
 40
2.63397955287987
 40
3.411748871920281
 40
3.411748871920281
 40
3.986644399078483
 40
3.986644399078483
 40
4.963266257853949
 40
4.963266257853949
 40
5.860946507097093
 40
5.860946507097093
 40
6.840538120353575
 40
6.840538120353575
 40
7.515141570436285
 40
7.515141570436285
 40
8.275097873328322
 40
8.275097873328322
 40
10.0
 40
10.0
 40
10.0
 10
12.4352180210289
 20
15.33442601604733
 30
0.0
 10
12.50996282278878
 20
15.506405182714
 30
0.0
 10
12.58470762454865
 20
15.67838434938066
 30
0.0
 10
12.61571347256879
 20
15.74973920620018
 30
0.0
 10
12.57428965832195
 20
15.80005138131017
 30
0.0
 10
12.53286580370228
 20
15.85036351604733
 30
0.0
 10
12.43931081654529
 20
15.85036351604733
 30
0.0
 10
12.38428573945544
 20
15.85036351604733
 30
0.0
 10
12.32926066236559
 20
15.85036351604733
 30
0.0
 10
12.2367805210289
 20
15.85036351604733
 30
0.0
 10
12.15126638831356
 20
15.80048542959226
 30
0.0
 10
12.06575221522539
 20
15.75060734313718
 30
0.0
 10
12.03437429121531
 20
15.67838434938066
 30
0.0
 10
11.99700189033538
 20
15.59239476604733
 30
0.0
 10
11.95962948945544
 20
15.506405182714
 30
0.0
 10
11.9293264516385
 20
15.43674537911033
 30
0.0
 10
11.97370616254361
 20
15.38558569757883
 30
0.0
 10
12.01808587344873
 20
15.33442601604733
 30
0.0
 10
12.1050262974588
 20
15.33442601604733
 30
0.0
 10
12.27012215924385
 20
15.33442601604733
 30
0.0
 10
12.4352180210289
 20
15.33442601604733
 30
0.0
  0
SPLINE
  5
CF
330
1F
100
AcDbEntity
  8
0
  6
K5LT_BASIC
 62
   150
420
    33023
370
    60
100
AcDbSpline
210
0.0
220
0.0
230
1.0
 70
    11
 71
     2
 72
    58
 73
    55
 74
     0
 42
0.0
 43
0.0
 40
0.0
 40
0.0
 40
0.0
 40
2.673096819753682
 40
2.673096819753682
 40
5.946281251639232
 40
5.946281251639232
 40
6.10345433946924
 40
6.10345433946924
 40
6.323207015551238
 40
6.323207015551238
 40
6.532096990068549
 40
6.532096990068549
 40
6.713683438412325
 40
6.713683438412325
 40
6.964876298314573
 40
6.964876298314573
 40
7.662950205875602
 40
7.662950205875602
 40
8.010190084455676
 40
8.010190084455676
 40
8.13222351470593
 40
8.13222351470593
 40
8.372805571153423
 40
8.372805571153423
 40
9.746902270699888
 40
9.746902270699888
 40
10.80311628477136
 40
10.80311628477136
 40
11.71647154827822
 40
11.71647154827822
 40
13.7955406121763
 40
13.7955406121763
 40
15.20486275757317
 40
15.20486275757317
 40
16.43847393342484
 40
16.43847393342484
 40
17.62582801555375
 40
17.62582801555375
 40
19.24096875422952
 40
19.24096875422952
 40
21.031024632588
 40
21.031024632588
 40
21.72908899242358
 40
21.72908899242358
 40
23.13158682382646
 40
23.13158682382646
 40
23.71364795584869
 40
23.71364795584869
 40
24.0022670034624
 40
24.0022670034624
 40
24.18057706662768
 40
24.18057706662768
 40
24.36427704321333
 40
24.36427704321333
 40
27.0
 40
27.0
 40
27.0
 10
12.52968256764521
 20
15.29610279467707
 30
0.0
 10
12.4517958312321
 20
15.11697162176692
 30
0.0
 10
12.2685305210289
 20
14.9671512840339
 30
0.0
 10
12.06889414987863
 20
14.80521804797683
 30
0.0
 10
11.80852759701883
 20
14.73460734313718
 30
0.0
 10
11.79618727855033
 20
14.73289167959226
 30
0.0
 10
11.78384696008182
 20
14.73117601604733
 30
0.0
 10
11.77276752542859
 20
14.73117601604733
 30
0.0
 10
11.75184890942187
 20
14.7440331470969
 30
0.0
 10
11.74349799165528
 20
14.7577997164873
 30
0.0
 10
11.75131146632531
 20
14.77582448887356
 30
0.0
 10
11.75693386720524
 20
14.78868157955029
 30
0.0
 10
11.76807531452347
 20
14.79899619133534
 30
0.0
 10
11.77921672146887
 20
14.8093108031204
 30
0.0
 10
11.80398008233202
 20
14.81530527999026
 30
0.0
 10
11.84722293475185
 20
14.82559922088699
 30
0.0
 10
11.90939999789877
 20
14.8487915942371
 30
0.0
 10
11.93492816144369
 20
14.85908553513383
 30
0.0
 10
11.96045632498862
 20
14.86937947603055
 30
0.0
 10
11.96932399477702
 20
14.8732448715889
 30
0.0
 10
11.97819166456543
 20
14.87711026714725
 30
0.0
 10
11.99522421412546
 20
14.88568856468546
 30
0.0
 10
12.0122567636855
 20
14.89426686222368
 30
0.0
 10
12.09816368365193
 20
14.93635214489706
 30
0.0
 10
12.19523268145208
 20
15.01188240004062
 30
0.0
 10
12.25827792190884
 20
15.06512980092056
 30
0.0
 10
12.31563878919349
 20
15.12821638315397
 30
0.0
 10
12.37299961610532
 20
15.19130300576021
 30
0.0
 10
12.39726687564857
 20
15.24711351604733
 30
0.0
 10
12.23246038611371
 20
15.24711351604733
 30
0.0
 10
12.06765389657886
 20
15.24711351604733
 30
0.0
 10
11.92829290722203
 20
15.24711351604733
 30
0.0
 10
11.86468955278038
 20
15.32220972290881
 30
0.0
 10
11.80108619833874
 20
15.39730592977028
 30
0.0
 10
11.84833912234881
 20
15.50607448887356
 30
0.0
 10
11.88585621944705
 20
15.59239478623375
 30
0.0
 10
11.92337331654529
 20
15.67871508359394
 30
0.0
 10
11.96843516676527
 20
15.78231600136052
 30
0.0
 10
12.0984944178652
 20
15.85999602889034
 30
0.0
 10
12.22855362859229
 20
15.93767601604733
 30
0.0
 10
12.36799734187527
 20
15.93767601604733
 30
0.0
 10
12.42333246210364
 20
15.93767601604733
 30
0.0
 10
12.47866758233202
 20
15.93767601604733
 30
0.0
 10
12.61484529525896
 20
15.93767601604733
 30
0.0
 10
12.68037104231524
 20
15.86189771024382
 30
0.0
 10
12.71340259701883
 20
15.82572422088699
 30
0.0
 10
12.71753673431188
 20
15.77921540848394
 30
0.0
 10
12.71590375432027
 20
15.75639511112375
 30
0.0
 10
12.71427077432866
 20
15.73357481376356
 30
0.0
 10
12.71106682701044
 20
15.71980820400033
 30
0.0
 10
12.70786287969221
 20
15.7060415942371
 30
0.0
 10
12.70205446100372
 20
15.69268840224046
 30
0.0
 10
12.69624604231524
 20
15.67933521024382
 30
0.0
 10
12.61296430498022
 20
15.48771900246044
 30
0.0
 10
12.52968256764521
 20
15.29610279467707
 30
0.0
  0
SPLINE
  5
D0
330
1F
100
AcDbEntity
  8
0
  6
K5LT_BASIC
 62
   150
420
    33023
370
    60
100
AcDbSpline
210
0.0
220
0.0
230
1.0
 70
    11
 71
     2
 72
    24
 73
    21
 74
     0
 42
0.0
 43
0.0
 40
0.0
 40
0.0
 40
0.0
 40
4.028530850736242
 40
4.028530850736242
 40
4.264299751418549
 40
4.264299751418549
 40
4.463583673149043
 40
4.463583673149043
 40
4.689141011580094
 40
4.689141011580094
 40
5.009910132279311
 40
5.009910132279311
 40
9.038440983015553
 40
9.038440983015553
 40
9.25516565966526
 40
9.25516565966526
 40
9.449076977987172
 40
9.449076977987172
 40
9.697561127917725
 40
9.697561127917725
 40
10.0
 40
10.0
 40
10.0
 10
13.19544030651338
 20
15.12011351604733
 30
0.0
 10
12.86485583606502
 20
15.12011351604733
 30
0.0
 10
12.53427136561666
 20
15.12011351604733
 30
0.0
 10
12.50892926025311
 20
15.12011351604733
 30
0.0
 10
12.49884198786685
 20
15.13235052044702
 30
0.0
 10
12.49057375365358
 20
15.14632383909354
 30
0.0
 10
12.49813921803648
 20
15.16376978623375
 30
0.0
 10
12.50231465673336
 20
15.17336091692727
 30
0.0
 10
12.52348132340003
 20
15.19039348667371
 30
0.0
 10
12.54464799006669
 20
15.20742601604733
 30
0.0
 10
12.57222255136982
 20
15.20742601604733
 30
0.0
 10
12.90280702181818
 20
15.20742601604733
 30
0.0
 10
13.23339149226654
 20
15.20742601604733
 30
0.0
 10
13.25323522208012
 20
15.20742601604733
 30
0.0
 10
13.26479008716494
 20
15.19345273777364
 30
0.0
 10
13.27634491187692
 20
15.17947941912711
 30
0.0
 10
13.26952363984671
 20
15.16376978623375
 30
0.0
 10
13.2627023678165
 20
15.14806015334038
 30
0.0
 10
13.24230048364519
 20
15.13408683469386
 30
0.0
 10
13.22189863984671
 20
15.12011351604733
 30
0.0
 10
13.19544030651338
 20
15.12011351604733
 30
0.0
  0
SPLINE
  5
D1
330
1F
100
AcDbEntity
  8
0
  6
K5LT_BASIC
 62
   150
420
    33023
370
    60
100
AcDbSpline
210
0.0
220
0.0
230
1.0
 70
    11
 71
     2
 72
    34
 73
    31
 74
     0
 42
0.0
 43
0.0
 40
0.0
 40
0.0
 40
0.0
 40
0.1853368497441912
 40
0.1853368497441912
 40
0.3750917108927485
 40
0.3750917108927485
 40
0.52352737402582
 40
0.52352737402582
 40
0.6691779820560863
 40
0.6691779820560863
 40
5.232308511999388
 40
5.232308511999388
 40
6.736705817856048
 40
6.736705817856048
 40
6.923089619260166
 40
6.923089619260166
 40
7.077307970848934
 40
7.077307970848934
 40
7.21363079237886
 40
7.21363079237886
 40
7.385171130563807
 40
7.385171130563807
 40
9.494057067911134
 40
9.494057067911134
 40
9.678557813082394
 40
9.678557813082394
 40
9.830245478110472
 40
9.830245478110472
 40
9.966381595358019
 40
9.966381595358019
 40
15.0
 40
15.0
 40
15.0
 10
13.56465811077178
 20
14.7736747164873
 30
0.0
 10
13.55564572457865
 20
14.75296280936388
 30
0.0
 10
13.53485113390192
 20
14.74089121244366
 30
0.0
 10
13.51475931305555
 20
14.73051458799362
 30
0.0
 10
13.4903267267785
 20
14.73051458799362
 30
0.0
 10
13.48032213794556
 20
14.73051458799362
 30
0.0
 10
13.45593089344516
 20
14.740849870667
 30
0.0
 10
13.4437765725988
 20
14.75122649511704
 30
0.0
 10
13.45349176899512
 20
14.77363337471064
 30
0.0
 10
13.67462554102534
 20
15.28235685580217
 30
0.0
 10
13.89575931305555
 20
15.7910803368937
 30
0.0
 10
13.73808419924868
 20
15.69843482845037
 30
0.0
 10
13.58040908544181
 20
15.60578932000705
 30
0.0
 10
13.55833289968865
 20
15.59289088755365
 30
0.0
 10
13.53749696723525
 20
15.59289088755365
 30
0.0
 10
13.51442857884228
 20
15.59289088755365
 30
0.0
 10
13.50361790611015
 20
15.60587200356037
 30
0.0
 10
13.49280719300519
 20
15.61885311956708
 30
0.0
 10
13.50070335122854
 20
15.63704321868714
 30
0.0
 10
13.5037212605518
 20
15.64398851604733
 30
0.0
 10
13.5300142267785
 20
15.66647811956708
 30
0.0
 10
13.75104466455348
 20
15.79635133267204
 30
0.0
 10
13.97207510232846
 20
15.92622454577699
 30
0.0
 10
13.99274566767522
 20
15.93833748447387
 30
0.0
 10
14.01473912950223
 20
15.93833748447387
 30
0.0
 10
14.03677397347873
 20
15.93833748447387
 30
0.0
 10
14.04876292721847
 20
15.92667930532024
 30
0.0
 10
14.06075184058537
 20
15.91502108579378
 30
0.0
 10
14.0524836063721
 20
15.8960454929172
 30
0.0
 10
13.80857085857194
 20
15.33486010470225
 30
0.0
 10
13.56465811077178
 20
14.7736747164873
 30
0.0
  0
SPLINE
  5
D2
330
1F
100
AcDbEntity
  8
0
  6
K5LT_BASIC
 62
   150
420
    33023
370
    60
100
AcDbSpline
210
0.0
220
0.0
230
1.0
 70
    11
 71
     2
 72
    64
 73
    61
 74
     0
 42
0.0
 43
0.0
 40
0.0
 40
0.0
 40
0.0
 40
3.321573469612515
 40
3.321573469612515
 40
3.505219869491258
 40
3.505219869491258
 40
3.677422419803641
 40
3.677422419803641
 40
3.813248868376204
 40
3.813248868376204
 40
9.686733082025228
 40
9.686733082025228
 40
9.9419313898506
 40
9.9419313898506
 40
10.15513471498364
 40
10.15513471498364
 40
10.53874247692264
 40
10.53874247692264
 40
11.35145898410847
 40
11.35145898410847
 40
11.79357838266301
 40
11.79357838266301
 40
12.31891261765106
 40
12.31891261765106
 40
13.13136403652243
 40
13.13136403652243
 40
14.11030669715937
 40
14.11030669715937
 40
14.28609561357564
 40
14.28609561357564
 40
14.46388121147196
 40
14.46388121147196
 40
14.65627581224253
 40
14.65627581224253
 40
14.82264342369472
 40
14.82264342369472
 40
14.9157518189055
 40
14.9157518189055
 40
16.26017048358076
 40
16.26017048358076
 40
17.41439891589804
 40
17.41439891589804
 40
18.75737774165686
 40
18.75737774165686
 40
19.92183423477186
 40
19.92183423477186
 40
20.41655502551849
 40
20.41655502551849
 40
21.0972563547566
 40
21.0972563547566
 40
26.40519001915382
 40
26.40519001915382
 40
29.20459652421895
 40
29.20459652421895
 40
29.38387159527524
 40
29.38387159527524
 40
29.54427541226636
 40
29.54427541226636
 40
29.74982198095342
 40
29.74982198095342
 40
30.0
 40
30.0
 40
30.0
 10
14.3757713362117
 20
14.73117601604733
 30
0.0
 10
14.04626173177005
 20
14.73117601604733
 30
0.0
 10
13.7167521273284
 20
14.73117601604733
 30
0.0
 10
13.69690839751482
 20
14.73117601604733
 30
0.0
 10
13.68417529179523
 20
14.74494262581056
 30
0.0
 10
13.67512160419827
 20
14.75961875466029
 30
0.0
 10
13.68297642064495
 20
14.77768482845037
 30
0.0
 10
13.68822674553496
 20
14.78975642537059
 30
0.0
 10
13.69976089935862
 20
14.79839673557379
 30
0.0
 10
14.15949512200682
 20
15.1563697091439
 30
0.0
 10
14.61922934465502
 20
15.514342682714
 30
0.0
 10
14.63816359575494
 20
15.53114787268882
 30
0.0
 10
14.65709784685486
 20
15.54795306266364
 30
0.0
 10
14.67193930243839
 20
15.5630218980188
 30
0.0
 10
14.68678075802192
 20
15.57809073337395
 30
0.0
 10
14.71361116734519
 20
15.60913796354358
 30
0.0
 10
14.72783253665166
 20
15.64188012581056
 30
0.0
 10
14.76565969707485
 20
15.72886189159729
 30
0.0
 10
14.7010021273284
 20
15.78917865554022
 30
0.0
 10
14.67309687218484
 20
15.81675317647051
 30
0.0
 10
14.6260919584619
 20
15.83355836644534
 30
0.0
 10
14.57908708511178
 20
15.85036351604733
 30
0.0
 10
14.52368995221841
 20
15.85036351604733
 30
0.0
 10
14.44725017798836
 20
15.85036351604733
 30
0.0
 10
14.36690364623687
 20
15.81722860690209
 30
0.0
 10
14.28655715485822
 20
15.78409369775685
 30
0.0
 10
14.21073746690522
 20
15.70401588755365
 30
0.0
 10
14.19812842688843
 20
15.69024927779042
 30
0.0
 10
14.18291489531498
 20
15.68334532220689
 30
0.0
 10
14.16852815890186
 20
15.6781776808702
 30
0.0
 10
14.1485604037583
 20
15.67561453109018
 30
0.0
 10
14.12528534685486
 20
15.67561453109018
 30
0.0
 10
14.11315169689683
 20
15.68721069757883
 30
0.0
 10
14.10101808731162
 20
15.6988069044403
 30
0.0
 10
14.10920363797157
 20
15.71769981376356
 30
0.0
 10
14.11422658308996
 20
15.7254512757686
 30
0.0
 10
14.11924952820834
 20
15.73320273777364
 30
0.0
 10
14.21115088467181
 20
15.8380025266905
 30
0.0
 10
14.3321977495786
 20
15.89042309203726
 30
0.0
 10
14.43993280463824
 20
15.93767601604733
 30
0.0
 10
14.55473714201521
 20
15.93767601604733
 30
0.0
 10
14.71257766330155
 20
15.93767601604733
 30
0.0
 10
14.80067561668524
 20
15.85338142537059
 30
0.0
 10
14.89237030463824
 20
15.76474602889034
 30
0.0
 10
14.83891619487501
 20
15.64175610048059
 30
0.0
 10
14.82060207042497
 20
15.59958813425389
 30
0.0
 10
14.78645428775159
 20
15.55915652264686
 30
0.0
 10
14.75230650507821
 20
15.518724870667
 30
0.0
 10
14.68864113797157
 20
15.46626296354358
 30
0.0
 10
14.27347268440986
 20
15.14237573979546
 30
0.0
 10
13.85830423084815
 20
14.81848851604733
 30
0.0
 10
14.1360133764065
 20
14.81848851604733
 30
0.0
 10
14.41372252196486
 20
14.81848851604733
 30
0.0
 10
14.43356625177844
 20
14.81848851604733
 30
0.0
 10
14.44512111686326
 20
14.80451523777364
 30
0.0
 10
14.45667594157524
 20
14.79054191912711
 30
0.0
 10
14.44985466954503
 20
14.77483228623375
 30
0.0
 10
14.44303339751482
 20
14.75912265334038
 30
0.0
 10
14.42263151334351
 20
14.74514933469386
 30
0.0
 10
14.40222966954503
 20
14.73117601604733
 30
0.0
 10
14.3757713362117
 20
14.73117601604733
 30
0.0
  0
SPLINE
  5
D3
330
1F
100
AcDbEntity
  8
0
  6
K5LT_BASIC
 62
   150
420
    33023
370
    60
100
AcDbSpline
210
0.0
220
0.0
230
1.0
 70
    11
 71
     2
 72
    36
 73
    33
 74
     0
 42
0.0
 43
0.0
 40
0.0
 40
0.0
 40
0.0
 40
4.368164238987791
 40
4.368164238987791
 40
4.624231089013921
 40
4.624231089013921
 40
4.816507648037111
 40
4.816507648037111
 40
8.27270153227512
 40
8.27270153227512
 40
8.31407745209731
 40
8.31407745209731
 40
8.441619995619238
 40
8.441619995619238
 40
8.588810803175988
 40
8.588810803175988
 40
8.662543718146377
 40
8.662543718146377
 40
8.757472409279574
 40
8.757472409279574
 40
11.73890519915625
 40
11.73890519915625
 40
15.5072335801544
 40
15.5072335801544
 40
15.61215510158021
 40
15.61215510158021
 40
15.73970183754178
 40
15.73970183754178
 40
15.85374165999248
 40
15.85374165999248
 40
15.95606151388269
 40
15.95606151388269
 40
16.0
 40
16.0
 40
16.0
 10
15.89187511949633
 20
15.88393255422032
 30
0.0
 10
15.45694559948794
 20
15.32698463755365
 30
0.0
 10
15.02201607947955
 20
14.77003672088698
 30
0.0
 10
14.99187836839641
 20
14.73117601604733
 30
0.0
 10
14.95223221017307
 20
14.73117601604733
 30
0.0
 10
14.91254471017307
 20
14.73117601604733
 30
0.0
 10
14.91622408792287
 20
14.77003672088698
 30
0.0
 10
14.9654407059514
 20
15.32698463755365
 30
0.0
 10
15.01465732397994
 20
15.88393255422032
 30
0.0
 10
15.01637298752486
 20
15.89040244133535
 30
0.0
 10
15.01808865106979
 20
15.89687232845037
 30
0.0
 10
15.02486862169617
 20
15.9124165942371
 30
0.0
 10
15.04702745062982
 20
15.92537703935549
 30
0.0
 10
15.0691863199363
 20
15.93833748447387
 30
0.0
 10
15.0922960097331
 20
15.93833748447387
 30
0.0
 10
15.10552517639977
 20
15.93833748447387
 30
0.0
 10
15.11470292969953
 20
15.93143352889034
 30
0.0
 10
15.12673318484309
 20
15.92622454577699
 30
0.0
 10
15.1302058537096
 20
15.90638077559058
 30
0.0
 10
15.08778983682295
 20
15.42593464581896
 30
0.0
 10
15.0453738199363
 20
14.94548851604733
 30
0.0
 10
15.42060672283806
 20
15.42593464581896
 30
0.0
 10
15.79583962573981
 20
15.90638077559058
 30
0.0
 10
15.80402517639977
 20
15.91758423557379
 30
0.0
 10
15.82176051597658
 20
15.92796086002383
 30
0.0
 10
15.83833832617978
 20
15.9357329929172
 30
0.0
 10
15.8615306995299
 20
15.93833748447387
 30
0.0
 10
15.8835655435064
 20
15.93833748447387
 30
0.0
 10
15.89557516813446
 20
15.92667930532024
 30
0.0
 10
15.9075847523897
 20
15.91502108579378
 30
0.0
 10
15.89931651817643
 20
15.8960454929172
 30
0.0
 10
15.89559581883638
 20
15.88998902356876
 30
0.0
 10
15.89187511949633
 20
15.88393255422032
 30
0.0
  0
SPLINE
  5
D4
330
1F
100
AcDbEntity
  8
0
  6
K5LT_BASIC
 62
   150
420
    33023
370
    60
100
AcDbSpline
210
0.0
220
0.0
230
1.0
 70
    11
 71
     2
 72
    36
 73
    33
 74
     0
 42
0.0
 43
0.0
 40
0.0
 40
0.0
 40
0.0
 40
2.149086884818489
 40
2.149086884818489
 40
3.902402955386479
 40
3.902402955386479
 40
5.072703492629867
 40
5.072703492629867
 40
6.49269097679981
 40
6.49269097679981
 40
6.863068382483675
 40
6.863068382483675
 40
7.198191189746758
 40
7.198191189746758
 40
7.514510888767811
 40
7.514510888767811
 40
7.997837000554558
 40
7.997837000554558
 40
10.14160254509302
 40
10.14160254509302
 40
11.89522915302607
 40
11.89522915302607
 40
13.06311409864708
 40
13.06311409864708
 40
14.4937694433475
 40
14.4937694433475
 40
14.86546238843578
 40
14.86546238843578
 40
15.19946673991115
 40
15.19946673991115
 40
15.51262395721953
 40
15.51262395721953
 40
16.0
 40
16.0
 40
16.0
 10
16.91519239112119
 20
15.12714153733367
 30
0.0
 10
16.80443946711112
 20
15.07513434938067
 30
0.0
 10
16.69422398619761
 20
15.07513434938067
 30
0.0
 10
16.58512469288106
 20
15.07513434938067
 30
0.0
 10
16.51798665690792
 20
15.12594262581056
 30
0.0
 10
16.47540527291463
 20
15.15980101604733
 30
0.0
 10
16.40049514442095
 20
15.15980101604733
 30
0.0
 10
16.32665986174757
 20
15.15980101604733
 30
0.0
 10
16.25402345022447
 20
15.12710019555701
 30
0.0
 10
16.23467578135796
 20
15.11808780936388
 30
0.0
 10
16.21594823914133
 20
15.11808780936388
 30
0.0
 10
16.20602637423454
 20
15.11808780936388
 30
0.0
 10
16.1829580262144
 20
15.13090355826396
 30
0.0
 10
16.17196127511448
 20
15.14371934753687
 30
0.0
 10
16.18014682577443
 20
15.16252953293398
 30
0.0
 10
16.18907652841424
 20
15.18303477154694
 30
0.0
 10
16.21780861909098
 20
15.19585052044702
 30
0.0
 10
16.32934703685756
 20
15.24711351604733
 30
0.0
 10
16.43844628980128
 20
15.24711351604733
 30
0.0
 10
16.54754558311783
 20
15.24711351604733
 30
0.0
 10
16.61493166975093
 20
15.19680138131017
 30
0.0
 10
16.66057226447131
 20
15.16244684938066
 30
0.0
 10
16.73217513157794
 20
15.16244684938066
 30
0.0
 10
16.80601041425133
 20
15.16244684938066
 30
0.0
 10
16.87934963597763
 20
15.19676003953351
 30
0.0
 10
16.89877994802463
 20
15.2059790942371
 30
0.0
 10
16.91750749024125
 20
15.2059790942371
 30
0.0
 10
16.93735126042767
 20
15.2059790942371
 30
0.0
 10
16.94894742691631
 20
15.19210913003223
 30
0.0
 10
16.96054363377779
 20
15.17823920620018
 30
0.0
 10
16.95301955154437
 20
15.16091724401712
 30
0.0
 10
16.94400716535124
 20
15.14012265334038
 30
0.0
 10
16.91519239112119
 20
15.12714153733367
 30
0.0
  0
SPLINE
  5
D5
330
1F
100
AcDbEntity
  8
0
  6
K5LT_BASIC
 62
   150
420
    33023
370
    60
100
AcDbSpline
210
0.0
220
0.0
230
1.0
 70
    11
 71
     2
 72
    28
 73
    25
 74
     0
 42
0.0
 43
0.0
 40
0.0
 40
0.0
 40
0.0
 40
0.8515157838454297
 40
0.8515157838454297
 40
1.782446434964798
 40
1.782446434964798
 40
2.146648769490869
 40
2.146648769490869
 40
2.861052341439847
 40
2.861052341439847
 40
3.512168742134039
 40
3.512168742134039
 40
5.996207334291653
 40
5.996207334291653
 40
6.840289709227009
 40
6.840289709227009
 40
7.774674641603101
 40
7.774674641603101
 40
8.138877109539456
 40
8.138877109539456
 40
8.870489546008464
 40
8.870489546008464
 40
9.515961407842386
 40
9.515961407842386
 40
12.0
 40
12.0
 40
12.0
 10
17.73048107528576
 20
14.98972357110697
 30
0.0
 10
17.68442702242596
 20
14.883724870667
 30
0.0
 10
17.55428512814555
 20
14.80745046354358
 30
0.0
 10
17.42414319349232
 20
14.73117601604733
 30
0.0
 10
17.28639449305235
 20
14.73117601604733
 30
0.0
 10
17.23128675259559
 20
14.73117601604733
 30
0.0
 10
17.17617901213884
 20
14.73117601604733
 30
0.0
 10
17.04942702242597
 20
14.73117601604733
 30
0.0
 10
16.98007728214723
 20
14.80614819757883
 30
0.0
 10
16.91072750149567
 20
14.88112037911033
 30
0.0
 10
16.95789774195243
 20
14.98972357110697
 30
0.0
 10
17.10773873038736
 20
15.33442603623375
 30
0.0
 10
17.25757971882229
 20
15.67912850136052
 30
0.0
 10
17.3025175437123
 20
15.78256405202048
 30
0.0
 10
17.43212203526897
 20
15.86012005422032
 30
0.0
 10
17.56172652682565
 20
15.93767601604733
 30
0.0
 10
17.70059141486258
 20
15.93767601604733
 30
0.0
 10
17.75569917550574
 20
15.93767601604733
 30
0.0
 10
17.81080693614891
 20
15.93767601604733
 30
0.0
 10
17.94636452242597
 20
15.93767601604733
 30
0.0
 10
18.01168356059895
 20
15.86226978623375
 30
0.0
 10
18.07700255839911
 20
15.78686351604733
 30
0.0
 10
18.03016305215563
 20
15.67912850136052
 30
0.0
 10
17.88032206372069
 20
15.33442603623375
 30
0.0
 10
17.73048107528576
 20
14.98972357110697
 30
0.0
  0
SPLINE
  5
D6
330
1F
100
AcDbEntity
  8
0
  6
K5LT_BASIC
 62
   150
420
    33023
370
    60
100
AcDbSpline
210
0.0
220
0.0
230
1.0
 70
    11
 71
     2
 72
    28
 73
    25
 74
     0
 42
0.0
 43
0.0
 40
0.0
 40
0.0
 40
0.0
 40
3.011924697465481
 40
3.011924697465481
 40
3.530380279787312
 40
3.530380279787312
 40
4.124523928289907
 40
4.124523928289907
 40
4.565588108160568
 40
4.565588108160568
 40
5.314024587618198
 40
5.314024587618198
 40
6.00339446490541
 40
6.00339446490541
 40
9.015319162370892
 40
9.015319162370892
 40
9.53363897923453
 40
9.53363897923453
 40
10.11659139220172
 40
10.11659139220172
 40
10.55765573418506
 40
10.55765573418506
 40
11.29979807340033
 40
11.29979807340033
 40
12.0
 40
12.0
 40
12.0
 10
17.61968680949903
 20
14.990467682714
 30
0.0
 10
17.76919706372069
 20
15.33442601604733
 30
0.0
 10
17.91870731794236
 20
15.67838434938066
 30
0.0
 10
17.94938243174923
 20
15.748912370667
 30
0.0
 10
17.90661500976098
 20
15.79963796354358
 30
0.0
 10
17.86384762814556
 20
15.85036351604733
 30
0.0
 10
17.77264904151246
 20
15.85036351604733
 30
0.0
 10
17.71772733905067
 20
15.85036351604733
 30
0.0
 10
17.66280563658888
 20
15.85036351604733
 30
0.0
 10
17.57164839173244
 20
15.85036351604733
 30
0.0
 10
17.48551413236722
 20
15.80005138131017
 30
0.0
 10
17.39937983262917
 20
15.74973920620018
 30
0.0
 10
17.36837398460902
 20
15.67838434938066
 30
0.0
 10
17.21886373038736
 20
15.33442601604733
 30
0.0
 10
17.06935347616569
 20
14.990467682714
 30
0.0
 10
17.03909173975259
 20
14.92080787911033
 30
0.0
 10
17.08330612392389
 20
14.86964819757883
 30
0.0
 10
17.12752046772237
 20
14.81848851604733
 30
0.0
 10
17.21429552462581
 20
14.81848851604733
 30
0.0
 10
17.26921724727401
 20
14.81848851604733
 30
0.0
 10
17.32413896992221
 20
14.81848851604733
 30
0.0
 10
17.41310510061574
 20
14.81848851604733
 30
0.0
 10
17.50033491706242
 20
14.8674984655654
 30
0.0
 10
17.5875647335091
 20
14.91650837471064
 30
0.0
 10
17.61968680949903
 20
14.990467682714
 30
0.0
  0
SPLINE
  5
D7
330
1F
100
AcDbEntity
  8
0
  6
K5LT_BASIC
 62
   150
420
    33023
370
    60
100
AcDbSpline
210
0.0
220
0.0
230
1.0
 70
    11
 71
     2
 72
    20
 73
    17
 74
     0
 42
0.0
 43
0.0
 40
0.0
 40
0.0
 40
0.0
 40
0.8973206853134778
 40
0.8973206853134778
 40
1.692709461399333
 40
1.692709461399333
 40
2.711907585572599
 40
2.711907585572599
 40
3.961494147830054
 40
3.961494147830054
 40
4.932067005042544
 40
4.932067005042544
 40
5.749751604068267
 40
5.749751604068267
 40
6.683806171679242
 40
6.683806171679242
 40
8.0
 40
8.0
 40
8.0
 10
17.78294292391715
 20
14.86044981376357
 30
0.0
 10
17.81270855901036
 20
14.86044981376357
 30
0.0
 10
17.83015450615057
 20
14.83975853715565
 30
0.0
 10
17.8476004936636
 20
14.81906730092055
 30
0.0
 10
17.83747191987351
 20
14.79579224401712
 30
0.0
 10
17.82738464748726
 20
14.77255852889034
 30
0.0
 10
17.79691624256368
 20
14.75186729265525
 30
0.0
 10
17.76644779726728
 20
14.73117601604733
 30
0.0
 10
17.72676029726727
 20
14.73117601604733
 30
0.0
 10
17.68818902523706
 20
14.73117601604733
 30
0.0
 10
17.67400899770724
 20
14.74928347198691
 30
0.0
 10
17.66098653992387
 20
14.76995403733367
 30
0.0
 10
17.67218999990708
 20
14.79579224401712
 30
0.0
 10
17.67859789454354
 20
14.81046837286684
 30
0.0
 10
17.7103892363202
 20
14.83545907312879
 30
0.0
 10
17.74218057809686
 20
14.86044981376357
 30
0.0
 10
17.78294292391715
 20
14.86044981376357
 30
0.0
  0
SPLINE
  5
D8
330
1F
100
AcDbEntity
  8
0
  6
K5LT_BASIC
 62
   150
420
    33023
370
    60
100
AcDbSpline
210
0.0
220
0.0
230
1.0
 70
    11
 71
     2
 72
    34
 73
    31
 74
     0
 42
0.0
 43
0.0
 40
0.0
 40
0.0
 40
0.0
 40
0.185336849744187
 40
0.185336849744187
 40
0.3750917108927371
 40
0.3750917108927371
 40
0.5235273740258157
 40
0.5235273740258157
 40
0.6691779820560814
 40
0.6691779820560814
 40
5.232308511999388
 40
5.232308511999388
 40
6.736705817856042
 40
6.736705817856042
 40
6.923089619260166
 40
6.923089619260166
 40
7.077307970848935
 40
7.077307970848935
 40
7.213630792378861
 40
7.213630792378861
 40
7.385171130563807
 40
7.385171130563807
 40
9.49405706791113
 40
9.49405706791113
 40
9.678557813082392
 40
9.678557813082392
 40
9.83024547811047
 40
9.83024547811047
 40
9.966381595358014
 40
9.966381595358014
 40
15.0
 40
15.0
 40
15.0
 10
18.38007444683135
 20
14.7736747164873
 30
0.0
 10
18.37106206063822
 20
14.75296280936388
 30
0.0
 10
18.35026746996149
 20
14.74089121244366
 30
0.0
 10
18.33017564911512
 20
14.73051458799362
 30
0.0
 10
18.30574306283807
 20
14.73051458799362
 30
0.0
 10
18.29573847400513
 20
14.73051458799362
 30
0.0
 10
18.27134722950473
 20
14.740849870667
 30
0.0
 10
18.25919290865837
 20
14.75122649511704
 30
0.0
 10
18.26890810505469
 20
14.77363337471064
 30
0.0
 10
18.49004187708491
 20
15.28235685580217
 30
0.0
 10
18.71117564911512
 20
15.7910803368937
 30
0.0
 10
18.55350053530825
 20
15.69843482845037
 30
0.0
 10
18.39582542150138
 20
15.60578932000705
 30
0.0
 10
18.37374923574822
 20
15.59289088755365
 30
0.0
 10
18.35291330329482
 20
15.59289088755365
 30
0.0
 10
18.32984491490185
 20
15.59289088755365
 30
0.0
 10
18.31903424216972
 20
15.60587200356037
 30
0.0
 10
18.30822352906477
 20
15.61885311956708
 30
0.0
 10
18.31611968728811
 20
15.63704321868714
 30
0.0
 10
18.31913759661137
 20
15.64398851604733
 30
0.0
 10
18.34543056283807
 20
15.66647811956708
 30
0.0
 10
18.56646100061305
 20
15.79635133267204
 30
0.0
 10
18.78749143838803
 20
15.92622454577699
 30
0.0
 10
18.80816200373479
 20
15.93833748447387
 30
0.0
 10
18.8301554655618
 20
15.93833748447387
 30
0.0
 10
18.8521903095383
 20
15.93833748447387
 30
0.0
 10
18.86417926327804
 20
15.92667930532024
 30
0.0
 10
18.87616817664494
 20
15.91502108579378
 30
0.0
 10
18.86789994243167
 20
15.8960454929172
 30
0.0
 10
18.62398719463151
 20
15.33486010470225
 30
0.0
 10
18.38007444683135
 20
14.7736747164873
 30
0.0
  0
SPLINE
  5
D9
330
1F
100
AcDbEntity
  8
0
  6
K5LT_BASIC
 62
   150
420
    33023
370
    60
100
AcDbSpline
210
0.0
220
0.0
230
1.0
 70
    11
 71
     2
 72
    60
 73
    57
 74
     0
 42
0.0
 43
0.0
 40
0.0
 40
0.0
 40
0.0
 40
1.293430382609112
 40
1.293430382609112
 40
2.697473569264513
 40
2.697473569264513
 40
4.087248268029942
 40
4.087248268029942
 40
4.281573202348635
 40
4.281573202348635
 40
4.445826521468586
 40
4.445826521468586
 40
4.631735004100878
 40
4.631735004100878
 40
4.895718738359377
 40
4.895718738359377
 40
6.283209840076339
 40
6.283209840076339
 40
7.215906842730756
 40
7.215906842730756
 40
8.076905724190798
 40
8.076905724190798
 40
9.015275612673609
 40
9.015275612673609
 40
9.661260137154228
 40
9.661260137154228
 40
10.40031108028444
 40
10.40031108028444
 40
11.7878021820014
 40
11.7878021820014
 40
12.15625785388504
 40
12.15625785388504
 40
15.00094547229135
 40
15.00094547229135
 40
15.45917655781564
 40
15.45917655781564
 40
18.2275149800115
 40
18.2275149800115
 40
18.40614332867757
 40
18.40614332867757
 40
18.56596855210925
 40
18.56596855210925
 40
18.77069817974985
 40
18.77069817974985
 40
19.01967732735321
 40
19.01967732735321
 40
21.50711242911947
 40
21.50711242911947
 40
23.86867060541354
 40
23.86867060541354
 40
24.97961857089051
 40
24.97961857089051
 40
26.08572630104899
 40
26.08572630104899
 40
27.05715982728572
 40
27.05715982728572
 40
28.0
 40
28.0
 40
28.0
 10
19.24910661316799
 20
14.98947552044702
 30
0.0
 10
19.20305256030819
 20
14.88355950356037
 30
0.0
 10
19.07293133691611
 20
14.80736777999026
 30
0.0
 10
18.9428100731512
 20
14.73117601604733
 30
0.0
 10
18.80721110472467
 20
14.73117601604733
 30
0.0
 10
18.66884229782123
 20
14.73117601604733
 30
0.0
 10
18.53047349091779
 20
14.73117601604733
 30
0.0
 10
18.50513134518142
 20
14.73117601604733
 30
0.0
 10
18.49504411316799
 20
14.74341302044702
 30
0.0
 10
18.48677587895472
 20
14.75738633909354
 30
0.0
 10
18.49434130296479
 20
14.77483228623375
 30
0.0
 10
18.4985167820345
 20
14.78442341692727
 30
0.0
 10
18.51968344870117
 20
14.80145598667372
 30
0.0
 10
18.54085011536783
 20
14.81848851604733
 30
0.0
 10
18.56834195274481
 20
14.81848851604733
 30
0.0
 10
18.70648340006304
 20
14.81848851604733
 30
0.0
 10
18.84462484738126
 20
14.81848851604733
 30
0.0
 10
18.93598876074816
 20
14.81848851604733
 30
0.0
 10
19.02142025028301
 20
14.86818060488027
 30
0.0
 10
19.10685173981787
 20
14.91787265334038
 30
0.0
 10
19.13814698027462
 20
14.9898889382136
 30
0.0
 10
19.17539535582458
 20
15.075568458222
 30
0.0
 10
19.21264373137454
 20
15.16124797823039
 30
0.0
 10
19.24356689584137
 20
15.23239608579378
 30
0.0
 10
19.20133691694969
 20
15.28208813425389
 30
0.0
 10
19.159106938058
 20
15.331780182714
 30
0.0
 10
19.06774302469109
 20
15.331780182714
 30
0.0
 10
18.92960157737286
 20
15.331780182714
 30
0.0
 10
18.79146013005464
 20
15.331780182714
 30
0.0
 10
18.73643507315121
 20
15.331780182714
 30
0.0
 10
18.75520395714449
 20
15.37498169335717
 30
0.0
 10
18.86810661316799
 20
15.63472811956708
 30
0.0
 10
18.98100926919149
 20
15.89447454577699
 30
0.0
 10
18.99977815318477
 20
15.93767601604733
 30
0.0
 10
19.05488589364153
 20
15.93767601604733
 30
0.0
 10
19.33050731985144
 20
15.93767601604733
 30
0.0
 10
19.60612874606135
 20
15.93767601604733
 30
0.0
 10
19.62597251624777
 20
15.93767601604733
 30
0.0
 10
19.63752734095976
 20
15.92370273777364
 30
0.0
 10
19.64908220604457
 20
15.90972941912711
 30
0.0
 10
19.64226089364153
 20
15.89401978623375
 30
0.0
 10
19.63543962161132
 20
15.87831015334038
 30
0.0
 10
19.61505844870116
 20
15.86433683469386
 30
0.0
 10
19.59467723541819
 20
15.85036351604733
 30
0.0
 10
19.56826024386151
 20
15.85036351604733
 30
0.0
 10
19.32060612583298
 20
15.85036351604733
 30
0.0
 10
19.07295200780444
 20
15.85036351604733
 30
0.0
 10
18.97923161316799
 20
15.63472809938067
 30
0.0
 10
18.88551121853153
 20
15.419092682714
 30
0.0
 10
18.99611946650971
 20
15.419092682714
 30
0.0
 10
19.1067277144879
 20
15.419092682714
 30
0.0
 10
19.24211997403114
 20
15.419092682714
 30
0.0
 10
19.30605406268606
 20
15.34333504779881
 30
0.0
 10
19.36998811096815
 20
15.26757741288363
 30
0.0
 10
19.32393409848118
 20
15.16166139599698
 30
0.0
 10
19.28652035582459
 20
15.075568458222
 30
0.0
 10
19.24910661316799
 20
14.98947552044702
 30
0.0
  0
SPLINE
  5
DA
330
1F
100
AcDbEntity
  8
0
  6
K5LT_BASIC
 62
   150
420
    33023
370
    60
100
AcDbSpline
210
0.0
220
0.0
230
1.0
 70
    11
 71
     2
 72
    24
 73
    21
 74
     0
 42
0.0
 43
0.0
 40
0.0
 40
0.0
 40
0.0
 40
1.959183226512962
 40
1.959183226512962
 40
2.633979552879866
 40
2.633979552879866
 40
3.411748871920282
 40
3.411748871920282
 40
3.986644399078485
 40
3.986644399078485
 40
4.963266257853941
 40
4.963266257853941
 40
5.86094650709709
 40
5.86094650709709
 40
6.840538120353571
 40
6.840538120353571
 40
7.515141570436284
 40
7.515141570436284
 40
8.275097873328324
 40
8.275097873328324
 40
10.0
 40
10.0
 40
10.0
 10
20.1398842779335
 20
15.33442601604733
 30
0.0
 10
20.21462907969338
 20
15.506405182714
 30
0.0
 10
20.28937388145325
 20
15.67838434938066
 30
0.0
 10
20.32037972947339
 20
15.74973920620018
 30
0.0
 10
20.27895591522655
 20
15.80005138131017
 30
0.0
 10
20.23753206060688
 20
15.85036351604733
 30
0.0
 10
20.14397707344989
 20
15.85036351604733
 30
0.0
 10
20.08895199636004
 20
15.85036351604733
 30
0.0
 10
20.03392691927019
 20
15.85036351604733
 30
0.0
 10
19.9414467779335
 20
15.85036351604733
 30
0.0
 10
19.85593264521816
 20
15.80048542959226
 30
0.0
 10
19.77041847212999
 20
15.75060734313718
 30
0.0
 10
19.73904054811992
 20
15.67838434938066
 30
0.0
 10
19.70166814723998
 20
15.59239476604733
 30
0.0
 10
19.66429574636004
 20
15.506405182714
 30
0.0
 10
19.6339927085431
 20
15.43674537911033
 30
0.0
 10
19.67837241944822
 20
15.38558569757883
 30
0.0
 10
19.72275213035333
 20
15.33442601604733
 30
0.0
 10
19.8096925543634
 20
15.33442601604733
 30
0.0
 10
19.97478841614845
 20
15.33442601604733
 30
0.0
 10
20.1398842779335
 20
15.33442601604733
 30
0.0
  0
SPLINE
  5
DB
330
1F
100
AcDbEntity
  8
0
  6
K5LT_BASIC
 62
   150
420
    33023
370
    60
100
AcDbSpline
210
0.0
220
0.0
230
1.0
 70
    11
 71
     2
 72
    58
 73
    55
 74
     0
 42
0.0
 43
0.0
 40
0.0
 40
0.0
 40
0.0
 40
2.673096819753678
 40
2.673096819753678
 40
5.946281251639229
 40
5.946281251639229
 40
6.103454339469238
 40
6.103454339469238
 40
6.323207015551224
 40
6.323207015551224
 40
6.53209699006854
 40
6.53209699006854
 40
6.713683438412323
 40
6.713683438412323
 40
6.964876298314571
 40
6.964876298314571
 40
7.6629502058756
 40
7.6629502058756
 40
8.010190084455674
 40
8.010190084455674
 40
8.13222351470593
 40
8.13222351470593
 40
8.372805571153421
 40
8.372805571153421
 40
9.746902270699877
 40
9.746902270699877
 40
10.80311628477136
 40
10.80311628477136
 40
11.71647154827822
 40
11.71647154827822
 40
13.7955406121763
 40
13.7955406121763
 40
15.20486275757316
 40
15.20486275757316
 40
16.43847393342483
 40
16.43847393342483
 40
17.62582801555375
 40
17.62582801555375
 40
19.24096875422952
 40
19.24096875422952
 40
21.03102463258798
 40
21.03102463258798
 40
21.72908899242359
 40
21.72908899242359
 40
23.13158682382646
 40
23.13158682382646
 40
23.71364795584869
 40
23.71364795584869
 40
24.00226700346239
 40
24.00226700346239
 40
24.18057706662768
 40
24.18057706662768
 40
24.36427704321333
 40
24.36427704321333
 40
27.0
 40
27.0
 40
27.0
 10
20.23434882454981
 20
15.29610279467707
 30
0.0
 10
20.1564620881367
 20
15.11697162176692
 30
0.0
 10
19.9731967779335
 20
14.9671512840339
 30
0.0
 10
19.77356040678323
 20
14.80521804797683
 30
0.0
 10
19.51319385392343
 20
14.73460734313718
 30
0.0
 10
19.50085353545493
 20
14.73289167959226
 30
0.0
 10
19.48851321698643
 20
14.73117601604733
 30
0.0
 10
19.47743378233319
 20
14.73117601604733
 30
0.0
 10
19.45651516632648
 20
14.7440331470969
 30
0.0
 10
19.44816424855988
 20
14.7577997164873
 30
0.0
 10
19.45597772322991
 20
14.77582448887356
 30
0.0
 10
19.46160012410985
 20
14.78868157955029
 30
0.0
 10
19.47274157142807
 20
14.79899619133534
 30
0.0
 10
19.48388297837347
 20
14.8093108031204
 30
0.0
 10
19.50864633923662
 20
14.81530527999026
 30
0.0
 10
19.55188919165645
 20
14.82559922088699
 30
0.0
 10
19.61406625480337
 20
14.8487915942371
 30
0.0
 10
19.6395944183483
 20
14.85908553513383
 30
0.0
 10
19.66512258189322
 20
14.86937947603055
 30
0.0
 10
19.67399025168163
 20
14.8732448715889
 30
0.0
 10
19.68285792147003
 20
14.87711026714725
 30
0.0
 10
19.69989047103007
 20
14.88568856468546
 30
0.0
 10
19.7169230205901
 20
14.89426686222368
 30
0.0
 10
19.80282994055653
 20
14.93635214489706
 30
0.0
 10
19.89989893835669
 20
15.01188240004062
 30
0.0
 10
19.96294417881344
 20
15.06512980092056
 30
0.0
 10
20.02030504609809
 20
15.12821638315397
 30
0.0
 10
20.07766587300993
 20
15.19130300576021
 30
0.0
 10
20.10193313255317
 20
15.24711351604733
 30
0.0
 10
19.93712664301832
 20
15.24711351604733
 30
0.0
 10
19.77232015348346
 20
15.24711351604733
 30
0.0
 10
19.63295916412663
 20
15.24711351604733
 30
0.0
 10
19.56935580968499
 20
15.32220972290881
 30
0.0
 10
19.50575245524334
 20
15.39730592977028
 30
0.0
 10
19.55300537925341
 20
15.50607448887356
 30
0.0
 10
19.59052247635165
 20
15.59239478623375
 30
0.0
 10
19.62803957344989
 20
15.67871508359394
 30
0.0
 10
19.67310142366988
 20
15.78231600136052
 30
0.0
 10
19.8031606747698
 20
15.85999602889034
 30
0.0
 10
19.93321988549689
 20
15.93767601604733
 30
0.0
 10
20.07266359877987
 20
15.93767601604733
 30
0.0
 10
20.12799871900825
 20
15.93767601604733
 30
0.0
 10
20.18333383923662
 20
15.93767601604733
 30
0.0
 10
20.31951155216356
 20
15.93767601604733
 30
0.0
 10
20.38503729921984
 20
15.86189771024382
 30
0.0
 10
20.41806885392343
 20
15.82572422088699
 30
0.0
 10
20.42220299121648
 20
15.77921540848394
 30
0.0
 10
20.42057001122487
 20
15.75639511112375
 30
0.0
 10
20.41893703123327
 20
15.73357481376356
 30
0.0
 10
20.41573308391504
 20
15.71980820400033
 30
0.0
 10
20.41252913659681
 20
15.7060415942371
 30
0.0
 10
20.40672071790833
 20
15.69268840224046
 30
0.0
 10
20.40091229921984
 20
15.67933521024382
 30
0.0
 10
20.31763056188483
 20
15.48771900246044
 30
0.0
 10
20.23434882454981
 20
15.29610279467707
 30
0.0
  0
SPLINE
  5
DC
330
1F
100
AcDbEntity
  8
0
  6
K5LT_BASIC
 62
   150
420
    33023
370
    60
100
AcDbSpline
210
0.0
220
0.0
230
1.0
 70
    11
 71
     2
 72
    56
 73
    53
 74
     0
 42
0.0
 43
0.0
 40
0.0
 40
0.0
 40
0.0
 40
1.24287355283503
 40
1.24287355283503
 40
4.24296900217683
 40
4.24296900217683
 40
4.412089475233933
 40
4.412089475233933
 40
4.585414369065145
 40
4.585414369065145
 40
4.721034296040323
 40
4.721034296040323
 40
4.854109519758435
 40
4.854109519758435
 40
8.035111502870274
 40
8.035111502870274
 40
8.378368059664965
 40
8.378368059664965
 40
11.07835542525671
 40
11.07835542525671
 40
11.63540580063954
 40
11.63540580063954
 40
12.12761185208861
 40
12.12761185208861
 40
14.77842000126092
 40
14.77842000126092
 40
14.94766455547021
 40
14.94766455547021
 40
15.12098944930144
 40
15.12098944930144
 40
15.25660937627663
 40
15.25660937627663
 40
15.38961203381872
 40
15.38961203381872
 40
18.03666621787466
 40
18.03666621787466
 40
18.28120550482313
 40
18.28120550482313
 40
18.56021051796896
 40
18.56021051796896
 40
19.38874114991081
 40
19.38874114991081
 40
22.38883659925261
 40
22.38883659925261
 40
22.5579570723097
 40
22.5579570723097
 40
22.73128196614091
 40
22.73128196614091
 40
22.8669018931161
 40
22.8669018931161
 40
22.9999045506582
 40
22.9999045506582
 40
26.0
 40
26.0
 40
26.0
 10
20.84698318786802
 20
15.506405182714
 30
0.0
 10
20.68161860453468
 20
15.506405182714
 30
0.0
 10
20.51625402120135
 20
15.506405182714
 30
0.0
 10
20.35713194521142
 20
15.14032934203726
 30
0.0
 10
20.19800986922149
 20
14.77425350136052
 30
0.0
 10
20.18903886517785
 20
14.75358293601376
 30
0.0
 10
20.16824427450111
 20
14.74151133909354
 30
0.0
 10
20.14815245365475
 20
14.73117601604733
 30
0.0
 10
20.12371982700487
 20
14.73117601604733
 30
0.0
 10
20.11371527854476
 20
14.73117601604733
 30
0.0
 10
20.08932399367153
 20
14.74151133909354
 30
0.0
 10
20.077169713198
 20
14.75188796354358
 30
0.0
 10
20.08688486922149
 20
14.77429484313718
 30
0.0
 10
20.25559809609136
 20
15.16244686956708
 30
0.0
 10
20.42431132296122
 20
15.55059889599698
 30
0.0
 10
20.44308020695451
 20
15.593717682714
 30
0.0
 10
20.4983533145179
 20
15.593717682714
 30
0.0
 10
20.85758719208968
 20
15.593717682714
 30
0.0
 10
21.21682106966146
 20
15.593717682714
 30
0.0
 10
21.30859844116778
 20
15.593717682714
 30
0.0
 10
21.35169655699647
 20
15.54412898869553
 30
0.0
 10
21.394794713198
 20
15.49454029467707
 30
0.0
 10
21.36292068786802
 20
15.4212011133236
 30
0.0
 10
21.22231944521142
 20
15.09774797823039
 30
0.0
 10
21.08171820255482
 20
14.77429484313718
 30
0.0
 10
21.07274719851119
 20
14.75358293601376
 30
0.0
 10
21.05195260783445
 20
14.74151133909354
 30
0.0
 10
21.03186078698808
 20
14.73117601604733
 30
0.0
 10
21.0074281603382
 20
14.73117601604733
 30
0.0
 10
20.99742361187809
 20
14.73117601604733
 30
0.0
 10
20.97303232700487
 20
14.74151133909354
 30
0.0
 10
20.96083670475467
 20
14.75184662176692
 30
0.0
 10
20.97059320255483
 20
14.77425350136052
 30
0.0
 10
21.11098773632813
 20
15.09725187691048
 30
0.0
 10
21.25138227010143
 20
15.42025025246044
 30
0.0
 10
21.26713324477145
 20
15.45646508359394
 30
0.0
 10
21.24600791988145
 20
15.48143515334038
 30
0.0
 10
21.22488259499144
 20
15.506405182714
 30
0.0
 10
21.17858053184452
 20
15.506405182714
 30
0.0
 10
21.06834435985627
 20
15.506405182714
 30
0.0
 10
20.95810818786802
 20
15.506405182714
 30
0.0
 10
20.79898611187809
 20
15.14032934203726
 30
0.0
 10
20.63986403588816
 20
14.77425350136052
 30
0.0
 10
20.63089303184452
 20
14.75358293601376
 30
0.0
 10
20.61009844116778
 20
14.74151133909354
 30
0.0
 10
20.59000662032141
 20
14.73117601604733
 30
0.0
 10
20.56557399367153
 20
14.73117601604733
 30
0.0
 10
20.55556944521143
 20
14.73117601604733
 30
0.0
 10
20.5311781603382
 20
14.74151133909354
 30
0.0
 10
20.518982538088
 20
14.75184662176692
 30
0.0
 10
20.52873903588816
 20
14.77425350136052
 30
0.0
 10
20.68786111187809
 20
15.14032934203726
 30
0.0
 10
20.84698318786802
 20
15.506405182714
 30
0.0
  0
SPLINE
  5
DD
330
1F
100
AcDbEntity
  8
0
  6
K5LT_BASIC
 62
   150
420
    33023
370
    60
100
AcDbSpline
210
0.0
220
0.0
230
1.0
 70
    11
 71
     2
 72
    38
 73
    35
 74
     0
 42
0.0
 43
0.0
 40
0.0
 40
0.0
 40
0.0
 40
1.624391852300899
 40
1.624391852300899
 40
1.776266683484312
 40
1.776266683484312
 40
1.93440104369902
 40
1.93440104369902
 40
2.085531304433554
 40
2.085531304433554
 40
2.220878992584416
 40
2.220878992584416
 40
2.279039510422062
 40
2.279039510422062
 40
8.056487339880643
 40
8.056487339880643
 40
8.395582585891498
 40
8.395582585891498
 40
8.649985509063955
 40
8.649985509063955
 40
13.21941016500733
 40
13.21941016500733
 40
13.27423043777701
 40
13.27423043777701
 40
13.45301703147383
 40
13.45301703147383
 40
13.63831339641253
 40
13.63831339641253
 40
13.75953238843003
 40
13.75953238843003
 40
13.87276820671016
 40
13.87276820671016
 40
15.15876179341523
 40
15.15876179341523
 40
17.0
 40
17.0
 40
17.0
 10
21.47102770733707
 20
15.0767053368937
 30
0.0
 10
21.34905065245546
 20
14.92031177779042
 30
0.0
 10
21.22707359757384
 20
14.76391821868714
 30
0.0
 10
21.217399783327
 20
14.74928347198691
 30
0.0
 10
21.19877559555202
 20
14.74066383267204
 30
0.0
 10
21.18015140777704
 20
14.73204419335717
 30
0.0
 10
21.16142386556042
 20
14.73204419335717
 30
0.0
 10
21.13938906195674
 20
14.73204419335717
 30
0.0
 10
21.12735876644035
 20
14.7436817419953
 30
0.0
 10
21.11532851129679
 20
14.7553192502606
 30
0.0
 10
21.1235554037334
 20
14.77425350136052
 30
0.0
 10
21.12729677396178
 20
14.78028932000705
 30
0.0
 10
21.13103814419016
 20
14.78632513865357
 30
0.0
 10
21.56545089199031
 20
15.34211550576021
 30
0.0
 10
21.99986363979047
 20
15.89790587286684
 30
0.0
 10
22.02996000909695
 20
15.93668385378035
 30
0.0
 10
22.06964750909695
 20
15.93668385378035
 30
0.0
 10
22.10929366732029
 20
15.93668385378035
 30
0.0
 10
22.10565563134714
 20
15.89790587286684
 30
0.0
 10
22.0569350944521
 20
15.34211550576021
 30
0.0
 10
22.00821455755706
 20
14.78632513865357
 30
0.0
 10
22.00649891419854
 20
14.77985525153855
 30
0.0
 10
22.00478327084004
 20
14.77338536442352
 30
0.0
 10
21.99804464199031
 20
14.75788240004062
 30
0.0
 10
21.97406677488368
 20
14.74324765334038
 30
0.0
 10
21.9515358699601
 20
14.73204419335717
 30
0.0
 10
21.93061725395339
 20
14.73204419335717
 30
0.0
 10
21.91296455755706
 20
14.73204419335717
 30
0.0
 10
21.90238122422372
 20
14.73936156670728
 30
0.0
 10
21.89179789089039
 20
14.74667898043023
 30
0.0
 10
21.89266606820023
 20
14.76391821868714
 30
0.0
 10
21.90666003754867
 20
14.92031177779042
 30
0.0
 10
21.92065400689711
 20
15.0767053368937
 30
0.0
 10
21.69584085711709
 20
15.0767053368937
 30
0.0
 10
21.47102770733707
 20
15.0767053368937
 30
0.0
  0
LWPOLYLINE
  5
DE
330
1F
100
AcDbEntity
  8
0
  6
K5LT_BASIC
 62
   150
420
    33023
370
    60
100
AcDbPolyline
 90
        3
 70
     1
 43
0.0
 10
21.92834345623715
 20
15.16290160892391
 10
21.98014393530686
 20
15.7307636133236
 10
21.53824842686354
 20
15.16290160892391
  0
INSERT
  5
E0
330
1F
100
AcDbEntity
  8
0
100
AcDbBlockReference
  2
U0
 10
0.0
 20
0.0
 30
0.0
  0
INSERT
  5
ED
330
1F
100
AcDbEntity
  8
0
100
AcDbBlockReference
  2
U1
 10
0.0
 20
0.0
 30
0.0
  0
INSERT
  5
F7
330
1F
100
AcDbEntity
  8
0
100
AcDbBlockReference
  2
U2
 10
0.0
 20
0.0
 30
0.0
  0
ENDSEC
  0
SECTION
  2
OBJECTS
  0
DICTIONARY
  5
C
330
0
100
AcDbDictionary
281
     1
  3
ACAD_DETAILVIEWSTYLE
350
107
  3
ACAD_GROUP
350
D
  3
ACAD_LAYOUT
350
1A
  3
ACAD_MATERIAL
350
43
  3
ACAD_MLEADERSTYLE
350
5B
  3
ACAD_MLINESTYLE
350
17
  3
ACAD_PLOTSETTINGS
350
19
  3
ACAD_PLOTSTYLENAME
350
E
  3
ACAD_SCALELIST
350
47
  3
ACAD_SECTIONVIEWSTYLE
350
108
  3
ACAD_TABLESTYLE
350
59
  3
ACAD_VISUALSTYLE
350
2A
  3
ACDB_RECOMPOSE_DATA
350
104
  3
AcDbVariableDictionary
350
100
  0
SUN
  5
5D
330
29
100
AcDbSun
 90
        1
290
     0
 63
     7
421
 16777215
 40
1.0
291
     1
 91
  2455826
 92
 54000000
292
     0
 70
     2
 71
   256
280
     1
  0
DICTIONARY
  5
107
102
{ACAD_REACTORS
330
C
102
}
330
C
100
AcDbDictionary
281
     1
  0
DICTIONARY
  5
D
102
{ACAD_REACTORS
330
C
102
}
330
C
100
AcDbDictionary
281
     1
  0
DICTIONARY
  5
1A
102
{ACAD_REACTORS
330
C
102
}
330
C
100
AcDbDictionary
281
     1
  3
Layout1
350
1E
  3
Layout2
350
26
  3
Model
350
22
  0
DICTIONARY
  5
43
102
{ACAD_REACTORS
330
C
102
}
330
C
100
AcDbDictionary
281
     1
  3
ByBlock
350
45
  3
ByLayer
350
44
  3
Global
350
46
  0
DICTIONARY
  5
5B
102
{ACAD_REACTORS
330
C
102
}
330
C
100
AcDbDictionary
281
     1
  3
Standard
350
5C
  0
DICTIONARY
  5
17
102
{ACAD_REACTORS
330
C
102
}
330
C
100
AcDbDictionary
281
     1
  3
Standard
350
18
  0
DICTIONARY
  5
19
102
{ACAD_REACTORS
330
C
102
}
330
C
100
AcDbDictionary
281
     1
  0
ACDBDICTIONARYWDFLT
  5
E
102
{ACAD_REACTORS
330
C
102
}
330
C
100
AcDbDictionary
281
     1
  3
Normal
350
F
100
AcDbDictionaryWithDefault
340
F
  0
DICTIONARY
  5
47
102
{ACAD_REACTORS
330
C
102
}
330
C
100
AcDbDictionary
281
     1
  3
A0
350
48
  3
A1
350
49
  3
A2
350
4A
  3
A3
350
4B
  3
A4
350
4C
  3
A5
350
4D
  3
A6
350
4E
  3
A7
350
4F
  3
A8
350
50
  3
A9
350
51
  3
B0
350
52
  3
B1
350
53
  3
B2
350
54
  3
B3
350
55
  3
B4
350
56
  3
B5
350
57
  3
B6
350
58
  0
DICTIONARY
  5
108
102
{ACAD_REACTORS
330
C
102
}
330
C
100
AcDbDictionary
281
     1
  0
DICTIONARY
  5
59
102
{ACAD_REACTORS
330
C
102
}
330
C
100
AcDbDictionary
281
     1
  3
Standard
350
5A
  0
DICTIONARY
  5
2A
102
{ACAD_REACTORS
330
C
102
}
330
C
100
AcDbDictionary
281
     1
  3
2dWireframe
350
2F
  3
Basic
350
32
  3
Brighten
350
36
  3
ColorChange
350
3A
  3
Conceptual
350
34
  3
Dim
350
35
  3
EdgeColorOff
350
3D
  3
Facepattern
350
39
  3
Flat
350
2B
  3
FlatWithEdges
350
2C
  3
Gouraud
350
2D
  3
GouraudWithEdges
350
2E
  3
Hidden
350
31
  3
JitterOff
350
3B
  3
Linepattern
350
38
  3
OverhangOff
350
3C
  3
Realistic
350
33
  3
Shaded
350
42
  3
Shaded with edges
350
41
  3
Shades of Gray
350
3E
  3
Sketchy
350
3F
  3
Thicken
350
37
  3
Wireframe
350
30
  3
X-Ray
350
40
  0
XRECORD
  5
104
102
{ACAD_REACTORS
330
C
102
}
330
C
100
AcDbXrecord
280
     1
 90
        1
330
5A
  0
DICTIONARY
  5
100
102
{ACAD_REACTORS
330
C
102
}
330
C
100
AcDbDictionary
281
     1
  3
CANNOSCALE
350
101
  3
CENTEREXE
350
10A
  3
CENTERLTYPEFILE
350
10B
  3
CMLEADERSTYLE
350
106
  3
CTABLESTYLE
350
105
  3
WIPEOUTFRAME
350
109
  0
LAYOUT
  5
1E
102
{ACAD_REACTORS
330
1A
102
}
330
1A
100
AcDbPlotSettings
  1

  2
none_device
  4

  6

 40
0.0
 41
0.0
 42
0.0
 43
0.0
 44
0.0
 45
0.0
 46
0.0
 47
0.0
 48
0.0
 49
0.0
140
0.0
141
0.0
142
1.0
143
1.0
 70
   688
 72
     1
 73
     0
 74
     5
  7

 75
    16
 76
     0
 77
     2
 78
   300
147
1.0
148
0.0
149
0.0
100
AcDbLayout
  1
Layout1
 70
     1
 71
     1
 10
0.0
 20
0.0
 11
420.0
 21
297.0
 12
0.0
 22
0.0
 32
0.0
 14
1.000000000000000E+20
 24
1.000000000000000E+20
 34
1.000000000000000E+20
 15
-1.000000000000000E+20
 25
-1.000000000000000E+20
 35
-1.000000000000000E+20
146
0.0
 13
0.0
 23
0.0
 33
0.0
 16
1.0
 26
0.0
 36
0.0
 17
0.0
 27
1.0
 37
0.0
 76
     0
330
1B
  0
LAYOUT
  5
26
102
{ACAD_REACTORS
330
1A
102
}
330
1A
100
AcDbPlotSettings
  1

  2
none_device
  4

  6

 40
0.0
 41
0.0
 42
0.0
 43
0.0
 44
0.0
 45
0.0
 46
0.0
 47
0.0
 48
0.0
 49
0.0
140
0.0
141
0.0
142
1.0
143
1.0
 70
   688
 72
     1
 73
     0
 74
     5
  7

 75
    16
 76
     0
 77
     2
 78
   300
147
1.0
148
0.0
149
0.0
100
AcDbLayout
  1
Layout2
 70
     1
 71
     2
 10
0.0
 20
0.0
 11
0.0
 21
0.0
 12
0.0
 22
0.0
 32
0.0
 14
0.0
 24
0.0
 34
0.0
 15
0.0
 25
0.0
 35
0.0
146
0.0
 13
0.0
 23
0.0
 33
0.0
 16
1.0
 26
0.0
 36
0.0
 17
0.0
 27
1.0
 37
0.0
 76
     0
330
23
  0
LAYOUT
  5
22
102
{ACAD_REACTORS
330
1A
102
}
330
1A
100
AcDbPlotSettings
  1

  2
none_device
  4
Letter_(8.50_x_11.00_Inches)
  6

 40
6.35
 41
6.35
 42
6.35000508
 43
6.35000508
 44
215.9
 45
279.4
 46
0.0
 47
0.0
 48
0.0
 49
0.0
140
0.0
141
0.0
142
1.0
143
1.0
 70
  1712
 72
     1
 73
     0
 74
     0
  7

 75
     0
 76
     0
 77
     2
 78
   300
147
1.0
148
0.0
149
0.0
100
AcDbLayout
  1
Model
 70
     1
 71
     0
 10
0.0
 20
0.0
 11
420.0
 21
297.0
 12
0.0
 22
0.0
 32
0.0
 14
0.0
 24
0.0
 34
0.0
 15
51.63496315550851
 25
31.82364249823634
 35
0.0
146
0.0
 13
0.0
 23
0.0
 33
0.0
 16
1.0
 26
0.0
 36
0.0
 17
0.0
 27
1.0
 37
0.0
 76
     0
330
1F
331
29
  0
MATERIAL
  5
45
102
{ACAD_REACTORS
330
43
102
}
330
43
100
AcDbMaterial
  1
ByBlock
 72
     1
 94
      127
  0
MATERIAL
  5
44
102
{ACAD_REACTORS
330
43
102
}
330
43
100
AcDbMaterial
  1
ByLayer
 72
     1
 94
      127
  0
MATERIAL
  5
46
102
{ACAD_REACTORS
330
43
102
}
330
43
100
AcDbMaterial
  1
Global
 72
     1
 94
      127
  0
MLEADERSTYLE
  5
5C
102
{ACAD_REACTORS
330
5B
102
}
330
5B
100
AcDbMLeaderStyle
179
     2
170
     2
171
     1
172
     0
 90
        2
 40
0.0
 41
0.0
173
     1
 91
-1056964608
340
14
 92
       -2
290
     1
 42
2.0
291
     1
 43
8.0
  3
Standard
341
0
 44
4.0
300

342
11
174
     1
178
     6
175
     1
176
     0
 93
-1056964608
 45
4.0
292
     0
297
     0
 46
4.0
343
0
 94
-1056964608
 47
1.0
 49
1.0
140
1.0
293
     1
141
0.0
294
     1
177
     0
142
1.0
295
     0
296
     0
143
3.75
271
     0
272
     9
273
     9
298
     0
  0
MLINESTYLE
  5
18
102
{ACAD_REACTORS
330
17
102
}
330
17
100
AcDbMlineStyle
  2
Standard
 70
     0
  3

 62
   256
 51
90.0
 52
90.0
 71
     2
 49
0.5
 62
   256
  6
BYLAYER
 49
-0.5
 62
   256
  6
BYLAYER
  0
ACDBPLACEHOLDER
  5
F
102
{ACAD_REACTORS
330
E
102
}
330
E
  0
SCALE
  5
48
102
{ACAD_REACTORS
330
47
102
}
330
47
100
AcDbScale
 70
     0
300
1:1
140
1.0
141
1.0
290
     1
  0
SCALE
  5
49
102
{ACAD_REACTORS
330
47
102
}
330
47
100
AcDbScale
 70
     0
300
1:2
140
1.0
141
2.0
290
     0
  0
SCALE
  5
4A
102
{ACAD_REACTORS
330
47
102
}
330
47
100
AcDbScale
 70
     0
300
1:4
140
1.0
141
4.0
290
     0
  0
SCALE
  5
4B
102
{ACAD_REACTORS
330
47
102
}
330
47
100
AcDbScale
 70
     0
300
1:5
140
1.0
141
5.0
290
     0
  0
SCALE
  5
4C
102
{ACAD_REACTORS
330
47
102
}
330
47
100
AcDbScale
 70
     0
300
1:8
140
1.0
141
8.0
290
     0
  0
SCALE
  5
4D
102
{ACAD_REACTORS
330
47
102
}
330
47
100
AcDbScale
 70
     0
300
1:10
140
1.0
141
10.0
290
     0
  0
SCALE
  5
4E
102
{ACAD_REACTORS
330
47
102
}
330
47
100
AcDbScale
 70
     0
300
1:16
140
1.0
141
16.0
290
     0
  0
SCALE
  5
4F
102
{ACAD_REACTORS
330
47
102
}
330
47
100
AcDbScale
 70
     0
300
1:20
140
1.0
141
20.0
290
     0
  0
SCALE
  5
50
102
{ACAD_REACTORS
330
47
102
}
330
47
100
AcDbScale
 70
     0
300
1:30
140
1.0
141
30.0
290
     0
  0
SCALE
  5
51
102
{ACAD_REACTORS
330
47
102
}
330
47
100
AcDbScale
 70
     0
300
1:40
140
1.0
141
40.0
290
     0
  0
SCALE
  5
52
102
{ACAD_REACTORS
330
47
102
}
330
47
100
AcDbScale
 70
     0
300
1:50
140
1.0
141
50.0
290
     0
  0
SCALE
  5
53
102
{ACAD_REACTORS
330
47
102
}
330
47
100
AcDbScale
 70
     0
300
1:100
140
1.0
141
100.0
290
     0
  0
SCALE
  5
54
102
{ACAD_REACTORS
330
47
102
}
330
47
100
AcDbScale
 70
     0
300
2:1
140
2.0
141
1.0
290
     0
  0
SCALE
  5
55
102
{ACAD_REACTORS
330
47
102
}
330
47
100
AcDbScale
 70
     0
300
4:1
140
4.0
141
1.0
290
     0
  0
SCALE
  5
56
102
{ACAD_REACTORS
330
47
102
}
330
47
100
AcDbScale
 70
     0
300
8:1
140
8.0
141
1.0
290
     0
  0
SCALE
  5
57
102
{ACAD_REACTORS
330
47
102
}
330
47
100
AcDbScale
 70
     0
300
10:1
140
10.0
141
1.0
290
     0
  0
SCALE
  5
58
102
{ACAD_REACTORS
330
47
102
}
330
47
100
AcDbScale
 70
     0
300
100:1
140
100.0
141
1.0
290
     0
  0
TABLESTYLE
  5
5A
102
{ACAD_REACTORS
330
59
102
}
102
{ACAD_XDICTIONARY
360
102
102
}
330
59
100
AcDbTableStyle
  3
Standard
 70
     0
 71
     0
 40
0.06
 41
0.06
280
     0
281
     0
  7
Standard
140
4.5
170
     2
 62
     0
 63
   257
283
     0
 90
        4
 91
        0
  1

274
    -2
284
     1
 64
     0
275
    -2
285
     1
 65
     0
276
    -2
286
     1
 66
     0
277
    -2
287
     1
 67
     0
278
    -2
288
     1
 68
     0
279
    -2
289
     1
 69
     0
  7
Standard
140
6.0
170
     5
 62
     0
 63
   257
283
     0
 90
        4
 91
        0
  1

274
    -2
284
     1
 64
     0
275
    -2
285
     1
 65
     0
276
    -2
286
     1
 66
     0
277
    -2
287
     1
 67
     0
278
    -2
288
     1
 68
     0
279
    -2
289
     1
 69
     0
  7
Standard
140
4.5
170
     5
 62
     0
 63
   257
283
     0
 90
        4
 91
        0
  1

274
    -2
284
     1
 64
     0
275
    -2
285
     1
 65
     0
276
    -2
286
     1
 66
     0
277
    -2
287
     1
 67
     0
278
    -2
288
     1
 68
     0
279
    -2
289
     1
 69
     0
  0
VISUALSTYLE
  5
2F
102
{ACAD_REACTORS
330
2A
102
}
330
2A
100
AcDbVisualStyle
  2
2dWireframe
 70
     4
177
     3
291
     0
 70
    58
 90
        0
176
     1
 90
        2
176
     1
 90
        0
176
     1
 90
        0
176
     1
 40
0.6
176
     1
 40
30.0
176
     1
 62
     7
420
 16777215
176
     1
 90
        1
176
     1
 90
        4
176
     1
 62
     7
176
     1
 62
   257
176
     1
 90
        1
176
     1
 90
        1
176
     1
 40
1.0
176
     1
 90
        0
176
     1
 62
   257
176
     1
 40
1.0
176
     1
 90
        1
176
     1
 90
        6
176
     1
 90
        2
176
     1
 62
     7
176
     1
 90
        5
176
     1
 90
        0
176
     1
 90
        0
176
     1
290
     0
176
     1
 90
        1
176
     1
 40
0.0
176
     1
 90
        0
176
     1
290
     1
176
     1
290
     1
176
     1
290
     0
176
     1
290
     0
176
     1
290
     0
176
     1
290
     0
176
     1
290
     0
176
     1
290
     0
176
     1
290
     0
176
     1
 90
       50
176
     1
 40
0.0
176
     1
 40
1.0
176
     1
 90
        0
176
     1
 62
    18
420
        0
176
     1
 90
       50
176
     1
 90
        3
176
     1
 62
     5
420
      255
176
     1
290
     0
176
     1
 90
       50
176
     1
 90
       50
176
     1
 90
       50
176
     1
290
     0
176
     1
 90
       50
176
     1
 62
   256
176
     0
 40
1.0
176
     0
 90
        2
176
     1
  1
strokes_ogs.tif
176
     1
290
     0
176
     1
 40
1.0
176
     1
 40
1.0
176
     1
  0
VISUALSTYLE
  5
32
102
{ACAD_REACTORS
330
2A
102
}
330
2A
100
AcDbVisualStyle
  2
Basic
 70
     7
177
     3
291
     1
 70
    58
 90
        1
176
     1
 90
        0
176
     1
 90
        1
176
     1
 90
        0
176
     1
 40
0.6
176
     1
 40
30.0
176
     1
 62
     7
420
 16777215
176
     1
 90
        0
176
     1
 90
        4
176
     1
 62
     7
176
     1
 62
   257
176
     1
 90
        1
176
     1
 90
        1
176
     1
 40
1.0
176
     1
 90
        8
176
     1
 62
     7
176
     1
 40
1.0
176
     1
 90
        1
176
     1
 90
        6
176
     1
 90
        2
176
     1
 62
     7
176
     1
 90
        5
176
     1
 90
        0
176
     1
 90
        0
176
     1
290
     0
176
     1
 90
        1
176
     1
 40
0.0
176
     1
 90
        0
176
     1
290
     0
176
     1
290
     1
176
     1
290
     1
176
     1
290
     0
176
     1
290
     0
176
     1
290
     0
176
     1
290
     0
176
     1
290
     0
176
     1
290
     0
176
     1
 90
       50
176
     1
 40
0.0
176
     1
 40
1.0
176
     1
 90
        0
176
     1
 62
    18
420
        0
176
     1
 90
       50
176
     1
 90
        3
176
     1
 62
     5
420
      255
176
     1
290
     0
176
     1
 90
       50
176
     1
 90
       50
176
     1
 90
       50
176
     1
290
     0
176
     1
 90
       50
176
     1
 62
   256
176
     0
 40
1.0
176
     0
 90
        2
176
     1
  1
strokes_ogs.tif
176
     1
290
     0
176
     1
 40
1.0
176
     1
 40
1.0
176
     1
  0
VISUALSTYLE
  5
36
102
{ACAD_REACTORS
330
2A
102
}
330
2A
100
AcDbVisualStyle
  2
Brighten
 70
    12
177
     3
291
     1
 70
    58
 90
        2
176
     1
 90
        2
176
     1
 90
        0
176
     1
 90
        0
176
     1
 40
0.6
176
     1
 40
30.0
176
     1
 62
     7
420
 16777215
176
     1
 90
        1
176
     1
 90
        4
176
     1
 62
     7
176
     1
 62
   257
176
     1
 90
        1
176
     1
 90
        1
176
     1
 40
1.0
176
     1
 90
        8
176
     1
 62
     7
176
     1
 40
1.0
176
     1
 90
        1
176
     1
 90
        6
176
     1
 90
        2
176
     1
 62
     7
176
     1
 90
        5
176
     1
 90
        0
176
     1
 90
        0
176
     1
290
     0
176
     1
 90
        1
176
     1
 40
50.0
176
     1
 90
        0
176
     1
290
     0
176
     1
290
     1
176
     1
290
     1
176
     1
290
     0
176
     1
290
     0
176
     1
290
     0
176
     1
290
     0
176
     1
290
     0
176
     1
290
     0
176
     1
 90
       50
176
     1
 40
0.0
176
     1
 40
1.0
176
     1
 90
        0
176
     1
 62
    18
420
        0
176
     1
 90
       50
176
     1
 90
        3
176
     1
 62
     5
420
      255
176
     1
290
     0
176
     1
 90
       50
176
     1
 90
       50
176
     1
 90
       50
176
     1
290
     0
176
     1
 90
       50
176
     1
 62
   256
176
     0
 40
1.0
176
     0
 90
        2
176
     1
  1
strokes_ogs.tif
176
     1
290
     0
176
     1
 40
1.0
176
     1
 40
1.0
176
     1
  0
VISUALSTYLE
  5
3A
102
{ACAD_REACTORS
330
2A
102
}
330
2A
100
AcDbVisualStyle
  2
ColorChange
 70
    16
177
     3
291
     1
 70
    58
 90
        2
176
     1
 90
        2
176
     1
 90
        3
176
     1
 90
        0
176
     1
 40
0.6
176
     1
 40
30.0
176
     1
 62
     8
420
  8421504
176
     1
 90
        1
176
     1
 90
        4
176
     1
 62
     7
176
     1
 62
   257
176
     1
 90
        1
176
     1
 90
        1
176
     1
 40
1.0
176
     1
 90
        8
176
     1
 62
     8
420
  8421504
176
     1
 40
1.0
176
     1
 90
        1
176
     1
 90
        6
176
     1
 90
        2
176
     1
 62
     7
176
     1
 90
        5
176
     1
 90
        0
176
     1
 90
        0
176
     1
290
     0
176
     1
 90
        1
176
     1
 40
0.0
176
     1
 90
        0
176
     1
290
     0
176
     1
290
     1
176
     1
290
     1
176
     1
290
     0
176
     1
290
     0
176
     1
290
     0
176
     1
290
     0
176
     1
290
     0
176
     1
290
     0
176
     1
 90
       50
176
     1
 40
0.0
176
     1
 40
1.0
176
     1
 90
        0
176
     1
 62
    18
420
        0
176
     1
 90
       50
176
     1
 90
        3
176
     1
 62
     5
420
      255
176
     1
290
     0
176
     1
 90
       50
176
     1
 90
       50
176
     1
 90
       50
176
     1
290
     0
176
     1
 90
       50
176
     1
 62
   256
176
     0
 40
1.0
176
     0
 90
        2
176
     1
  1
strokes_ogs.tif
176
     1
290
     0
176
     1
 40
1.0
176
     1
 40
1.0
176
     1
  0
VISUALSTYLE
  5
34
102
{ACAD_REACTORS
330
2A
102
}
330
2A
100
AcDbVisualStyle
  2
Conceptual
 70
     9
177
     3
291
     0
 70
    58
 90
        3
176
     1
 90
        2
176
     1
 90
        0
176
     1
 90
        0
176
     1
 40
0.6
176
     1
 40
30.0
176
     1
 62
     7
420
 16777215
176
     1
 90
        2
176
     1
 90
        2
176
     1
 62
     7
176
     1
 62
   257
176
     1
 90
        1
176
     1
 90
        1
176
     1
 40
179.0
176
     1
 90
        8
176
     1
 62
     7
176
     1
 40
1.0
176
     1
 90
        1
176
     1
 90
        6
176
     1
 90
        2
176
     1
 62
     7
176
     1
 90
        3
176
     1
 90
        0
176
     1
 90
        0
176
     1
290
     0
176
     1
 90
        1
176
     1
 40
0.0
176
     1
 90
        0
176
     1
290
     0
176
     1
290
     1
176
     1
290
     1
176
     1
290
     0
176
     1
290
     0
176
     1
290
     0
176
     1
290
     0
176
     1
290
     0
176
     1
290
     0
176
     1
 90
       50
176
     1
 40
0.0
176
     1
 40
1.0
176
     1
 90
        0
176
     1
 62
    18
420
        0
176
     1
 90
       50
176
     1
 90
        3
176
     1
 62
     5
420
      255
176
     1
290
     0
176
     1
 90
       50
176
     1
 90
       50
176
     1
 90
       50
176
     1
290
     0
176
     1
 90
       50
176
     1
 62
   256
176
     0
 40
1.0
176
     0
 90
        2
176
     1
  1
strokes_ogs.tif
176
     1
290
     0
176
     1
 40
1.0
176
     1
 40
1.0
176
     1
  0
VISUALSTYLE
  5
35
102
{ACAD_REACTORS
330
2A
102
}
330
2A
100
AcDbVisualStyle
  2
Dim
 70
    11
177
     3
291
     1
 70
    58
 90
        2
176
     1
 90
        2
176
     1
 90
        0
176
     1
 90
        0
176
     1
 40
0.6
176
     1
 40
30.0
176
     1
 62
     7
420
 16777215
176
     1
 90
        1
176
     1
 90
        4
176
     1
 62
     7
176
     1
 62
   257
176
     1
 90
        1
176
     1
 90
        1
176
     1
 40
1.0
176
     1
 90
        8
176
     1
 62
     7
176
     1
 40
1.0
176
     1
 90
        1
176
     1
 90
        6
176
     1
 90
        2
176
     1
 62
     7
176
     1
 90
        5
176
     1
 90
        0
176
     1
 90
        0
176
     1
290
     0
176
     1
 90
        1
176
     1
 40
-50.0
176
     1
 90
        0
176
     1
290
     0
176
     1
290
     1
176
     1
290
     1
176
     1
290
     0
176
     1
290
     0
176
     1
290
     0
176
     1
290
     0
176
     1
290
     0
176
     1
290
     0
176
     1
 90
       50
176
     1
 40
0.0
176
     1
 40
1.0
176
     1
 90
        0
176
     1
 62
    18
420
        0
176
     1
 90
       50
176
     1
 90
        3
176
     1
 62
     5
420
      255
176
     1
290
     0
176
     1
 90
       50
176
     1
 90
       50
176
     1
 90
       50
176
     1
290
     0
176
     1
 90
       50
176
     1
 62
   256
176
     0
 40
1.0
176
     0
 90
        2
176
     1
  1
strokes_ogs.tif
176
     1
290
     0
176
     1
 40
1.0
176
     1
 40
1.0
176
     1
  0
VISUALSTYLE
  5
3D
102
{ACAD_REACTORS
330
2A
102
}
330
2A
100
AcDbVisualStyle
  2
EdgeColorOff
 70
    22
177
     3
291
     1
 70
    58
 90
        2
176
     0
 90
        2
176
     0
 90
        0
176
     0
 90
        0
176
     0
 40
0.6
176
     0
 40
30.0
176
     0
 62
     7
420
 16777215
176
     0
 90
        1
176
     0
 90
        4
176
     0
 62
     7
176
     0
 62
   257
176
     0
 90
        1
176
     0
 90
        1
176
     0
 40
1.0
176
     0
 90
        8
176
     2
 62
     7
176
     0
 40
1.0
176
     0
 90
        1
176
     0
 90
        6
176
     0
 90
        2
176
     0
 62
     7
176
     0
 90
        5
176
     0
 90
        0
176
     0
 90
        0
176
     0
290
     0
176
     0
 90
        1
176
     0
 40
0.0
176
     0
 90
        0
176
     0
290
     0
176
     0
290
     1
176
     0
290
     1
176
     0
290
     0
176
     0
290
     0
176
     0
290
     0
176
     0
290
     0
176
     0
290
     0
176
     0
290
     0
176
     0
 90
       50
176
     0
 40
0.0
176
     0
 40
1.0
176
     0
 90
        0
176
     0
 62
    18
420
        0
176
     0
 90
       50
176
     0
 90
        3
176
     0
 62
     5
420
      255
176
     0
290
     0
176
     0
 90
       50
176
     0
 90
       50
176
     0
 90
       50
176
     0
290
     0
176
     0
 90
       50
176
     0
 62
   256
176
     0
 40
1.0
176
     0
 90
        2
176
     0
  1
strokes_ogs.tif
176
     0
290
     0
176
     0
 40
1.0
176
     0
 40
1.0
176
     0
  0
VISUALSTYLE
  5
39
102
{ACAD_REACTORS
330
2A
102
}
330
2A
100
AcDbVisualStyle
  2
Facepattern
 70
    15
177
     3
291
     1
 70
    58
 90
        2
176
     1
 90
        2
176
     1
 90
        0
176
     1
 90
        0
176
     1
 40
0.6
176
     1
 40
30.0
176
     1
 62
     7
420
 16777215
176
     1
 90
        1
176
     1
 90
        4
176
     1
 62
     7
176
     1
 62
   257
176
     1
 90
        1
176
     1
 90
        1
176
     1
 40
1.0
176
     1
 90
        8
176
     1
 62
     7
176
     1
 40
1.0
176
     1
 90
        1
176
     1
 90
        6
176
     1
 90
        2
176
     1
 62
     7
176
     1
 90
        5
176
     1
 90
        0
176
     1
 90
        0
176
     1
290
     0
176
     1
 90
        1
176
     1
 40
0.0
176
     1
 90
        0
176
     1
290
     0
176
     1
290
     1
176
     1
290
     1
176
     1
290
     0
176
     1
290
     0
176
     1
290
     0
176
     1
290
     0
176
     1
290
     0
176
     1
290
     0
176
     1
 90
       50
176
     1
 40
0.0
176
     1
 40
1.0
176
     1
 90
        0
176
     1
 62
    18
420
        0
176
     1
 90
       50
176
     1
 90
        3
176
     1
 62
     5
420
      255
176
     1
290
     0
176
     1
 90
       50
176
     1
 90
       50
176
     1
 90
       50
176
     1
290
     0
176
     1
 90
       50
176
     1
 62
   256
176
     0
 40
1.0
176
     0
 90
        2
176
     1
  1
strokes_ogs.tif
176
     1
290
     0
176
     1
 40
1.0
176
     1
 40
1.0
176
     1
  0
VISUALSTYLE
  5
2B
102
{ACAD_REACTORS
330
2A
102
}
330
2A
100
AcDbVisualStyle
  2
Flat
 70
     0
177
     3
291
     1
 70
    58
 90
        2
176
     1
 90
        1
176
     1
 90
        1
176
     1
 90
        2
176
     1
 40
0.6
176
     1
 40
30.0
176
     1
 62
     7
420
 16777215
176
     1
 90
        0
176
     1
 90
        0
176
     1
 62
     7
176
     1
 62
   257
176
     1
 90
        1
176
     1
 90
        1
176
     1
 40
1.0
176
     1
 90
        8
176
     1
 62
     7
176
     1
 40
1.0
176
     1
 90
        1
176
     1
 90
        6
176
     1
 90
        2
176
     1
 62
     7
176
     1
 90
        5
176
     1
 90
        0
176
     1
 90
        0
176
     1
290
     0
176
     1
 90
       13
176
     1
 40
0.0
176
     1
 90
        0
176
     1
290
     0
176
     1
290
     1
176
     1
290
     1
176
     1
290
     0
176
     1
290
     0
176
     1
290
     0
176
     1
290
     0
176
     1
290
     0
176
     1
290
     0
176
     1
 90
       50
176
     1
 40
0.0
176
     1
 40
1.0
176
     1
 90
        0
176
     1
 62
    18
420
        0
176
     1
 90
       50
176
     1
 90
        3
176
     1
 62
     5
420
      255
176
     1
290
     0
176
     1
 90
       50
176
     1
 90
       50
176
     1
 90
       50
176
     1
290
     0
176
     1
 90
       50
176
     1
 62
   256
176
     0
 40
1.0
176
     0
 90
        2
176
     1
  1
strokes_ogs.tif
176
     1
290
     0
176
     1
 40
1.0
176
     1
 40
1.0
176
     1
  0
VISUALSTYLE
  5
2C
102
{ACAD_REACTORS
330
2A
102
}
330
2A
100
AcDbVisualStyle
  2
FlatWithEdges
 70
     1
177
     3
291
     1
 70
    58
 90
        2
176
     1
 90
        1
176
     1
 90
        1
176
     1
 90
        2
176
     1
 40
0.6
176
     1
 40
30.0
176
     1
 62
     7
420
 16777215
176
     1
 90
        1
176
     1
 90
        0
176
     1
 62
     7
176
     1
 62
   257
176
     1
 90
        1
176
     1
 90
        1
176
     1
 40
1.0
176
     1
 90
        0
176
     1
 62
   257
176
     1
 40
1.0
176
     1
 90
        1
176
     1
 90
        6
176
     1
 90
        2
176
     1
 62
     7
176
     1
 90
        5
176
     1
 90
        0
176
     1
 90
        0
176
     1
290
     0
176
     1
 90
       13
176
     1
 40
0.0
176
     1
 90
        0
176
     1
290
     0
176
     1
290
     1
176
     1
290
     1
176
     1
290
     0
176
     1
290
     0
176
     1
290
     0
176
     1
290
     0
176
     1
290
     0
176
     1
290
     0
176
     1
 90
       50
176
     1
 40
0.0
176
     1
 40
1.0
176
     1
 90
        0
176
     1
 62
    18
420
        0
176
     1
 90
       50
176
     1
 90
        3
176
     1
 62
     5
420
      255
176
     1
290
     0
176
     1
 90
       50
176
     1
 90
       50
176
     1
 90
       50
176
     1
290
     0
176
     1
 90
       50
176
     1
 62
   256
176
     0
 40
1.0
176
     0
 90
        2
176
     1
  1
strokes_ogs.tif
176
     1
290
     0
176
     1
 40
1.0
176
     1
 40
1.0
176
     1
  0
VISUALSTYLE
  5
2D
102
{ACAD_REACTORS
330
2A
102
}
330
2A
100
AcDbVisualStyle
  2
Gouraud
 70
     2
177
     3
291
     1
 70
    58
 90
        2
176
     1
 90
        2
176
     1
 90
        1
176
     1
 90
        2
176
     1
 40
0.6
176
     1
 40
30.0
176
     1
 62
     7
420
 16777215
176
     1
 90
        0
176
     1
 90
        0
176
     1
 62
     7
176
     1
 62
   257
176
     1
 90
        1
176
     1
 90
        1
176
     1
 40
1.0
176
     1
 90
        0
176
     1
 62
     7
176
     1
 40
1.0
176
     1
 90
        1
176
     1
 90
        6
176
     1
 90
        2
176
     1
 62
     7
176
     1
 90
        5
176
     1
 90
        0
176
     1
 90
        0
176
     1
290
     0
176
     1
 90
       13
176
     1
 40
0.0
176
     1
 90
        0
176
     1
290
     0
176
     1
290
     1
176
     1
290
     1
176
     1
290
     0
176
     1
290
     0
176
     1
290
     0
176
     1
290
     0
176
     1
290
     0
176
     1
290
     0
176
     1
 90
       50
176
     1
 40
0.0
176
     1
 40
1.0
176
     1
 90
        0
176
     1
 62
    18
420
        0
176
     1
 90
       50
176
     1
 90
        3
176
     1
 62
     5
420
      255
176
     1
290
     0
176
     1
 90
       50
176
     1
 90
       50
176
     1
 90
       50
176
     1
290
     0
176
     1
 90
       50
176
     1
 62
   256
176
     0
 40
1.0
176
     0
 90
        2
176
     1
  1
strokes_ogs.tif
176
     1
290
     0
176
     1
 40
1.0
176
     1
 40
1.0
176
     1
  0
VISUALSTYLE
  5
2E
102
{ACAD_REACTORS
330
2A
102
}
330
2A
100
AcDbVisualStyle
  2
GouraudWithEdges
 70
     3
177
     3
291
     1
 70
    58
 90
        2
176
     1
 90
        2
176
     1
 90
        1
176
     1
 90
        2
176
     1
 40
0.6
176
     1
 40
30.0
176
     1
 62
     7
420
 16777215
176
     1
 90
        1
176
     1
 90
        0
176
     1
 62
     7
176
     1
 62
   257
176
     1
 90
        1
176
     1
 90
        1
176
     1
 40
1.0
176
     1
 90
        0
176
     1
 62
   257
176
     1
 40
1.0
176
     1
 90
        1
176
     1
 90
        6
176
     1
 90
        2
176
     1
 62
     7
176
     1
 90
        5
176
     1
 90
        0
176
     1
 90
        0
176
     1
290
     0
176
     1
 90
       13
176
     1
 40
0.0
176
     1
 90
        0
176
     1
290
     0
176
     1
290
     1
176
     1
290
     1
176
     1
290
     0
176
     1
290
     0
176
     1
290
     0
176
     1
290
     0
176
     1
290
     0
176
     1
290
     0
176
     1
 90
       50
176
     1
 40
0.0
176
     1
 40
1.0
176
     1
 90
        0
176
     1
 62
    18
420
        0
176
     1
 90
       50
176
     1
 90
        3
176
     1
 62
     5
420
      255
176
     1
290
     0
176
     1
 90
       50
176
     1
 90
       50
176
     1
 90
       50
176
     1
290
     0
176
     1
 90
       50
176
     1
 62
   256
176
     0
 40
1.0
176
     0
 90
        2
176
     1
  1
strokes_ogs.tif
176
     1
290
     0
176
     1
 40
1.0
176
     1
 40
1.0
176
     1
  0
VISUALSTYLE
  5
31
102
{ACAD_REACTORS
330
2A
102
}
330
2A
100
AcDbVisualStyle
  2
Hidden
 70
     6
177
     3
291
     0
 70
    58
 90
        1
176
     1
 90
        2
176
     1
 90
        2
176
     1
 90
        0
176
     1
 40
0.6
176
     1
 40
30.0
176
     1
 62
     7
420
 16777215
176
     1
 90
        2
176
     1
 90
        2
176
     1
 62
     7
176
     1
 62
   257
176
     1
 90
        2
176
     1
 90
        1
176
     1
 40
40.0
176
     1
 90
        0
176
     1
 62
   257
176
     1
 40
1.0
176
     1
 90
        1
176
     1
 90
        6
176
     1
 90
        2
176
     1
 62
     7
176
     1
 90
        3
176
     1
 90
        0
176
     1
 90
        0
176
     1
290
     0
176
     1
 90
        1
176
     1
 40
0.0
176
     1
 90
        0
176
     1
290
     0
176
     1
290
     1
176
     1
290
     1
176
     1
290
     0
176
     1
290
     0
176
     1
290
     0
176
     1
290
     0
176
     1
290
     0
176
     1
290
     0
176
     1
 90
       50
176
     1
 40
0.0
176
     1
 40
1.0
176
     1
 90
        0
176
     1
 62
    18
420
        0
176
     1
 90
       50
176
     1
 90
        3
176
     1
 62
     5
420
      255
176
     1
290
     0
176
     1
 90
       50
176
     1
 90
       50
176
     1
 90
       50
176
     1
290
     0
176
     1
 90
       50
176
     1
 62
   256
176
     0
 40
1.0
176
     0
 90
        2
176
     1
  1
strokes_ogs.tif
176
     1
290
     0
176
     1
 40
1.0
176
     1
 40
1.0
176
     1
  0
VISUALSTYLE
  5
3B
102
{ACAD_REACTORS
330
2A
102
}
330
2A
100
AcDbVisualStyle
  2
JitterOff
 70
    20
177
     3
291
     1
 70
    58
 90
        2
176
     0
 90
        2
176
     0
 90
        0
176
     0
 90
        0
176
     0
 40
0.6
176
     0
 40
30.0
176
     0
 62
     7
420
 16777215
176
     0
 90
        1
176
     0
 90
        4
176
     0
 62
     7
176
     0
 62
   257
176
     0
 90
        1
176
     0
 90
        1
176
     0
 40
1.0
176
     0
 90
       10
176
     2
 62
     7
176
     0
 40
1.0
176
     0
 90
        1
176
     0
 90
        6
176
     0
 90
        2
176
     0
 62
     7
176
     0
 90
        5
176
     0
 90
        0
176
     0
 90
        0
176
     0
290
     0
176
     0
 90
        1
176
     0
 40
0.0
176
     0
 90
        0
176
     0
290
     0
176
     0
290
     1
176
     0
290
     1
176
     0
290
     0
176
     0
290
     0
176
     0
290
     0
176
     0
290
     0
176
     0
290
     0
176
     0
290
     0
176
     0
 90
       50
176
     0
 40
0.0
176
     0
 40
1.0
176
     0
 90
        0
176
     0
 62
    18
420
        0
176
     0
 90
       50
176
     0
 90
        3
176
     0
 62
     5
420
      255
176
     0
290
     0
176
     0
 90
       50
176
     0
 90
       50
176
     0
 90
       50
176
     0
290
     0
176
     0
 90
       50
176
     0
 62
   256
176
     0
 40
1.0
176
     0
 90
        2
176
     0
  1
strokes_ogs.tif
176
     0
290
     0
176
     0
 40
1.0
176
     0
 40
1.0
176
     0
  0
VISUALSTYLE
  5
38
102
{ACAD_REACTORS
330
2A
102
}
330
2A
100
AcDbVisualStyle
  2
Linepattern
 70
    14
177
     3
291
     1
 70
    58
 90
        2
176
     1
 90
        2
176
     1
 90
        0
176
     1
 90
        0
176
     1
 40
0.6
176
     1
 40
30.0
176
     1
 62
     7
420
 16777215
176
     1
 90
        1
176
     1
 90
        4
176
     1
 62
     7
176
     1
 62
   257
176
     1
 90
        7
176
     1
 90
        7
176
     1
 40
1.0
176
     1
 90
        8
176
     1
 62
     7
176
     1
 40
1.0
176
     1
 90
        1
176
     1
 90
        6
176
     1
 90
        2
176
     1
 62
     7
176
     1
 90
        5
176
     1
 90
        0
176
     1
 90
        0
176
     1
290
     0
176
     1
 90
        1
176
     1
 40
0.0
176
     1
 90
        0
176
     1
290
     0
176
     1
290
     1
176
     1
290
     1
176
     1
290
     0
176
     1
290
     0
176
     1
290
     0
176
     1
290
     0
176
     1
290
     0
176
     1
290
     0
176
     1
 90
       50
176
     1
 40
0.0
176
     1
 40
1.0
176
     1
 90
        0
176
     1
 62
    18
420
        0
176
     1
 90
       50
176
     1
 90
        3
176
     1
 62
     5
420
      255
176
     1
290
     0
176
     1
 90
       50
176
     1
 90
       50
176
     1
 90
       50
176
     1
290
     0
176
     1
 90
       50
176
     1
 62
   256
176
     0
 40
1.0
176
     0
 90
        2
176
     1
  1
strokes_ogs.tif
176
     1
290
     0
176
     1
 40
1.0
176
     1
 40
1.0
176
     1
  0
VISUALSTYLE
  5
3C
102
{ACAD_REACTORS
330
2A
102
}
330
2A
100
AcDbVisualStyle
  2
OverhangOff
 70
    21
177
     3
291
     1
 70
    58
 90
        2
176
     0
 90
        2
176
     0
 90
        0
176
     0
 90
        0
176
     0
 40
0.6
176
     0
 40
30.0
176
     0
 62
     7
420
 16777215
176
     0
 90
        1
176
     0
 90
        4
176
     0
 62
     7
176
     0
 62
   257
176
     0
 90
        1
176
     0
 90
        1
176
     0
 40
1.0
176
     0
 90
        9
176
     2
 62
     7
176
     0
 40
1.0
176
     0
 90
        1
176
     0
 90
        6
176
     0
 90
        2
176
     0
 62
     7
176
     0
 90
        5
176
     0
 90
        0
176
     0
 90
        0
176
     0
290
     0
176
     0
 90
        1
176
     0
 40
0.0
176
     0
 90
        0
176
     0
290
     0
176
     0
290
     1
176
     0
290
     1
176
     0
290
     0
176
     0
290
     0
176
     0
290
     0
176
     0
290
     0
176
     0
290
     0
176
     0
290
     0
176
     0
 90
       50
176
     0
 40
0.0
176
     0
 40
1.0
176
     0
 90
        0
176
     0
 62
    18
420
        0
176
     0
 90
       50
176
     0
 90
        3
176
     0
 62
     5
420
      255
176
     0
290
     0
176
     0
 90
       50
176
     0
 90
       50
176
     0
 90
       50
176
     0
290
     0
176
     0
 90
       50
176
     0
 62
   256
176
     0
 40
1.0
176
     0
 90
        2
176
     0
  1
strokes_ogs.tif
176
     0
290
     0
176
     0
 40
1.0
176
     0
 40
1.0
176
     0
  0
VISUALSTYLE
  5
33
102
{ACAD_REACTORS
330
2A
102
}
330
2A
100
AcDbVisualStyle
  2
Realistic
 70
     8
177
     3
291
     0
 70
    58
 90
        2
176
     1
 90
        3
176
     1
 90
        0
176
     1
 90
        2
176
     1
 40
0.6
176
     1
 40
30.0
176
     1
 62
     7
420
 16777215
176
     1
 90
        0
176
     1
 90
        0
176
     1
 62
     7
176
     1
 62
   257
176
     1
 90
        1
176
     1
 90
        1
176
     1
 40
1.0
176
     1
 90
        8
176
     1
 62
   257
176
     1
 40
1.0
176
     1
 90
        1
176
     1
 90
        6
176
     1
 90
        2
176
     1
 62
     7
176
     1
 90
        3
176
     1
 90
        0
176
     1
 90
        0
176
     1
290
     0
176
     1
 90
       13
176
     1
 40
0.0
176
     1
 90
        0
176
     1
290
     0
176
     1
290
     1
176
     1
290
     1
176
     1
290
     0
176
     1
290
     0
176
     1
290
     0
176
     1
290
     0
176
     1
290
     0
176
     1
290
     0
176
     1
 90
       50
176
     1
 40
0.0
176
     1
 40
1.0
176
     1
 90
        0
176
     1
 62
    18
420
        0
176
     1
 90
       50
176
     1
 90
        3
176
     1
 62
     5
420
      255
176
     1
290
     0
176
     1
 90
       50
176
     1
 90
       50
176
     1
 90
       50
176
     1
290
     0
176
     1
 90
       50
176
     1
 62
   256
176
     0
 40
1.0
176
     0
 90
        2
176
     1
  1
strokes_ogs.tif
176
     1
290
     0
176
     1
 40
1.0
176
     1
 40
1.0
176
     1
  0
VISUALSTYLE
  5
42
102
{ACAD_REACTORS
330
2A
102
}
330
2A
100
AcDbVisualStyle
  2
Shaded
 70
    27
177
     3
291
     0
 70
    58
 90
        2
176
     1
 90
        2
176
     1
 90
        1
176
     1
 90
        2
176
     1
 40
0.6
176
     1
 40
30.0
176
     1
 62
     7
420
 16777215
176
     1
 90
        0
176
     1
 90
        4
176
     1
 62
     7
176
     1
 62
   257
176
     1
 90
        1
176
     1
 90
        1
176
     1
 40
1.0
176
     1
 90
        8
176
     1
 62
   257
176
     1
 40
1.0
176
     1
 90
        1
176
     1
 90
        6
176
     1
 90
        2
176
     1
 62
     8
420
  7895160
176
     1
 90
        3
176
     1
 90
        0
176
     1
 90
        0
176
     1
290
     0
176
     1
 90
        5
176
     1
 40
0.0
176
     1
 90
        0
176
     1
290
     0
176
     1
290
     1
176
     1
290
     1
176
     1
290
     0
176
     1
290
     0
176
     1
290
     0
176
     1
290
     0
176
     1
290
     0
176
     1
290
     0
176
     1
 90
       50
176
     1
 40
0.0
176
     1
 40
1.0
176
     1
 90
        0
176
     1
 62
    18
420
        0
176
     1
 90
       50
176
     1
 90
        3
176
     1
 62
     5
420
      255
176
     1
290
     0
176
     1
 90
       50
176
     1
 90
       50
176
     1
 90
       50
176
     1
290
     0
176
     1
 90
       50
176
     1
 62
   256
176
     0
 40
1.0
176
     0
 90
        2
176
     1
  1
strokes_ogs.tif
176
     1
290
     0
176
     1
 40
1.0
176
     1
 40
1.0
176
     1
  0
VISUALSTYLE
  5
41
102
{ACAD_REACTORS
330
2A
102
}
330
2A
100
AcDbVisualStyle
  2
Shaded with edges
 70
    26
177
     3
291
     0
 70
    58
 90
        2
176
     1
 90
        2
176
     1
 90
        1
176
     1
 90
        2
176
     1
 40
0.6
176
     1
 40
30.0
176
     1
 62
     7
420
 16777215
176
     1
 90
        1
176
     1
 90
       10
176
     1
 62
     7
176
     1
 62
   257
176
     1
 90
        2
176
     1
 90
        1
176
     1
 40
1.0
176
     1
 90
        8
176
     1
 62
   257
176
     1
 40
1.0
176
     1
 90
        1
176
     1
 90
        6
176
     1
 90
        2
176
     1
 62
     7
176
     1
 90
        3
176
     1
 90
        0
176
     1
 90
        0
176
     1
290
     0
176
     1
 90
        5
176
     1
 40
0.0
176
     1
 90
        0
176
     1
290
     0
176
     1
290
     1
176
     1
290
     1
176
     1
290
     0
176
     1
290
     0
176
     1
290
     0
176
     1
290
     0
176
     1
290
     0
176
     1
290
     0
176
     1
 90
       50
176
     1
 40
0.0
176
     1
 40
1.0
176
     1
 90
        0
176
     1
 62
    18
420
        0
176
     1
 90
       50
176
     1
 90
        3
176
     1
 62
     5
420
      255
176
     1
290
     0
176
     1
 90
       50
176
     1
 90
       50
176
     1
 90
       50
176
     1
290
     0
176
     1
 90
       50
176
     1
 62
   256
176
     0
 40
1.0
176
     0
 90
        2
176
     1
  1
strokes_ogs.tif
176
     1
290
     0
176
     1
 40
1.0
176
     1
 40
1.0
176
     1
  0
VISUALSTYLE
  5
3E
102
{ACAD_REACTORS
330
2A
102
}
330
2A
100
AcDbVisualStyle
  2
Shades of Gray
 70
    23
177
     3
291
     0
 70
    58
 90
        2
176
     1
 90
        2
176
     1
 90
        3
176
     1
 90
        0
176
     1
 40
0.6
176
     1
 40
30.0
176
     1
 62
     7
420
 16777215
176
     1
 90
        2
176
     1
 90
        2
176
     1
 62
     7
176
     1
 62
     7
176
     1
 90
        1
176
     1
 90
        1
176
     1
 40
40.0
176
     1
 90
        8
176
     1
 62
     7
176
     1
 40
1.0
176
     1
 90
        1
176
     1
 90
        6
176
     1
 90
        2
176
     1
 62
     7
176
     1
 90
        3
176
     1
 90
        0
176
     1
 90
        0
176
     1
290
     0
176
     1
 90
        1
176
     1
 40
0.0
176
     1
 90
        0
176
     1
290
     0
176
     1
290
     1
176
     1
290
     1
176
     1
290
     0
176
     1
290
     0
176
     1
290
     0
176
     1
290
     0
176
     1
290
     0
176
     1
290
     0
176
     1
 90
       50
176
     1
 40
0.0
176
     1
 40
1.0
176
     1
 90
        0
176
     1
 62
    18
420
        0
176
     1
 90
       50
176
     1
 90
        3
176
     1
 62
     5
420
      255
176
     1
290
     0
176
     1
 90
       50
176
     1
 90
       50
176
     1
 90
       50
176
     1
290
     0
176
     1
 90
       50
176
     1
 62
   256
176
     0
 40
1.0
176
     0
 90
        2
176
     1
  1
strokes_ogs.tif
176
     1
290
     0
176
     1
 40
1.0
176
     1
 40
1.0
176
     1
  0
VISUALSTYLE
  5
3F
102
{ACAD_REACTORS
330
2A
102
}
330
2A
100
AcDbVisualStyle
  2
Sketchy
 70
    24
177
     3
291
     0
 70
    58
 90
        1
176
     1
 90
        2
176
     1
 90
        2
176
     1
 90
        0
176
     1
 40
0.6
176
     1
 40
30.0
176
     1
 62
     7
420
 16777215
176
     1
 90
        2
176
     1
 90
        2
176
     1
 62
     7
176
     1
 62
     7
176
     1
 90
        1
176
     1
 90
        1
176
     1
 40
40.0
176
     1
 90
       11
176
     1
 62
     7
176
     1
 40
1.0
176
     1
 90
        1
176
     1
 90
        6
176
     1
 90
        2
176
     1
 62
     7
176
     1
 90
        6
176
     1
 90
        0
176
     1
 90
        0
176
     1
290
     0
176
     1
 90
        1
176
     1
 40
0.0
176
     1
 90
        0
176
     1
290
     0
176
     1
290
     1
176
     1
290
     1
176
     1
290
     0
176
     1
290
     0
176
     1
290
     0
176
     1
290
     0
176
     1
290
     0
176
     1
290
     0
176
     1
 90
       50
176
     1
 40
0.0
176
     1
 40
1.0
176
     1
 90
        0
176
     1
 62
    18
420
        0
176
     1
 90
       50
176
     1
 90
        3
176
     1
 62
     5
420
      255
176
     1
290
     0
176
     1
 90
       50
176
     1
 90
       50
176
     1
 90
       50
176
     1
290
     0
176
     1
 90
       50
176
     1
 62
   256
176
     0
 40
1.0
176
     0
 90
        2
176
     1
  1
strokes_ogs.tif
176
     1
290
     0
176
     1
 40
1.0
176
     1
 40
1.0
176
     1
  0
VISUALSTYLE
  5
37
102
{ACAD_REACTORS
330
2A
102
}
330
2A
100
AcDbVisualStyle
  2
Thicken
 70
    13
177
     3
291
     1
 70
    58
 90
        2
176
     1
 90
        2
176
     1
 90
        0
176
     1
 90
        0
176
     1
 40
0.6
176
     1
 40
30.0
176
     1
 62
     7
420
 16777215
176
     1
 90
        1
176
     1
 90
        4
176
     1
 62
     7
176
     1
 62
   257
176
     1
 90
        1
176
     1
 90
        1
176
     1
 40
1.0
176
     1
 90
       12
176
     1
 62
     7
176
     1
 40
1.0
176
     1
 90
        1
176
     1
 90
        6
176
     1
 90
        2
176
     1
 62
     7
176
     1
 90
        5
176
     1
 90
        0
176
     1
 90
        0
176
     1
290
     0
176
     1
 90
        1
176
     1
 40
0.0
176
     1
 90
        0
176
     1
290
     0
176
     1
290
     1
176
     1
290
     1
176
     1
290
     0
176
     1
290
     0
176
     1
290
     0
176
     1
290
     0
176
     1
290
     0
176
     1
290
     0
176
     1
 90
       50
176
     1
 40
0.0
176
     1
 40
1.0
176
     1
 90
        0
176
     1
 62
    18
420
        0
176
     1
 90
       50
176
     1
 90
        3
176
     1
 62
     5
420
      255
176
     1
290
     0
176
     1
 90
       50
176
     1
 90
       50
176
     1
 90
       50
176
     1
290
     0
176
     1
 90
       50
176
     1
 62
   256
176
     0
 40
1.0
176
     0
 90
        2
176
     1
  1
strokes_ogs.tif
176
     1
290
     0
176
     1
 40
1.0
176
     1
 40
1.0
176
     1
  0
VISUALSTYLE
  5
30
102
{ACAD_REACTORS
330
2A
102
}
330
2A
100
AcDbVisualStyle
  2
Wireframe
 70
     5
177
     3
291
     0
 70
    58
 90
        0
176
     1
 90
        2
176
     1
 90
        0
176
     1
 90
        0
176
     1
 40
0.6
176
     1
 40
30.0
176
     1
 62
     7
420
 16777215
176
     1
 90
        1
176
     1
 90
        4
176
     1
 62
     7
176
     1
 62
   257
176
     1
 90
        1
176
     1
 90
        1
176
     1
 40
1.0
176
     1
 90
        0
176
     1
 62
   257
176
     1
 40
1.0
176
     1
 90
        1
176
     1
 90
        6
176
     1
 90
        2
176
     1
 62
     7
176
     1
 90
        3
176
     1
 90
        0
176
     1
 90
        0
176
     1
290
     0
176
     1
 90
        1
176
     1
 40
0.0
176
     1
 90
        0
176
     1
290
     0
176
     1
290
     1
176
     1
290
     1
176
     1
290
     0
176
     1
290
     0
176
     1
290
     0
176
     1
290
     0
176
     1
290
     0
176
     1
290
     0
176
     1
 90
       50
176
     1
 40
0.0
176
     1
 40
1.0
176
     1
 90
        0
176
     1
 62
    18
420
        0
176
     1
 90
       50
176
     1
 90
        3
176
     1
 62
     5
420
      255
176
     1
290
     0
176
     1
 90
       50
176
     1
 90
       50
176
     1
 90
       50
176
     1
290
     0
176
     1
 90
       50
176
     1
 62
   256
176
     0
 40
1.0
176
     0
 90
        2
176
     1
  1
strokes_ogs.tif
176
     1
290
     0
176
     1
 40
1.0
176
     1
 40
1.0
176
     1
  0
VISUALSTYLE
  5
40
102
{ACAD_REACTORS
330
2A
102
}
330
2A
100
AcDbVisualStyle
  2
X-Ray
 70
    25
177
     3
291
     0
 70
    58
 90
        2
176
     1
 90
        2
176
     1
 90
        1
176
     1
 90
        1
176
     1
 40
0.5
176
     1
 40
30.0
176
     1
 62
     7
420
 16777215
176
     1
 90
        1
176
     1
 90
        0
176
     1
 62
     7
176
     1
 62
   257
176
     1
 90
        1
176
     1
 90
        1
176
     1
 40
1.0
176
     1
 90
        8
176
     1
 62
     7
176
     1
 40
1.0
176
     1
 90
        1
176
     1
 90
        6
176
     1
 90
        2
176
     1
 62
     7
176
     1
 90
        3
176
     1
 90
        0
176
     1
 90
        0
176
     1
290
     0
176
     1
 90
       13
176
     1
 40
0.0
176
     1
 90
        0
176
     1
290
     0
176
     1
290
     1
176
     1
290
     1
176
     1
290
     0
176
     1
290
     0
176
     1
290
     0
176
     1
290
     0
176
     1
290
     0
176
     1
290
     0
176
     1
 90
       50
176
     1
 40
0.0
176
     1
 40
1.0
176
     1
 90
        0
176
     1
 62
    18
420
        0
176
     1
 90
       50
176
     1
 90
        3
176
     1
 62
     5
420
      255
176
     1
290
     0
176
     1
 90
       50
176
     1
 90
       50
176
     1
 90
       50
176
     1
290
     0
176
     1
 90
       50
176
     1
 62
   256
176
     0
 40
1.0
176
     0
 90
        2
176
     1
  1
strokes_ogs.tif
176
     1
290
     0
176
     1
 40
1.0
176
     1
 40
1.0
176
     1
  0
DICTIONARYVAR
  5
101
102
{ACAD_REACTORS
330
100
102
}
330
100
100
DictionaryVariables
280
     0
  1
1:1
  0
DICTIONARYVAR
  5
10A
102
{ACAD_REACTORS
330
100
102
}
330
100
100
DictionaryVariables
280
     0
  1
3.500000
  0
DICTIONARYVAR
  5
10B
102
{ACAD_REACTORS
330
100
102
}
330
100
100
DictionaryVariables
280
     0
  1
acadiso.lin
  0
DICTIONARYVAR
  5
106
102
{ACAD_REACTORS
330
100
102
}
330
100
100
DictionaryVariables
280
     0
  1
Standard
  0
DICTIONARYVAR
  5
105
102
{ACAD_REACTORS
330
100
102
}
330
100
100
DictionaryVariables
280
     0
  1
Standard
  0
DICTIONARYVAR
  5
109
102
{ACAD_REACTORS
330
100
102
}
330
100
100
DictionaryVariables
280
     0
  1
0
  0
DICTIONARY
  5
102
330
5A
100
AcDbDictionary
280
     1
281
     1
  3
ACAD_ROUNDTRIP_2008_TABLESTYLE_CELLSTYLEMAP
360
103
  0
CELLSTYLEMAP
  5
103
102
{ACAD_REACTORS
330
102
102
}
330
102
100
AcDbCellStyleMap
 90
        3
300
CELLSTYLE
  1
TABLEFORMAT_BEGIN
 90
        5
170
     1
 91
        0
 92
    32768
 62
   257
 93
        1
300
CONTENTFORMAT
  1
CONTENTFORMAT_BEGIN
 90
        0
 91
        0
 92
        4
 93
        0
300

 40
0.0
140
1.0
 94
        5
 62
     0
340
11
144
6.0
309
CONTENTFORMAT_END
171
     1
301
MARGIN
  1
CELLMARGIN_BEGIN
 40
1.5
 40
1.5
 40
1.5
 40
1.5
 40
1.5
 40
1.5
309
CELLMARGIN_END
 94
        6
 95
        1
302
GRIDFORMAT
  1
GRIDFORMAT_BEGIN
 90
        0
 91
        1
 62
     0
 92
       -2
340
14
 93
        0
 40
0.045
309
GRIDFORMAT_END
 95
        2
302
GRIDFORMAT
  1
GRIDFORMAT_BEGIN
 90
        0
 91
        1
 62
     0
 92
       -2
340
14
 93
        0
 40
0.045
309
GRIDFORMAT_END
 95
        4
302
GRIDFORMAT
  1
GRIDFORMAT_BEGIN
 90
        0
 91
        1
 62
     0
 92
       -2
340
14
 93
        0
 40
0.045
309
GRIDFORMAT_END
 95
        8
302
GRIDFORMAT
  1
GRIDFORMAT_BEGIN
 90
        0
 91
        1
 62
     0
 92
       -2
340
14
 93
        0
 40
0.045
309
GRIDFORMAT_END
 95
       16
302
GRIDFORMAT
  1
GRIDFORMAT_BEGIN
 90
        0
 91
        1
 62
     0
 92
       -2
340
14
 93
        0
 40
0.045
309
GRIDFORMAT_END
 95
       32
302
GRIDFORMAT
  1
GRIDFORMAT_BEGIN
 90
        0
 91
        1
 62
     0
 92
       -2
340
14
 93
        0
 40
0.045
309
GRIDFORMAT_END
309
TABLEFORMAT_END
  1
CELLSTYLE_BEGIN
 90
        1
 91
        1
300
_TITLE
309
CELLSTYLE_END
300
CELLSTYLE
  1
TABLEFORMAT_BEGIN
 90
        5
170
     1
 91
        0
 92
        0
 62
   257
 93
        1
300
CONTENTFORMAT
  1
CONTENTFORMAT_BEGIN
 90
        0
 91
        0
 92
        4
 93
        0
300

 40
0.0
140
1.0
 94
        5
 62
     0
340
11
144
4.5
309
CONTENTFORMAT_END
171
     1
301
MARGIN
  1
CELLMARGIN_BEGIN
 40
1.5
 40
1.5
 40
1.5
 40
1.5
 40
1.5
 40
1.5
309
CELLMARGIN_END
 94
        6
 95
        1
302
GRIDFORMAT
  1
GRIDFORMAT_BEGIN
 90
        0
 91
        1
 62
     0
 92
       -2
340
14
 93
        0
 40
0.045
309
GRIDFORMAT_END
 95
        2
302
GRIDFORMAT
  1
GRIDFORMAT_BEGIN
 90
        0
 91
        1
 62
     0
 92
       -2
340
14
 93
        0
 40
0.045
309
GRIDFORMAT_END
 95
        4
302
GRIDFORMAT
  1
GRIDFORMAT_BEGIN
 90
        0
 91
        1
 62
     0
 92
       -2
340
14
 93
        0
 40
0.045
309
GRIDFORMAT_END
 95
        8
302
GRIDFORMAT
  1
GRIDFORMAT_BEGIN
 90
        0
 91
        1
 62
     0
 92
       -2
340
14
 93
        0
 40
0.045
309
GRIDFORMAT_END
 95
       16
302
GRIDFORMAT
  1
GRIDFORMAT_BEGIN
 90
        0
 91
        1
 62
     0
 92
       -2
340
14
 93
        0
 40
0.045
309
GRIDFORMAT_END
 95
       32
302
GRIDFORMAT
  1
GRIDFORMAT_BEGIN
 90
        0
 91
        1
 62
     0
 92
       -2
340
14
 93
        0
 40
0.045
309
GRIDFORMAT_END
309
TABLEFORMAT_END
  1
CELLSTYLE_BEGIN
 90
        2
 91
        1
300
_HEADER
309
CELLSTYLE_END
300
CELLSTYLE
  1
TABLEFORMAT_BEGIN
 90
        5
170
     1
 91
        0
 92
        0
 62
   257
 93
        1
300
CONTENTFORMAT
  1
CONTENTFORMAT_BEGIN
 90
        0
 91
        0
 92
        4
 93
        0
300

 40
0.0
140
1.0
 94
        2
 62
     0
340
11
144
4.5
309
CONTENTFORMAT_END
171
     1
301
MARGIN
  1
CELLMARGIN_BEGIN
 40
1.5
 40
1.5
 40
1.5
 40
1.5
 40
1.5
 40
1.5
309
CELLMARGIN_END
 94
        6
 95
        1
302
GRIDFORMAT
  1
GRIDFORMAT_BEGIN
 90
        0
 91
        1
 62
     0
 92
       -2
340
14
 93
        0
 40
0.045
309
GRIDFORMAT_END
 95
        2
302
GRIDFORMAT
  1
GRIDFORMAT_BEGIN
 90
        0
 91
        1
 62
     0
 92
       -2
340
14
 93
        0
 40
0.045
309
GRIDFORMAT_END
 95
        4
302
GRIDFORMAT
  1
GRIDFORMAT_BEGIN
 90
        0
 91
        1
 62
     0
 92
       -2
340
14
 93
        0
 40
0.045
309
GRIDFORMAT_END
 95
        8
302
GRIDFORMAT
  1
GRIDFORMAT_BEGIN
 90
        0
 91
        1
 62
     0
 92
       -2
340
14
 93
        0
 40
0.045
309
GRIDFORMAT_END
 95
       16
302
GRIDFORMAT
  1
GRIDFORMAT_BEGIN
 90
        0
 91
        1
 62
     0
 92
       -2
340
14
 93
        0
 40
0.045
309
GRIDFORMAT_END
 95
       32
302
GRIDFORMAT
  1
GRIDFORMAT_BEGIN
 90
        0
 91
        1
 62
     0
 92
       -2
340
14
 93
        0
 40
0.045
309
GRIDFORMAT_END
309
TABLEFORMAT_END
  1
CELLSTYLE_BEGIN
 90
        3
 91
        2
300
_DATA
309
CELLSTYLE_END
  0
ENDSEC
  0
SECTION
  2
THUMBNAILIMAGE
 90
   263208
310
28000000000200000002000001000800000000000000000000000000000000000000000000000000FFFFFF00FF000000FFFF000000FF000000FFFF000000FF00FF00FF000000000080808000C0C0C000FF000000FF7F7F00A5000000A55252007F0000007F3F3F004C0000004C2626002600000026131300FF3F0000FF9F7F
310
00A5290000A56752007F1F00007F4F3F004C1300004C2F26002609000026171300FF7F0000FFBF7F00A5520000A57C52007F3F00007F5F3F004C2600004C39260026130000261C1300FFBF0000FFDF7F00A57C0000A59152007F5F00007F6F3F004C3900004C422600261C000026211300FFFF0000FFFF7F00A5A50000A5A5
310
52007F7F00007F7F3F004C4C00004C4C26002626000026261300BFFF0000DFFF7F007CA5000091A552005F7F00006F7F3F00394C0000424C26001C260000212613007FFF0000BFFF7F0052A500007CA552003F7F00005F7F3F00264C0000394C2600132600001C2613003FFF00009FFF7F0029A5000067A552001F7F00004F
310
7F3F00134C00002F4C2600092600001726130000FF00007FFF7F0000A5000052A55200007F00003F7F3F00004C0000264C2600002600001326130000FF3F007FFF9F0000A5290052A56700007F1F003F7F4F00004C1300264C2F00002609001326170000FF7F007FFFBF0000A5520052A57C00007F3F003F7F5F00004C2600
310
264C39000026130013261C0000FFBF007FFFDF0000A57C0052A59100007F5F003F7F6F00004C3900264C420000261C001326210000FFFF007FFFFF0000A5A50052A5A500007F7F003F7F7F00004C4C00264C4C00002626001326260000BFFF007FDFFF00007CA5005291A500005F7F003F6F7F0000394C0026424C00001C26
310
0013212600007FFF007FBFFF000052A500527CA500003F7F003F5F7F0000264C0026394C0000132600131C2600003FFF007F9FFF000029A5005267A500001F7F003F4F7F0000134C00262F4C0000092600131726000000FF007F7FFF000000A5005252A50000007F003F3F7F0000004C0026264C0000002600131326003F00
310
FF009F7FFF002900A5006752A5001F007F004F3F7F0013004C002F264C0009002600171326007F00FF00BF7FFF005200A5007C52A5003F007F005F3F7F0026004C0039264C00130026001C132600BF00FF00DF7FFF007C00A5009152A5005F007F006F3F7F0039004C0042264C001C00260021132600FF00FF00FF7FFF00A5
310
00A500A552A5007F007F007F3F7F004C004C004C264C002600260026132600FF00BF00FF7FDF00A5007C00A55291007F005F007F3F6F004C0039004C26420026001C0026132100FF007F00FF7FBF00A5005200A5527C007F003F007F3F5F004C0026004C2639002600130026131C00FF003F00FF7F9F00A5002900A5526700
310
7F001F007F3F4F004C0013004C262F002600090026131700000000002D2D2D005B5B5B0089898900B7B7B700B3B3B30000000000000000000000000000000000000000000000000000000000000000000000000000000000000000000000000000000000000000000000000000000000000000000000000000000000000000
310
00000000000000000000000000000000000000000000000000000000000000000000000000000000000000000000000000000000000000000000000000000000000000000000000000000000000000000000000000000000000000000000000000000000000000000000000000000000000000000000000000000000000000
310
00000000000000000000000000000000000000000000000000000000000000000000000000000000000000000000000000000000000000000000000000000000000000000000000000000000000000000000000000000000000000000000000000000000000000000000000000000000000000000000000000000000000000
310
00000000000000000000000000000000000000000000000000000000000000000000000000000000000000000000000000000000000000000000000000000000000000000000000000000000000000000000000000000000000000000000000000000000000000000000000000000000000000000000000000000000000000
310
00000000000000000000000000000000000000000000000000000000000000000000000000000000000000000000000000000000000000000000000000000000000000000000000000000000000000000000000000000000000000000000000000000000000000000000000000000000000000000000000000000000000000
310
00000000000000000000000000000000000000000000000000000000000000000000000000000000000000000000000000000000000000000000000000000000000000000000000000000000000000000000000000000000000000000000000000000000000000000000000000000000000000000000000000000000000000
310
00000000000000000000000000000000000000000000000000000000000000000000000000000000000000000000000000000000000000000000000000000000000000000000000000000000000000000000000000000000000000000000000000000000000000000000000000000000000000000000000000000000000000
310
00000000000000000000000000000000000000000000000000000000000000000000000000000000000000000000000000000000000000000000000000000000000000000000000000000000000000000000000000000000000000000000000000000000000000000000000000000000000000000000000000000000000000
310
00000000000000000000000000000000000000000000000000000000000000000000000000000000000000000000000000000000000000000000000000000000000000000000000000000000000000000000000000000000000000000000000000000000000000000000000000000000000000000000000000000000000000
310
00000000000000000000000000000000000000000000000000000000000000000000000000000000000000000000000000000000000000000000000000000000000000000000000000000000000000000000000000000000000000000000000000000000000000000000000000000000000000000000000000000000000000
310
00000000000000000000000000000000000000000000000000000000000000000000000000000000000000000000000000000000000000000000000000000000000000000000000000000000000000000000000000000000000000000000000000000000000000000000000000000000000000000000000000000000000000
310
00000000000000000000000000000000000000000000000000000000000000000000000000000000000000000000000000000000000000000000000000000000000000000000000000000000000000000000000000000000000000000000000000000000000000000000000000000000000000000000000000000000000000
310
00000000000000000000000000000000000000000000000000000000000000000000000000000000000000000000000000000000000000000000000000000000000000000000000000000000000000000000000000000000000000000000000000000000000000000000000000000000000000000000000000000000000000
310
00000000000000000000000000000000000000000000000000000000000000000000000000000000000000000000000000000000000000000000000000000000000000000000000000000000000000000000000000000000000000000000000000000000000000000000000000000000000000000000000000000000000000
310
00000000000000000000000000000000000000000000000000000000000000000000000000000000000000000000000000000000000000000000000000000000000000000000000000000000000000000000000000000000000000000000000000000000000000000000000000000000000000000000000000000000000000
310
00000000000000000000000000000000000000000000000000000000000000000000000000000000000000000000000000000000000000000000000000000000000000000000000000000000000000000000000000000000000000000000000000000000000000000000000000000000000000000000000000000000000000
310
00000000000000000000000000000000000000000000000000000000000000000000000000000000000000000000000000000000000000000000000000000000000000000000000000000000000000000000000000000000000000000000000000000000000000000000000000000000000000000000000000000000000000
310
00000000000000000000000000000000000000000000000000000000000000000000000000000000000000000000000000000000000000000000000000000000000000000000000000000000000000000000000000000000000000000000000000000000000000000000000000000000000000000000000000000000000000
310
00000000000000000000000000000000000000000000000000000000000000000000000000000000000000000000000000000000000000000000000000000000000000000000000000000000000000000000000000000000000000000000000000000000000000000000000000000000000000000000000000000000000000
310
00000000000000000000000000000000000000000000000000000000000000000000000000000000000000000000000000000000000000000000000000000000000000000000000000000000000000000000000000000000000000000000000000000000000000000000000000000000000000000000000000000000000000
310
00000000000000000000000000000000000000000000000000000000000000000000000000000000000000000000000000000000000000000000000000000000000000000000000000000000000000000000000000000000000000000000000000000000000000000000000000000000000000000000000000000000000000
310
00000000000000000000000000000000000000000000000000000000000000000000000000000000000000000000000000000000000000000000000000000000000000000000000000000000000000000000000000000000000000000000000000000000000000000000000000000000000000000000000000000000000000
310
00000000000000000000000000000000000000000000000000000000000000000000000000000000000000000000000000000000000000000000000000000000000000000000000000000000000000000000000000000000000000000000000000000000000000000000000000000000000000000000000000000000000000
310
00000000000000000000000000000000000000000000000000000000000000000000000000000000000000000000000000000000000000000000000000000000000000000000000000000000000000000000000000000000000000000000000000000000000000000000000000000000000000000000000000000000000000
310
00000000000000000000000000000000000000000000000000000000000000000000000000000000000000000000000000000000000000000000000000000000000000000000000000000000000000000000000000000000000000000000000000000000000000000000000000000000000000000000000000000000000000
310
00000000000000000000000000000000000000000000000000000000000000000000000000000000000000000000000000000000000000000000000000000000000000000000000000000000000000000000000000000000000000000000000000000000000000000000000000000000000000000000000000000000000000
310
00000000000000000000000000000000000000000000000000000000000000000000000000000000000000000000000000000000000000000000000000000000000000000000000000000000000000000000000000000000000000000000000000000000000000000000000000000000000000000000000000000000000000
310
00000000000000000000000000000000000000000000000000000000000000000000000000000000000000000000000000000000000000000000000000000000000000000000000000000000000000000000000000000000000000000000000000000000000000000000000000000000000000000000000000000000000000
310
00000000000000000000000000000000000000000000000000000000000000000000000000000000000000000000000000000000000000000000000000000000000000000000000000000000000000000000000000000000000000000000000000000000000000000000000000000000000000000000000000000000000000
310
00000000000000000000000000000000000000000000000000000000000000000000000000000000000000000000000000000000000000000000000000000000000000000000000000000000000000000000000000000000000000000000000000000000000000000000000000000000000000000000000000000000000000
310
00000000000000000000000000000000000000000000000000000000000000000000000000000000000000000000000000000000000000000000000000000000000000000000000000000000000000000000000000000000000000000000000000000000000000000000000000000000000000000000000000000000000000
310
00000000000000000000000000000000000000000000000000000000000000000000000000000000000000000000000000000000000000000000000000000000000000000000000000000000000000000000000000000000000000000000000000000000000000000000000000000000000000000000000000000000000000
310
00000000000000000000000000000000000000000000000000000000000000000000000000000000000000000000000000000000000000000000000000000000000000000000000000000000000000000000000000000000000000000000000000000000000000000000000000000000000000000000000000000000000000
310
00000000000000000000000000000000000000000000000000000000000000000000000000000000000000000000000000000000000000000000000000000000000000000000000000000000000000000000000000000000000000000000000000000000000000000000000000000000000000000000000000000000000000
310
00000000000000000000000000000000000000000000000000000000000000000000000000000000000000000000000000000000000000000000000000000000000000000000000000000000000000000000000000000000000000000000000000000000000000000000000000000000000000000000000000000000000000
310
00000000000000000000000000000000000000000000000000000000000000000000000000000000000000000000000000000000000000000000000000000000000000000000000000000000000000000000000000000000000000000000000000000000000000000000000000000000000000000000000000000000000000
310
00000000000000000000000000000000000000000000000000000000000000000000000000000000000000000000000000000000000000000000000000000000000000000000000000000000000000000000000000000000000000000000000000000000000000000000000000000000000000000000000000000000000000
310
00000000000000000000000000000000000000000000000000000000000000000000000000000000000000000000000000000000000000000000000000000000000000000000000000000000000000000000000000000000000000000000000000000000000000000000000000000000000000000000000000000000000000
310
00000000000000000000000000000000000000000000000000000000000000000000000000000000000000000000000000000000000000000000000000000000000000000000000000000000000000000000000000000000000000000000000000000000000000000000000000000000000000000000000000000000000000
310
00000000000000000000000000000000000000000000000000000000000000000000000000000000000000000000000000000000000000000000000000000000000000000000000000000000000000000000000000000000000000000000000000000000000000000000000000000000000000000000000000000000000000
310
00000000000000000000000000000000000000000000000000000000000000000000000000000000000000000000000000000000000000000000000000000000000000000000000000000000000000000000000000000000000000000000000000000000000000000000000000000000000000000000000000000000000000
310
00000000000000000000000000000000000000000000000000000000000000000000000000000000000000000000000000000000000000000000000000000000000000000000000000000000000000000000000000000000000000000000000000000000000000000000000000000000000000000000000000000000000000
310
00000000000000000000000000000000000000000000000000000000000000000000000000000000000000000000000000000000000000000000000000000000000000000000000000000000000000000000000000000000000000000000000000000000000000000000000000000000000000000000000000000000000000
310
00000000000000000000000000000000000000000000000000000000000000000000000000000000000000000000000000000000000000000000000000000000000000000000000000000000000000000000000000000000000000000000000000000000000000000000000000000000000000000000000000000000000000
310
00000000000000000000000000000000000000000000000000000000000000000000000000000000000000000000000000000000000000000000000000000000000000000000000000000000000000000000000000000000000000000000000000000000000000000000000000000000000000000000000000000000000000
310
00000000000000000000000000000000000000000000000000000000000000000000000000000000000000000000000000000000000000000000000000000000000000000000000000000000000000000000000000000000000000000000000000000000000000000000000000000000000000000000000000000000000000
310
00000000000000000000000000000000000000000000000000000000000000000000000000000000000000000000000000000000000000000000000000000000000000000000000000000000000000000000000000000000000000000000000000000000000000000000000000000000000000000000000000000000000000
310
00000000000000000000000000000000000000000000000000000000000000000000000000000000000000000000000000000000000000000000000000000000000000000000000000000000000000000000000000000000000000000000000000000000000000000000000000000000000000000000000000000000000000
310
00000000000000000000000000000000000000000000000000000000000000000000000000000000000000000000000000000000000000000000000000000000000000000000000000000000000000000000000000000000000000000000000000000000000000000000000000000000000000000000000000000000000000
310
00000000000000000000000000000000000000000000000000000000000000000000000000000000000000000000000000000000000000000000000000000000000000000000000000000000000000000000000000000000000000000000000000000000000000000000000000000000000000000000000000000000000000
310
00000000000000000000000000000000000000000000000000000000000000000000000000000000000000000000000000000000000000000000000000000000000000000000000000000000000000000000000000000000000000000000000000000000000000000000000000000000000000000000000000000000000000
310
00000000000000000000000000000000000000000000000000000000000000000000000000000000000000000000000000000000000000000000000000000000000000000000000000000000000000000000000000000000000000000000000000000000000000000000000000000000000000000000000000000000000000
310
00000000000000000000000000000000000000000000000000000000000000000000000000000000000000000000000000000000000000000000000000000000000000000000000000000000000000000000000000000000000000000000000000000000000000000000000000000000000000000000000000000000000000
310
00000000000000000000000000000000000000000000000000000000000000000000000000000000000000000000000000000000000000000000000000000000000000000000000000000000000000000000000000000000000000000000000000000000000000000000000000000000000000000000000000000000000000
310
00000000000000000000000000000000000000000000000000000000000000000000000000000000000000000000000000000000000000000000000000000000000000000000000000000000000000000000000000000000000000000000000000000000000000000000000000000000000000000000000000000000000000
310
00000000000000000000000000000000000000000000000000000000000000000000000000000000000000000000000000000000000000000000000000000000000000000000000000000000000000000000000000000000000000000000000000000000000000000000000000000000000000000000000000000000000000
310
00000000000000000000000000000000000000000000000000000000000000000000000000000000000000000000000000000000000000000000000000000000000000000000000000000000000000000000000000000000000000000000000000000000000000000000000000000000000000000000000000000000000000
310
00000000000000000000000000000000000000000000000000000000000000000000000000000000000000000000000000000000000000000000000000000000000000000000000000000000000000000000000000000000000000000000000000000000000000000000000000000000000000000000000000000000000000
310
00000000000000000000000000000000000000000000000000000000000000000000000000000000000000000000000000000000000000000000000000000000000000000000000000000000000000000000000000000000000000000000000000000000000000000000000000000000000000000000000000000000000000
310
00000000000000000000000000000000000000000000000000000000000000000000000000000000000000000000000000000000000000000000000000000000000000000000000000000000000000000000000000000000000000000000000000000000000000000000000000000000000000000000000000000000000000
310
00000000000000000000000000000000000000000000000000000000000000000000000000000000000000000000000000000000000000000000000000000000000000000000000000000000000000000000000000000000000000000000000000000000000000000000000000000000000000000000000000000000000000
310
00000000000000000000000000000000000000000000000000000000000000000000000000000000000000000000000000000000000000000000000000000000000000000000000000000000000000000000000000000000000000000000000000000000000000000000000000000000000000000000000000000000000000
310
00000000000000000000000000000000000000000000000000000000000000000000000000000000000000000000000000000000000000000000000000000000000000000000000000000000000000000000000000000000000000000000000000000000000000000000000000000000000000000000000000000000000000
310
00000000000000000000000000000000000000000000000000000000000000000000000000000000000000000000000000000000000000000000000000000000000000000000000000000000000000000000000000000000000000000000000000000000000000000000000000000000000000000000000000000000000000
310
00000000000000000000000000000000000000000000000000000000000000000000000000000000000000000000000000000000000000000000000000000000000000000000000000000000000000000000000000000000000000000000000000000000000000000000000000000000000000000000000000000000000000
310
00000000000000000000000000000000000000000000000000000000000000000000000000000000000000000000000000000000000000000000000000000000000000000000000000000000000000000000000000000000000000000000000000000000000000000000000000000000000000000000000000000000000000
310
00000000000000000000000000000000000000000000000000000000000000000000000000000000000000000000000000000000000000000000000000000000000000000000000000000000000000000000000000000000000000000000000000000000000000000000000000000000000000000000000000000000000000
310
00000000000000000000000000000000000000000000000000000000000000000000000000000000000000000000000000000000000000000000000000000000000000000000000000000000000000000000000000000000000000000000000000000000000000000000000000000000000000000000000000000000000000
310
00000000000000000000000000000000000000000000000000000000000000000000000000000000000000000000000000000000000000000000000000000000000000000000000000000000000000000000000000000000000000000000000000000000000000000000000000000000000000000000000000000000000000
310
00000000000000000000000000000000000000000000000000000000000000000000000000000000000000000000000000000000000000000000000000000000000000000000000000000000000000000000000000000000000000000000000000000000000000000000000000000000000000000000000000000000000000
310
00000000000000000000000000000000000000000000000000000000000000000000000000000000000000000000000000000000000000000000000000000000000000000000000000000000000000000000000000000000000000000000000000000000000000000000000000000000000000000000000000000000000000
310
00000000000000000000000000000000000000000000000000000000000000000000000000000000000000000000000000000000000000000000000000000000000000000000000000000000000000000000000000000000000000000000000000000000000000000000000000000000000000000000000000000000000000
310
00000000000000000000000000000000000000000000000000000000000000000000000000000000000000000000000000000000000000000000000000000000000000000000000000000000000000000000000000000000000000000000000000000000000000000000000000000000000000000000000000000000000000
310
00000000000000000000000000000000000000000000000000000000000000000000000000000000000000000000000000000000000000000000000000000000000000000000000000000000000000000000000000000000000000000000000000000000000000000000000000000000000000000000000000000000000000
310
00000000000000000000000000000000000000000000000000000000000000000000000000000000000000000000000000000000000000000000000000000000000000000000000000000000000000000000000000000000000000000000000000000000000000000000000000000000000000000000000000000000000000
310
00000000000000000000000000000000000000000000000000000000000000000000000000000000000000000000000000000000000000000000000000000000000000000000000000000000000000000000000000000000000000000000000000000000000000000000000000000000000000000000000000000000000000
310
00000000000000000000000000000000000000000000000000000000000000000000000000000000000000000000000000000000000000000000000000000000000000000000000000000000000000000000000000000000000000000000000000000000000000000000000000000000000000000000000000000000000000
310
00000000000000000000000000000000000000000000000000000000000000000000000000000000000000000000000000000000000000000000000000000000000000000000000000000000000000000000000000000000000000000000000000000000000000000000000000000000000000000000000000000000000000
310
00000000000000000000000000000000000000000000000000000000000000000000000000000000000000000000000000000000000000000000000000000000000000000000000000000000000000000000000000000000000000000000000000000000000000000000000000000000000000000000000000000000000000
310
00000000000000000000000000000000000000000000000000000000000000000000000000000000000000000000000000000000000000000000000000000000000000000000000000000000000000000000000000000000000000000000000000000000000000000000000000000000000000000000000000000000000000
310
00000000000000000000000000000000000000000000000000000000000000000000000000000000000000000000000000000000000000000000000000000000000000000000000000000000000000000000000000000000000000000000000000000000000000000000000000000000000000000000000000000000000000
310
00000000000000000000000000000000000000000000000000000000000000000000000000000000000000000000000000000000000000000000000000000000000000000000000000000000000000000000000000000000000000000000000000000000000000000000000000000000000000000000000000000000000000
310
00000000000000000000000000000000000000000000000000000000000000000000000000000000000000000000000000000000000000000000000000000000000000000000000000000000000000000000000000000000000000000000000000000000000000000000000000000000000000000000000000000000000000
310
00000000000000000000000000000000000000000000000000000000000000000000000000000000000000000000000000000000000000000000000000000000000000000000000000000000000000000000000000000000000000000000000000000000000000000000000000000000000000000000000000000000000000
310
00000000000000000000000000000000000000000000000000000000000000000000000000000000000000000000000000000000000000000000000000000000000000000000000000000000000000000000000000000000000000000000000000000000000000000000000000000000000000000000000000000000000000
310
00000000000000000000000000000000000000000000000000000000000000000000000000000000000000000000000000000000000000000000000000000000000000000000000000000000000000000000000000000000000000000000000000000000000000000000000000000000000000000000000000000000000000
310
00000000000000000000000000000000000000000000000000000000000000000000000000000000000000000000000000000000000000000000000000000000000000000000000000000000000000000000000000000000000000000000000000000000000000000000000000000000000000000000000000000000000000
310
00000000000000000000000000000000000000000000000000000000000000000000000000000000000000000000000000000000000000000000000000000000000000000000000000000000000000000000000000000000000000000000000000000000000000000000000000000000000000000000000000000000000000
310
00000000000000000000000000000000000000000000000000000000000000000000000000000000000000000000000000000000000000000000000000000000000000000000000000000000000000000000000000000000000000000000000000000000000000000000000000000000000000000000000000000000000000
310
00000000000000000000000000000000000000000000000000000000000000000000000000000000000000000000000000000000000000000000000000000000000000000000000000000000000000000000000000000000000000000000000000000000000000000000000000000000000000000000000000000000000000
310
00000000000000000000000000000000000000000000000000000000000000000000000000000000000000000000000000000000000000000000000000000000000000000000000000000000000000000000000000000000000000000000000000000000000000000000000000000000000000000000000000000000000000
310
00000000000000000000000000000000000000000000000000000000000000000000000000000000000000000000000000000000000000000000000000000000000000000000000000000000000000000000000000000000000000000000000000000000000000000000000000000000000000000000000000000000000000
310
00000000000000000000000000000000000000000000000000000000000000000000000000000000000000000000000000000000000000000000000000000000000000000000000000000000000000000000000000000000000000000000000000000000000000000000000000000000000000000000000000000000000000
310
00000000000000000000000000000000000000000000000000000000000000000000000000000000000000000000000000000000000000000000000000000000000000000000000000000000000000000000000000000000000000000000000000000000000000000000000000000000000000000000000000000000000000
310
00000000000000000000000000000000000000000000000000000000000000000000000000000000000000000000000000000000000000000000000000000000000000000000000000000000000000000000000000000000000000000000000000000000000000000000000000000000000000000000000000000000000000
310
00000000000000000000000000000000000000000000000000000000000000000000000000000000000000000000000000000000000000000000000000000000000000000000000000000000000000000000000000000000000000000000000000000000000000000000000000000000000000000000000000000000000000
310
00000000000000000000000000000000000000000000000000000000000000000000000000000000000000000000000000000000000000000000000000000000000000000000000000000000000000000000000000000000000000000000000000000000000000000000000000000000000000000000000000000000000000
310
00000000000000000000000000000000000000000000000000000000000000000000000000000000000000000000000000000000000000000000000000000000000000000000000000000000000000000000000000000000000000000000000000000000000000000000000000000000000000000000000000000000000000
310
00000000000000000000000000000000000000000000000000000000000000000000000000000000000000000000000000000000000000000000000000000000000000000000000000000000000000000000000000000000000000000000000000000000000000000000000000000000000000000000000000000000000000
310
00000000000000000000000000000000000000000000000000000000000000000000000000000000000000000000000000000000000000000000000000000000000000000000000000000000000000000000000000000000000000000000000000000000000000000000000000000000000000000000000000000000000000
310
00000000000000000000000000000000000000000000000000000000000000000000000000000000000000000000000000000000000000000000000000000000000000000000000000000000000000000000000000000000000000000000000000000000000000000000000000000000000000000000000000000000000000
310
00000000000000000000000000000000000000000000000000000000000000000000000000000000000000000000000000000000000000000000000000000000000000000000000000000000000000000000000000000000000000000000000000000000000000000000000000000000000000000000000000000000000000
310
00000000000000000000000000000000000000000000000000000000000000000000000000000000000000000000000000000000000000000000000000000000000000000000000000000000000000000000000000000000000000000000000000000000000000000000000000000000000000000000000000000000000000
310
00000000000000000000000000000000000000000000000000000000000000000000000000000000000000000000000000000000000000000000000000000000000000000000000000000000000000000000000000000000000000000000000000000000000000000000000000000000000000000000000000000000000000
310
00000000000000000000000000000000000000000000000000000000000000000000000000000000000000000000000000000000000000000000000000000000000000000000000000000000000000000000000000000000000000000000000000000000000000000000000000000000000000000000000000000000000000
310
00000000000000000000000000000000000000000000000000000000000000000000000000000000000000000000000000000000000000000000000000000000000000000000000000000000000000000000000000000000000000000000000000000000000000000000000000000000000000000000000000000000000000
310
00000000000000000000000000000000000000000000000000000000000000000000000000000000000000000000000000000000000000000000000000000000000000000000000000000000000000000000000000000000000000000000000000000000000000000000000000000000000000000000000000000000000000
310
00000000000000000000000000000000000000000000000000000000000000000000000000000000000000000000000000000000000000000000000000000000000000000000000000000000000000000000000000000000000000000000000000000000000000000000000000000000000000000000000000000000000000
310
00000000000000000000000000000000000000000000000000000000000000000000000000000000000000000000000000000000000000000000000000000000000000000000000000000000000000000000000000000000000000000000000000000000000000000000000000000000000000000000000000000000000000
310
00000000000000000000000000000000000000000000000000000000000000000000000000000000000000000000000000000000000000000000000000000000000000000000000000000000000000000000000000000000000000000000000000000000000000000000000000000000000000000000000000000000000000
310
00000000000000000000000000000000000000000000000000000000000000000000000000000000000000000000000000000000000000000000000000000000000000000000000000000000000000000000000000000000000000000000000000000000000000000000000000000000000000000000000000000000000000
310
00000000000000000000000000000000000000000000000000000000000000000000000000000000000000000000000000000000000000000000000000000000000000000000000000000000000000000000000000000000000000000000000000000000000000000000000000000000000000000000000000000000000000
310
00000000000000000000000000000000000000000000000000000000000000000000000000000000000000000000000000000000000000000000000000000000000000000000000000000000000000000000000000000000000000000000000000000000000000000000000000000000000000000000000000000000000000
310
00000000000000000000000000000000000000000000000000000000000000000000000000000000000000000000000000000000000000000000000000000000000000000000000000000000000000000000000000000000000000000000000000000000000000000000000000000000000000000000000000000000000000
310
00000000000000000000000000000000000000000000000000000000000000000000000000000000000000000000000000000000000000000000000000000000000000000000000000000000000000000000000000000000000000000000000000000000000000000000000000000000000000000000000000000000000000
310
00000000000000000000000000000000000000000000000000000000000000000000000000000000000000000000000000000000000000000000000000000000000000000000000000000000000000000000000000000000000000000000000000000000000000000000000000000000000000000000000000000000000000
310
00000000000000000000000000000000000000000000000000000000000000000000000000000000000000000000000000000000000000000000000000000000000000000000000000000000000000000000000000000000000000000000000000000000000000000000000000000000000000000000000000000000000000
310
00000000000000000000000000000000000000000000000000000000000000000000000000000000000000000000000000000000000000000000000000000000000000000000000000000000000000000000000000000000000000000000000000000000000000000000000000000000000000000000000000000000000000
310
00000000000000000000000000000000000000000000000000000000000000000000000000000000000000000000000000000000000000000000000000000000000000000000000000000000000000000000000000000000000000000000000000000000000000000000000000000000000000000000000000000000000000
310
00000000000000000000000000000000000000000000000000000000000000000000000000000000000000000000000000000000000000000000000000000000000000000000000000000000000000000000000000000000000000000000000000000000000000000000000000000000000000000000000000000000000000
310
00000000000000000000000000000000000000000000000000000000000000000000000000000000000000000000000000000000000000000000000000000000000000000000000000000000000000000000000000000000000000000000000000000000000000000000000000000000000000000000000000000000000000
310
00000000000000000000000000000000000000000000000000000000000000000000000000000000000000000000000000000000000000000000000000000000000000000000000000000000000000000000000000000000000000000000000000000000000000000000000000000000000000000000000000000000000000
310
00000000000000000000000000000000000000000000000000000000000000000000000000000000000000000000000000000000000000000000000000000000000000000000000000000000000000000000000000000000000000000000000000000000000000000000000000000000000000000000000000000000000000
310
00000000000000000000000000000000000000000000000000000000000000000000000000000000000000000000000000000000000000000000000000000000000000000000000000000000000000000000000000000000000000000000000000000000000000000000000000000000000000000000000000000000000000
310
00000000000000000000000000000000000000000000000000000000000000000000000000000000000000000000000000000000000000000000000000000000000000000000000000000000000000000000000000000000000000000000000000000000000000000000000000000000000000000000000000000000000000
310
00000000000000000000000000000000000000000000000000000000000000000000000000000000000000000000000000000000000000000000000000000000000000000000000000000000000000000000000000000000000000000000000000000000000000000000000000000000000000000000000000000000000000
310
00000000000000000000000000000000000000000000000000000000000000000000000000000000000000000000000000000000000000000000000000000000000000000000000000000000000000000000000000000000000000000000000000000000000000000000000000000000000000000000000000000000000000
310
00000000000000000000000000000000000000000000000000000000000000000000000000000000000000000000000000000000000000000000000000000000000000000000000000000000000000000000000000000000000000000000000000000000000000000000000000000000000000000000000000000000000000
310
00000000000000000000000000000000000000000000000000000000000000000000000000000000000000000000000000000000000000000000000000000000000000000000000000000000000000000000000000000000000000000000000000000000000000000000000000000000000000000000000000000000000000
310
00000000000000000000000000000000000000000000000000000000000000000000000000000000000000000000000000000000000000000000000000000000000000000000000000000000000000000000000000000000000000000000000000000000000000000000000000000000000000000000000000000000000000
310
00000000000000000000000000000000000000000000000000000000000000000000000000000000000000000000000000000000000000000000000000000000000000000000000000000000000000000000000000000000000000000000000000000000000000000000000000000000000000000000000000000000000000
310
00000000000000000000000000000000000000000000000000000000000000000000000000000000000000000000000000000000000000000000000000000000000000000000000000000000000000000000000000000000000000000000000000000000000000000000000000000000000000000000000000000000000000
310
00000000000000000000000000000000000000000000000000000000000000000000000000000000000000000000000000000000000000000000000000000000000000000000000000000000000000000000000000000000000000000000000000000000000000000000000000000000000000000000000000000000000000
310
00000000000000000000000000000000000000000000000000000000000000000000000000000000000000000000000000000000000000000000000000000000000000000000000000000000000000000000000000000000000000000000000000000000000000000000000000000000000000000000000000000000000000
310
00000000000000000000000000000000000000000000000000000000000000000000000000000000000000000000000000000000000000000000000000000000000000000000000000000000000000000000000000000000000000000000000000000000000000000000000000000000000000000000000000000000000000
310
00000000000000000000000000000000000000000000000000000000000000000000000000000000000000000000000000000000000000000000000000000000000000000000000000000000000000000000000000000000000000000000000000000000000000000000000000000000000000000000000000000000000000
310
00000000000000000000000000000000000000000000000000000000000000000000000000000000000000000000000000000000000000000000000000000000000000000000000000000000000000000000000000000000000000000000000000000000000000000000000000000000000000000000000000000000000000
310
00000000000000000000000000000000000000000000000000000000000000000000000000000000000000000000000000000000000000000000000000000000000000000000000000000000000000000000000000000000000000000000000000000000000000000000000000000000000000000000000000000000000000
310
00000000000000000000000000000000000000000000000000000000000000000000000000000000000000000000000000000000000000000000000000000000000000000000000000000000000000000000000000000000000000000000000000000000000000000000000000000000000000000000000000000000000000
310
00000000000000000000000000000000000000000000000000000000000000000000000000000000000000000000000000000000000000000000000000000000000000000000000000000000000000000000000000000000000000000000000000000000000000000000000000000000000000000000000000000000000000
310
00000000000000000000000000000000000000000000000000000000000000000000000000000000000000000000000000000000000000000000000000000000000000000000000000000000000000000000000000000000000000000000000000000000000000000000000000000000000000000000000000000000000000
310
00000000000000000000000000000000000000000000000000000000000000000000000000000000000000000000000000000000000000000000000000000000000000000000000000000000000000000000000000000000000000000000000000000000000000000000000000000000000000000000000000000000000000
310
00000000000000000000000000000000000000000000000000000000000000000000000000000000000000000000000000000000000000000000000000000000000000000000000000000000000000000000000000000000000000000000000000000000000000000000000000000000000000000000000000000000000000
310
00000000000000000000000000000000000000000000000000000000000000000000000000000000000000000000000000000000000000000000000000000000000000000000000000000000000000000000000000000000000000000000000000000000000000000000000000000000000000000000000000000000000000
310
00000000000000000000000000000000000000000000000000000000000000000000000000000000000000000000000000000000000000000000000000000000000000000000000000000000000000000000000000000000000000000000000000000000000000000000000000000000000000000000000000000000000000
310
00000000000000000000000000000000000000000000000000000000000000000000000000000000000000000000000000000000000000000000000000000000000000000000000000000000000000000000000000000000000000000000000000000000000000000000000000000000000000000000000000000000000000
310
00000000000000000000000000000000000000000000000000000000000000000000000000000000000000000000000000000000000000000000000000000000000000000000000000000000000000000000000000000000000000000000000000000000000000000000000000000000000000000000000000000000000000
310
00000000000000000000000000000000000000000000000000000000000000000000000000000000000000000000000000000000000000000000000000000000000000000000000000000000000000000000000000000000000000000000000000000000000000000000000000000000000000000000000000000000000000
310
00000000000000000000000000000000000000000000000000000000000000000000000000000000000000000000000000000000000000000000000000000000000000000000000000000000000000000000000000000000000000000000000000000000000000000000000000000000000000000000000000000000000000
310
00000000000000000000000000000000000000000000000000000000000000000000000000000000000000000000000000000000000000000000000000000000000000000000000000000000000000000000000000000000000000000000000000000000000000000000000000000000000000000000000000000000000000
310
00000000000000000000000000000000000000000000000000000000000000000000000000000000000000000000000000000000000000000000000000000000000000000000000000000000000000000000000000000000000000000000000000000000000000000000000000000000000000000000000000000000000000
310
00000000000000000000000000000000000000000000000000000000000000000000000000000000000000000000000000000000000000000000000000000000000000000000000000000000000000000000000000000000000000000000000000000000000000000000000000000000000000000000000000000000000000
310
00000000000000000000000000000000000000000000000000000000000000000000000000000000000000000000000000000000000000000000000000000000000000000000000000000000000000000000000000000000000000000000000000000000000000000000000000000000000000000000000000000000000000
310
00000000000000000000000000000000000000000000000000000000000000000000000000000000000000000000000000000000000000000000000000000000000000000000000000000000000000000000000000000000000000000000000000000000000000000000000000000000000000000000000000000000000000
310
00000000000000000000000000000000000000000000000000000000000000000000000000000000000000000000000000000000000000000000000000000000000000000000000000000000000000000000000000000000000000000000000000000000000000000000000000000000000000000000000000000000000000
310
00000000000000000000000000000000000000000000000000000000000000000000000000000000000000000000000000000000000000000000000000000000000000000000000000000000000000000000000000000000000000000000000000000000000000000000000000000000000000000000000000000000000000
310
00000000000000000000000000000000000000000000000000000000000000000000000000000000000000000000000000000000000000000000000000000000000000000000000000000000000000000000000000000000000000000000000000000000000000000000000000000000000000000000000000000000000000
310
00000000000000000000000000000000000000000000000000000000000000000000000000000000000000000000000000000000000000000000000000000000000000000000000000000000000000000000000000000000000000000000000000000000000000000000000000000000000000000000000000000000000000
310
00000000000000000000000000000000000000000000000000000000000000000000000000000000000000000000000000000000000000000000000000000000000000000000000000000000000000000000000000000000000000000000000000000000000000000000000000000000000000000000000000000000000000
310
00000000000000000000000000000000000000000000000000000000000000000000000000000000000000000000000000000000000000000000000000000000000000000000000000000000000000000000000000000000000000000000000000000000000000000000000000000000000000000000000000000000000000
310
00000000000000000000000000000000000000000000000000000000000000000000000000000000000000000000000000000000000000000000000000000000000000000000000000000000000000000000000000000000000000000000000000000000000000000000000000000000000000000000000000000000000000
310
00000000000000000000000000000000000000000000000000000000000000000000000000000000000000000000000000000000000000000000000000000000000000000000000000000000000000000000000000000000000000000000000000000000000000000000000000000000000000000000000000000000000000
310
00000000000000000000000000000000000000000000000000000000000000000000000000000000000000000000000000000000000000000000000000000000000000000000000000000000000000000000000000000000000000000000000000000000000000000000000000000000000000000000000000000000000000
310
00000000000000000000000000000000000000000000000000000000000000000000000000000000000000000000000000000000000000000000000000000000000000000000000000000000000000000000000000000000000000000000000000000000000000000000000000000000000000000000000000000000000000
310
00000000000000000000000000000000000000000000000000000000000000000000000000000000000000000000000000000000000000000000000000000000000000000000000000000000000000000000000000000000000000000000000000000000000000000000000000000000000000000000000000000000000000
310
00000000000000000000000000000000000000000000000000000000000000000000000000000000000000000000000000000000000000000000000000000000000000000000000000000000000000000000000000000000000000000000000000000000000000000000000000000000000000000000000000000000000000
310
00000000000000000000000000000000000000000000000000000000000000000000000000000000000000000000000000000000000000000000000000000000000000000000000000000000000000000000000000000000000000000000000000000000000000000000000000000000000000000000000000000000000000
310
00000000000000000000000000000000000000000000000000000000000000000000000000000000000000000000000000000000000000000000000000000000000000000000000000000000000000000000000000000000000000000000000000000000000000000000000000000000000000000000000000000000000000
310
00000000000000000000000000000000000000000000000000000000000000000000000000000000000000000000000000000000000000000000000000000000000000000000000000000000000000000000000000000000000000000000000000000000000000000000000000000000000000000000000000000000000000
310
00000000000000000000000000000000000000000000000000000000000000000000000000000000000000000000000000000000000000000000000000000000000000000000000000000000000000000000000000000000000000000000000000000000000000000000000000000000000000000000000000000000000000
310
00000000000000000000000000000000000000000000000000000000000000000000000000000000000000000000000000000000000000000000000000000000000000000000000000000000000000000000000000000000000000000000000000000000000000000000000000000000000000000000000000000000000000
310
00000000000000000000000000000000000000000000000000000000000000000000000000000000000000000000000000000000000000000000000000000000000000000000000000000000000000000000000000000000000000000000000000000000000000000000000000000000000000000000000000000000000000
310
00000000000000000000000000000000000000000000000000000000000000000000000000000000000000000000000000000000000000000000000000000000000000000000000000000000000000000000000000000000000000000000000000000000000000000000000000000000000000000000000000000000000000
310
00000000000000000000000000000000000000000000000000000000000000000000000000000000000000000000000000000000000000000000000000000000000000000000000000000000000000000000000000000000000000000000000000000000000000000000000000000000000000000000000000000000000000
310
00000000000000000000000000000000000000000000000000000000000000000000000000000000000000000000000000000000000000000000000000000000000000000000000000000000000000000000000000000000000000000000000000000000000000000000000000000000000000000000000000000000000000
310
00000000000000000000000000000000000000000000000000000000000000000000000000000000000000000000000000000000000000000000000000000000000000000000000000000000000000000000000000000000000000000000000000000000000000000000000000000000000000000000000000000000000000
310
00000000000000000000000000000000000000000000000000000000000000000000000000000000000000000000000000000000000000000000000000000000000000000000000000000000000000000000000000000000000000000000000000000000000000000000000000000000000000000000000000000000000000
310
00000000000000000000000000000000000000000000000000000000000000000000000000000000000000000000000000000000000000000000000000000000000000000000000000000000000000000000000000000000000000000000000000000000000000000000000000000000000000000000000000000000000000
310
00000000000000000000000000000000000000000000000000000000000000000000000000000000000000000000000000000000000000000000000000000000000000000000000000000000000000000000000000000000000000000000000000000000000000000000000000000000000000000000000000000000000000
310
00000000000000000000000000000000000000000000000000000000000000000000000000000000000000000000000000000000000000000000000000000000000000000000000000000000000000000000000000000000000000000000000000000000000000000000000000000000000000000000000000000000000000
310
00000000000000000000000000000000000000000000000000000000000000000000000000000000000000000000000000000000000000000000000000000000000000000000000000000000000000000000000000000000000000000000000000000000000000000000000000000000000000000000000000000000000000
310
00000000000000000000000000000000000000000000000000000000000000000000000000000000000000000000000000000000000000000000000000000000000000000000000000000000000000000000000000000000000000000000000000000000000000000000000000000000000000000000000000000000000000
310
00000000000000000000000000000000000000000000000000000000000000000000000000000000000000000000000000000000000000000000000000000000000000000000000000000000000000000000000000000000000000000000000000000000000000000000000000000000000000000000000000000000000000
310
00000000000000000000000000000000000000000000000000000000000000000000000000000000000000000000000000000000000000000000000000000000000000000000000000000000000000000000000000000000000000000000000000000000000000000000000000000000000000000000000000000000000000
310
00000000000000000000000000000000000000000000000000000000000000000000000000000000000000000000000000000000000000000000000000000000000000000000000000000000000000000000000000000000000000000000000000000000000000000000000000000000000000000000000000000000000000
310
00000000000000000000000000000000000000000000000000000000000000000000000000000000000000000000000000000000000000000000000000000000000000000000000000000000000000000000000000000000000000000000000000000000000000000000000000000000000000000000000000000000000000
310
00000000000000000000000000000000000000000000000000000000000000000000000000000000000000000000000000000000000000000000000000000000000000000000000000000000000000000000000000000000000000000000000000000000000000000000000000000000000000000000000000000000000000
310
00000000000000000000000000000000000000000000000000000000000000000000000000000000000000000000000000000000000000000000000000000000000000000000000000000000000000000000000000000000000000000000000000000000000000000000000000000000000000000000000000000000000000
310
00000000000000000000000000000000000000000000000000000000000000000000000000000000000000000000000000000000000000000000000000000000000000000000000000000000000000000000000000000000000000000000000000000000000000000000000000000000000000000000000000000000000000
310
00000000000000000000000000000000000000000000000000000000000000000000000000000000000000000000000000000000000000000000000000000000000000000000000000000000000000000000000000000000000000000000000000000000000000000000000000000000000000000000000000000000000000
310
00000000000000000000000000000000000000000000000000000000000000000000000000000000000000000000000000000000000000000000000000000000000000000000000000000000000000000000000000000000000000000000000000000000000000000000000000000000000000000000000000000000000000
310
00000000000000000000000000000000000000000000000000000000000000000000000000000000000000000000000000000000000000000000000000000000000000000000000000000000000000000000000000000000000000000000000000000000000000000000000000000000000000000000000000000000000000
310
00000000000000000000000000000000000000000000000000000000000000000000000000000000000000000000000000000000000000000000000000000000000000000000000000000000000000000000000000000000000000000000000000000000000000000000000000000000000000000000000000000000000000
310
00000000000000000000000000000000000000000000000000000000000000000000000000000000000000000000000000000000000000000000000000000000000000000000000000000000000000000000000000000000000000000000000000000000000000000000000000000000000000000000000000000000000000
310
00000000000000000000000000000000000000000000000000000000000000000000000000000000000000000000000000000000000000000000000000000000000000000000000000000000000000000000000000000000000000000000000000000000000000000000000000000000000000000000000000000000000000
310
00000000000000000000000000000000000000000000000000000000000000000000000000000000000000000000000000000000000000000000000000000000000000000000000000000000000000000000000000000000000000000000000000000000000000000000000000000000000000000000000000000000000000
310
00000000000000000000000000000000000000000000000000000000000000000000000000000000000000000000000000000000000000000000000000000000000000000000000000000000000000000000000000000000000000000000000000000000000000000000000000000000000000000000000000000000000000
310
00000000000000000000000000000000000000000000000000000000000000000000000000000000000000000000000000000000000000000000000000000000000000000000000000000000000000000000000000000000000000000000000000000000000000000000000000000000000000000000000000000000000000
310
00000000000000000000000000000000000000000000000000000000000000000000000000000000000000000000000000000000000000000000000000000000000000000000000000000000000000000000000000000000000000000000000000000000000000000000000000000000000000000000000000000000000000
310
00000000000000000000000000000000000000000000000000000000000000000000000000000000000000000000000000000000000000000000000000000000000000000000000000000000000000000000000000000000000000000000000000000000000000000000000000000000000000000000000000000000000000
310
00000000000000000000000000000000000000000000000000000000000000000000000000000000000000000000000000000000000000000000000000000000000000000000000000000000000000000000000000000000000000000000000000000000000000000000000000000000000000000000000000000000000000
310
00000000000000000000000000000000000000000000000000000000000000000000000000000000000000000000000000000000000000000000000000000000000000000000000000000000000000000000000000000000000000000000000000000000000000000000000000000000000000000000000000000000000000
310
00000000000000000000000000000000000000000000000000000000000000000000000000000000000000000000000000000000000000000000000000000000000000000000000000000000000000000000000000000000000000000000000000000000000000000000000000000000000000000000000000000000000000
310
00000000000000000000000000000000000000000000000000000000000000000000000000000000000000000000000000000000000000000000000000000000000000000000000000000000000000000000000000000000000000000000000000000000000000000000000000000000000000000000000000000000000000
310
00000000000000000000000000000000000000000000000000000000000000000000000000000000000000000000000000000000000000000000000000000000000000000000000000000000000000000000000000000000000000000000000000000000000000000000000000000000000000000000000000000000000000
310
00000000000000000000000000000000000000000000000000000000000000000000000000000000000000000000000000000000000000000000000000000000000000000000000000000000000000000000000000000000000000000000000000000000000000000000000000000000000000000000000000000000000000
310
00000000000000000000000000000000000000000000000000000000000000000000000000000000000000000000000000000000000000000000000000000000000000000000000000000000000000000000000000000000000000000000000000000000000000000000000000000000000000000000000000000000000000
310
00000000000000000000000000000000000000000000000000000000000000000000000000000000000000000000000000000000000000000000000000000000000000000000000000000000000000000000000000000000000000000000000000000000000000000000000000000000000000000000000000000000000000
310
00000000000000000000000000000000000000000000000000000000000000000000000000000000000000000000000000000000000000000000000000000000000000000000000000000000000000000000000000000000000000000000000000000000000000000000000000000000000000000000000000000000000000
310
00000000000000000000000000000000000000000000000000000000000000000000000000000000000000000000000000000000000000000000000000000000000000000000000000000000000000000000000000000000000000000000000000000000000000000000000000000000000000000000000000000000000000
310
00000000000000000000000000000000000000000000000000000000000000000000000000000000000000000000000000000000000000000000000000000000000000000000000000000000000000000000000000000000000000000000000000000000000000000000000000000000000000000000000000000000000000
310
00000000000000000000000000000000000000000000000000000000000000000000000000000000000000000000000000000000000000000000000000000000000000000000000000000000000000000000000000000000000000000000000000000000000000000000000000000000000000000000000000000000000000
310
00000000000000000000000000000000000000000000000000000000000000000000000000000000000000000000000000000000000000000000000000000000000000000000000000000000000000000000000000000000000000000000000000000000000000000000000000000000000000000000000000000000000000
310
00000000000000000000000000000000000000000000000000000000000000000000000000000000000000000000000000000000000000000000000000000000000000000000000000000000000000000000000000000000000000000000000000000000000000000000000000000000000000000000000000000000000000
310
00000000000000000000000000000000000000000000000000000000000000000000000000000000000000000000000000000000000000000000000000000000000000000000000000000000000000000000000000000000000000000000000000000000000000000000000000000000000000000000000000000000000000
310
00000000000000000000000000000000000000000000000000000000000000000000000000000000000000000000000000000000000000000000000000000000000000000000000000000000000000000000000000000000000000000000000000000000000000000000000000000000000000000000000000000000000000
310
00000000000000000000000000000000000000000000000000000000000000000000000000000000000000000000000000000000000000000000000000000000000000000000000000000000000000000000000000000000000000000000000000000000000000000000000000000000000000000000000000000000000000
310
00000000000000000000000000000000000000000000000000000000000000000000000000000000000000000000000000000000000000000000000000000000000000000000000000000000000000000000000000000000000000000000000000000000000000000000000000000000000000000000000000000000000000
310
00000000000000000000000000000000000000000000000000000000000000000000000000000000000000000000000000000000000000000000000000000000000000000000000000000000000000000000000000000000000000000000000000000000000000000000000000000000000000000000000000000000000000
310
00000000000000000000000000000000000000000000000000000000000000000000000000000000000000000000000000000000000000000000000000000000000000000000000000000000000000000000000000000000000000000000000000000000000000000000000000000000000000000000000000000000000000
310
00000000000000000000000000000000000000000000000000000000000000000000000000000000000000000000000000000000000000000000000000000000000000000000000000000000000000000000000000000000000000000000000000000000000000000000000000000000000000000000000000000000000000
310
00000000000000000000000000000000000000000000000000000000000000000000000000000000000000000000000000000000000000000000000000000000000000000000000000000000000000000000000000000000000000000000000000000000000000000000000000000000000000000000000000000000000000
310
00000000000000000000000000000000000000000000000000000000000000000000000000000000000000000000000000000000000000000000000000000000000000000000000000000000000000000000000000000000000000000000000000000000000000000000000000000000000000000000000000000000000000
310
00000000000000000000000000000000000000000000000000000000000000000000000000000000000000000000000000000000000000000000000000000000000000000000000000000000000000000000000000000000000000000000000000000000000000000000000000000000000000000000000000000000000000
310
00000000000000000000000000000000000000000000000000000000000000000000000000000000000000000000000000000000000000000000000000000000000000000000000000000000000000000000000000000000000000000000000000000000000000000000000000000000000000000000000000000000000000
310
00000000000000000000000000000000000000000000000000000000000000000000000000000000000000000000000000000000000000000000000000000000000000000000000000000000000000000000000000000000000000000000000000000000000000000000000000000000000000000000000000000000000000
310
00000000000000000000000000000000000000000000000000000000000000000000000000000000000000000000000000000000000000000000000000000000000000000000000000000000000000000000000000000000000000000000000000000000000000000000000000000000000000000000000000000000000000
310
00000000000000000000000000000000000000000000000000000000000000000000000000000000000000000000000000000000000000000000000000000000000000000000000000000000000000000000000000000000000000000000000000000000000000000000000000000000000000000000000000000000000000
310
00000000000000000000000000000000000000000000000000000000000000000000000000000000000000000000000000000000000000000000000000000000000000000000000000000000000000000000000000000000000000000000000000000000000000000000000000000000000000000000000000000000000000
310
00000000000000000000000000000000000000000000000000000000000000000000000000000000000000000000000000000000000000000000000000000000000000000000000000000000000000000000000000000000000000000000000000000000000000000000000000000000000000000000000000000000000000
310
00000000000000000000000000000000000000000000000000000000000000000000000000000000000000000000000000000000000000000000000000000000000000000000000000000000000000000000000000000000000000000000000000000000000000000000000000000000000000000000000000000000000000
310
00000000000000000000000000000000000000000000000000000000000000000000000000000000000000000000000000000000000000000000000000000000000000000000000000000000000000000000000000000000000000000000000000000000000000000000000000000000000000000000000000000000000000
310
00000000000000000000000000000000000000000000000000000000000000000000000000000000000000000000000000000000000000000000000000000000000000000000000000000000000000000000000000000000000000000000000000000000000000000000000000000000000000000000000000000000000000
310
00000000000000000000000000000000000000000000000000000000000000000000000000000000000000000000000000000000000000000000000000000000000000000000000000000000000000000000000000000000000000000000000000000000000000000000000000000000000000000000000000000000000000
310
00000000000000000000000000000000000000000000000000000000000000000000000000000000000000000000000000000000000000000000000000000000000000000000000000000000000000000000000000000000000000000000000000000000000000000000000000000000000000000000000000000000000000
310
00000000000000000000000000000000000000000000000000000000000000000000000000000000000000000000000000000000000000000000000000000000000000000000000000000000000000000000000000000000000000000000000000000000000000000000000000000000000000000000000000000000000000
310
00000000000000000000000000000000000000000000000000000000000000000000000000000000000000000000000000000000000000000000000000000000000000000000000000000000000000000000000000000000000000000000000000000000000000000000000000000000000000000000000000000000000000
310
00000000000000000000000000000000000000000000000000000000000000000000000000000000000000000000000000000000000000000000000000000000000000000000000000000000000000000000000000000000000000000000000000000000000000000000000000000000000000000000000000000000000000
310
00000000000000000000000000000000000000000000000000000000000000000000000000000000000000000000000000000000000000000000000000000000000000000000000000000000000000000000000000000000000000000000000000000000000000000000000000000000000000000000000000000000000000
310
00000000000000000000000000000000000000000000000000000000000000000000000000000000000000000000000000000000000000000000000000000000000000000000000000000000000000000000000000000000000000000000000000000000000000000000000000000000000000000000000000000000000000
310
00000000000000000000000000000000000000000000000000000000000000000000000000000000000000000000000000000000000000000000000000000000000000000000000000000000000000000000000000000000000000000000000000000000000000000000000000000000000000000000000000000000000000
310
00000000000000000000000000000000000000000000000000000000000000000000000000000000000000000000000000000000000000000000000000000000000000000000000000000000000000000000000000000000000000000000000000000000000000000000000000000000000000000000000000000000000000
310
00000000000000000000000000000000000000000000000000000000000000000000000000000000000000000000000000000000000000000000000000000000000000000000000000000000000000000000000000000000000000000000000000000000000000000000000000000000000000000000000000000000000000
310
00000000000000000000000000000000000000000000000000000000000000000000000000000000000000000000000000000000000000000000000000000000000000000000000000000000000000000000000000000000000000000000000000000000000000000000000000000000000000000000000000000000000000
310
00000000000000000000000000000000000000000000000000000000000000000000000000000000000000000000000000000000000000000000000000000000000000000000000000000000000000000000000000000000000000000000000000000000000000000000000000000000000000000000000000000000000000
310
00000000000000000000000000000000000000000000000000000000000000000000000000000000000000000000000000000000000000000000000000000000000000000000000000000000000000000000000000000000000000000000000000000000000000000000000000000000000000000000000000000000000000
310
00000000000000000000000000000000000000000000000000000000000000000000000000000000000000000000000000000000000000000000000000000000000000000000000000000000000000000000000000000000000000000000000000000000000000000000000000000000000000000000000000000000000000
310
00000000000000000000000000000000000000000000000000000000000000000000000000000000000000000000000000000000000000000000000000000000000000000000000000000000000000000000000000000000000000000000000000000000000000000000000000000000000000000000000000000000000000
310
00000000000000000000000000000000000000000000000000000000000000000000000000000000000000000000000000000000000000000000000000000000000000000000000000000000000000000000000000000000000000000000000000000000000000000000000000000000000000000000000000000000000000
310
00000000000000000000000000000000000000000000000000000000000000000000000000000000000000000000000000000000000000000000000000000000000000000000000000000000000000000000000000000000000000000000000000000000000000000000000000000000000000000000000000000000000000
310
00000000000000000000000000000000000000000000000000000000000000000000000000000000000000000000000000000000000000000000000000000000000000000000000000000000000000000000000000000000000000000000000000000000000000000000000000000000000000000000000000000000000000
310
00000000000000000000000000000000000000000000000000000000000000000000000000000000000000000000000000000000000000000000000000000000000000000000000000000000000000000000000000000000000000000000000000000000000000000000000000000000000000000000000000000000000000
310
00000000000000000000000000000000000000000000000000000000000000000000000000000000000000000000000000000000000000000000000000000000000000000000000000000000000000000000000000000000000000000000000000000000000000000000000000000000000000000000000000000000000000
310
00000000000000000000000000000000000000000000000000000000000000000000000000000000000000000000000000000000000000000000000000000000000000000000000000000000000000000000000000000000000000000000000000000000000000000000000000000000000000000000000000000000000000
310
00000000000000000000000000000000000000000000000000000000000000000000000000000000000000000000000000000000000000000000000000000000000000000000000000000000000000000000000000000000000000000000000000000000000000000000000000000000000000000000000000000000000000
310
00000000000000000000000000000000000000000000000000000000000000000000000000000000000000000000000000000000000000000000000000000000000000000000000000000000000000000000000000000000000000000000000000000000000000000000000000000000000000000000000000000000000000
310
00000000000000000000000000000000000000000000000000000000000000000000000000000000000000000000000000000000000000000000000000000000000000000000000000000000000000000000000000000000000000000000000000000000000000000000000000000000000000000000000000000000000000
310
00000000000000000000000000000000000000000000000000000000000000000000000000000000000000000000000000000000000000000000000000000000000000000000000000000000000000000000000000000000000000000000000000000000000000000000000000000000000000000000000000000000000000
310
00000000000000000000000000000000000000000000000000000000000000000000000000000000000000000000000000000000000000000000000000000000000000000000000000000000000000000000000000000000000000000000000000000000000000000000000000000000000000000000000000000000000000
310
00000000000000000000000000000000000000000000000000000000000000000000000000000000000000000000000000000000000000000000000000000000000000000000000000000000000000000000000000000000000000000000000000000000000000000000000000000000000000000000000000000000000000
310
00000000000000000000000000000000000000000000000000000000000000000000000000000000000000000000000000000000000000000000000000000000000000000000000000000000000000000000000000000000000000000000000000000000000000000000000000000000000000000000000000000000000000
310
00000000000000000000000000000000000000000000000000000000000000000000000000000000000000000000000000000000000000000000000000000000000000000000000000000000000000000000000000000000000000000000000000000000000000000000000000000000000000000000000000000000000000
310
00000000000000000000000000000000000000000000000000000000000000000000000000000000000000000000000000000000000000000000000000000000000000000000000000000000000000000000000000000000000000000000000000000000000000000000000000000000000000000000000000000000000000
310
00000000000000000000000000000000000000000000000000000000000000000000000000000000000000000000000000000000000000000000000000000000000000000000000000000000000000000000000000000000000000000000000000000000000000000000000000000000000000000000000000000000000000
310
00000000000000000000000000000000000000000000000000000000000000000000000000000000000000000000000000000000000000000000000000000000000000000000000000000000000000000000000000000000000000000000000000000000000000000000000000000000000000000000000000000000000000
310
00000000000000000000000000000000000000000000000000000000000000000000000000000000000000000000000000000000000000000000000000000000000000000000000000000000000000000000000000000000000000000000000000000000000000000000000000000000000000000000000000000000000000
310
00000000000000000000000000000000000000000000000000000000000000000000000000000000000000000000000000000000000000000000000000000000000000000000000000000000000000000000000000000000000000000000000000000000000000000000000000000000000000000000000000000000000000
310
00000000000000000000000000000000000000000000000000000000000000000000000000000000000000000000000000000000000000000000000000000000000000000000000000000000000000000000000000000000000000000000000000000000000000000000000000000000000000000000000000000000000000
310
00000000000000000000000000000000000000000000000000000000000000000000000000000000000000000000000000000000000000000000000000000000000000000000000000000000000000000000000000000000000000000000000000000000000000000000000000000000000000000000000000000000000000
310
00000000000000000000000000000000000000000000000000000000000000000000000000000000000000000000000000000000000000000000000000000000000000000000000000000000000000000000000000000000000000000000000000000000000000000000000000000000000000000000000000000000000000
310
00000000000000000000000000000000000000000000000000000000000000000000000000000000000000000000000000000000000000000000000000000000000000000000000000000000000000000000000000000000000000000000000000000000000000000000000000000000000000000000000000000000000000
310
00000000000000000000000000000000000000000000000000000000000000000000000000000000000000000000000000000000000000000000000000000000000000000000000000000000000000000000000000000000000000000000000000000000000000000000000000000000000000000000000000000000000000
310
00000000000000000000000000000000000000000000000000000000000000000000000000000000000000000000000000000000000000000000000000000000000000000000000000000000000000000000000000000000000000000000000000000000000000000000000000000000000000000000000000000000000000
310
00000000000000000000000000000000000000000000000000000000000000000000000000000000000000000000000000000000000000000000000000000000000000000000000000000000000000000000000000000000000000000000000000000000000000000000000000000000000000000000000000000000000000
310
00000000000000000000000000000000000000000000000000000000000000000000000000000000000000000000000000000000000000000000000000000000000000000000000000000000000000000000000000000000000000000000000000000000000000000000000000000000000000000000000000000000000000
310
00000000000000000000000000000000000000000000000000000000000000000000000000000000000000000000000000000000000000000000000000000000000000000000000000000000000000000000000000000000000000000000000000000000000000000000000000000000000000000000000000000000000000
310
00000000000000000000000000000000000000000000000000000000000000000000000000000000000000000000000000000000000000000000000000000000000000000000000000000000000000000000000000000000000000000000000000000000000000000000000000000000000000000000000000000000000000
310
00000000000000000000000000000000000000000000000000000000000000000000000000000000000000000000000000000000000000000000000000000000000000000000000000000000000000000000000000000000000000000000000000000000000000000000000000000000000000000000000000000000000000
310
00000000000000000000000000000000000000000000000000000000000000000000000000000000000000000000000000000000000000000000000000000000000000000000000000000000000000000000000000000000000000000000000000000000000000000000000000000000000000000000000000000000000000
310
00000000000000000000000000000000000000000000000000000000000000000000000000000000000000000000000000000000000000000000000000000000000000000000000000000000000000000000000000000000000000000000000000000000000000000000000000000000000000000000000000000000000000
310
00000000000000000000000000000000000000000000000000000000000000000000000000000000000000000000000000000000000000000000000000000000000000000000000000000000000000000000000000000000000000000000000000000000000000000000000000000000000000000000000000000000000000
310
00000000000000000000000000000000000000000000000000000000000000000000000000000000000000000000000000000000000000000000000000000000000000000000000000000000000000000000000000000000000000000000000000000000000000000000000000000000000000000000000000000000000000
310
00000000000000000000000000000000000000000000000000000000000000000000000000000000000000000000000000000000000000000000000000000000000000000000000000000000000000000000000000000000000000000000000000000000000000000000000000000000000000000000000000000000000000
310
00000000000000000000000000000000000000000000000000000000000000000000000000000000000000000000000000000000000000000000000000000000000000000000000000000000000000000000000000000000000000000000000000000000000000000000000000000000000000000000000000000000000000
310
00000000000000000000000000000000000000000000000000000000000000000000000000000000000000000000000000000000000000000000000000000000000000000000000000000000000000000000000000000000000000000000000000000000000000000000000000000000000000000000000000000000000000
310
00000000000000000000000000000000000000000000000000000000000000000000000000000000000000000000000000000000000000000000000000000000000000000000000000000000000000000000000000000000000000000000000000000000000000000000000000000000000000000000000000000000000000
310
00000000000000000000000000000000000000000000000000000000000000000000000000000000000000000000000000000000000000000000000000000000000000000000000000000000000000000000000000000000000000000000000000000000000000000000000000000000000000000000000000000000000000
310
00000000000000000000000000000000000000000000000000000000000000000000000000000000000000000000000000000000000000000000000000000000000000000000000000000000000000000000000000000000000000000000000000000000000000000000000000000000000000000000000000000000000000
310
00000000000000000000000000000000000000000000000000000000000000000000000000000000000000000000000000000000000000000000000000000000000000000000000000000000000000000000000000000000000000000000000000000000000000000000000000000000000000000000000000000000000000
310
00000000000000000000000000000000000000000000000000000000000000000000000000000000000000000000000000000000000000000000000000000000000000000000000000000000000000000000000000000000000000000000000000000000000000000000000000000000000000000000000000000000000000
310
00000000000000000000000000000000000000000000000000000000000000000000000000000000000000000000000000000000000000000000000000000000000000000000000000000000000000000000000000000000000000000000000000000000000000000000000000000000000000000000000000000000000000
310
00000000000000000000000000000000000000000000000000000000000000000000000000000000000000000000000000000000000000000000000000000000000000000000000000000000000000000000000000000000000000000000000000000000000000000000000000000000000000000000000000000000000000
310
00000000000000000000000000000000000000000000000000000000000000000000000000000000000000000000000000000000000000000000000000000000000000000000000000000000000000000000000000000000000000000000000000000000000000000000000000000000000000000000000000000000000000
310
00000000000000000000000000000000000000000000000000000000000000000000000000000000000000000000000000000000000000000000000000000000000000000000000000000000000000000000000000000000000000000000000000000000000000000000000000000000000000000000000000000000000000
310
00000000000000000000000000000000000000000000000000000000000000000000000000000000000000000000000000000000000000000000000000000000000000000000000000000000000000000000000000000000000000000000000000000000000000000000000000000000000000000000000000000000000000
310
00000000000000000000000000000000000000000000000000000000000000000000000000000000000000000000000000000000000000000000000000000000000000000000000000000000000000000000000000000000000000000000000000000000000000000000000000000000000000000000000000000000000000
310
00000000000000000000000000000000000000000000000000000000000000000000000000000000000000000000000000000000000000000000000000000000000000000000000000000000000000000000000000000000000000000000000000000000000000000000000000000000000000000000000000000000000000
310
00000000000000000000000000000000000000000000000000000000000000000000000000000000000000000000000000000000000000000000000000000000000000000000000000000000000000000000000000000000000000000000000000000000000000000000000000000000000000000000000000000000000000
310
00000000000000000000000000000000000000000000000000000000000000000000000000000000000000000000000000000000000000000000000000000000000000000000000000000000000000000000000000000000000000000000000000000000000000000000000000000000000000000000000000000000000000
310
00000000000000000000000000000000000000000000000000000000000000000000000000000000000000000000000000000000000000000000000000000000000000000000000000000000000000000000000000000000000000000000000000000000000000000000000000000000000000000000000000000000000000
310
00000000000000000000000000000000000000000000000000000000000000000000000000000000000000000000000000000000000000000000000000000000000000000000000000000000000000000000000000000000000000000000000000000000000000000000000000000000000000000000000000000000000000
310
00000000000000000000000000000000000000000000000000000000000000000000000000000000000000000000000000000000000000000000000000000000000000000000000000000000000000000000000000000000000000000000000000000000000000000000000000000000000000000000000000000000000000
310
00000000000000000000000000000000000000000000000000000000000000000000000000000000000000000000000000000000000000000000000000000000000000000000000000000000000000000000000000000000000000000000000000000000000000000000000000000000000000000000000000000000000000
310
00000000000000000000000000000000000000000000000000000000000000000000000000000000000000000000000000000000000000000000000000000000000000000000000000000000000000000000000000000000000000000000000000000000000000000000000000000000000000000000000000000000000000
310
00000000000000000000000000000000000000000000000000000000000000000000000000000000000000000000000000000000000000000000000000000000000000000000000000000000000000000000000000000000000000000000000000000000000000000000000000000000000000000000000000000000000000
310
00000000000000000000000000000000000000000000000000000000000000000000000000000000000000000000000000000000000000000000000000000000000000000000000000000000000000000000000000000000000000000000000000000000000000000000000000000000000000000000000000000000000000
310
00000000000000000000000000000000000000000000000000000000000000000000000000000000000000000000000000000000000000000000000000000000000000000000000000000000000000000000000000000000000000000000000000000000000000000000000000000000000000000000000000000000000000
310
00000000000000000000000000000000000000000000000000000000000000000000000000000000000000000000000000000000000000000000000000000000000000000000000000000000000000000000000000000000000000000000000000000000000000000000000000000000000000000000000000000000000000
310
00000000000000000000000000000000000000000000000000000000000000000000000000000000000000000000000000000000000000000000000000000000000000000000000000000000000000000000000000000000000000000000000000000000000000000000000000000000000000000000000000000000000000
310
00000000000000000000000000000000000000000000000000000000000000000000000000000000000000000000000000000000000000000000000000000000000000000000000000000000000000000000000000000000000000000000000000000000000000000000000000000000000000000000000000000000000000
310
00000000000000000000000000000000000000000000000000000000000000000000000000000000000000000000000000000000000000000000000000000000000000000000000000000000000000000000000000000000000000000000000000000000000000000000000000000000000000000000000000000000000000
310
00000000000000000000000000000000000000000000000000000000000000000000000000000000000000000000000000000000000000000000000000000000000000000000000000000000000000000000000000000000000000000000000000000000000000000000000000000000000000000000000000000000000000
310
00000000000000000000000000000000000000000000000000000000000000000000000000000000000000000000000000000000000000000000000000000000000000000000000000000000000000000000000000000000000000000000000000000000000000000000000000000000000000000000000000000000000000
310
00000000000000000000000000000000000000000000000000000000000000000000000000000000000000000000000000000000000000000000000000000000000000000000000000000000000000000000000000000000000000000000000000000000000000000000000000000000000000000000000000000000000000
310
00000000000000000000000000000000000000000000000000000000000000000000000000000000000000000000000000000000000000000000000000000000000000000000000000000000000000000000000000000000000000000000000000000000000000000000000000000000000000000000000000000000000000
310
00000000000000000000000000000000000000000000000000000000000000000000000000000000000000000000000000000000000000000000000000000000000000000000000000000000000000000000000000000000000000000000000000000000000000000000000000000000000000000000000000000000000000
310
00000000000000000000000000000000000000000000000000000000000000000000000000000000000000000000000000000000000000000000000000000000000000000000000000000000000000000000000000000000000000000000000000000000000000000000000000000000000000000000000000000000000000
310
00000000000000000000000000000000000000000000000000000000000000000000000000000000000000000000000000000000000000000000000000000000000000000000000000000000000000000000000000000000000000000000000000000000000000000000000000000000000000000000000000000000000000
310
00000000000000000000000000000000000000000000000000000000000000000000000000000000000000000000000000000000000000000000000000000000000000000000000000000000000000000000000000000000000000000000000000000000000000000000000000000000000000000000000000000000000000
310
00000000000000000000000000000000000000000000000000000000000000000000000000000000000000000000000000000000000000000000000000000000000000000000000000000000000000000000000000000000000000000000000000000000000000000000000000000000000000000000000000000000000000
310
00000000000000000000000000000000000000000000000000000000000000000000000000000000000000000000000000000000000000000000000000000000000000000000000000000000000000000000000000000000000000000000000000000000000000000000000000000000000000000000000000000000000000
310
00000000000000000000000000000000000000000000000000000000000000000000000000000000000000000000000000000000000000000000000000000000000000000000000000000000000000000000000000000000000000000000000000000000000000000000000000000000000000000000000000000000000000
310
00000000000000000000000000000000000000000000000000000000000000000000000000000000000000000000000000000000000000000000000000000000000000000000000000000000000000000000000000000000000000000000000000000000000000000000000000000000000000000000000000000000000000
310
00000000000000000000000000000000000000000000000000000000000000000000000000000000000000000000000000000000000000000000000000000000000000000000000000000000000000000000000000000000000000000000000000000000000000000000000000000000000000000000000000000000000000
310
00000000000000000000000000000000000000000000000000000000000000000000000000000000000000000000000000000000000000000000000000000000000000000000000000000000000000000000000000000000000000000000000000000000000000000000000000000000000000000000000000000000000000
310
00000000000000000000000000000000000000000000000000000000000000000000000000000000000000000000000000000000000000000000000000000000000000000000000000000000000000000000000000000000000000000000000000000000000000000000000000000000000000000000000000000000000000
310
00000000000000000000000000000000000000000000000000000000000000000000000000000000000000000000000000000000000000000000000000000000000000000000000000000000000000000000000000000000000000000000000000000000000000000000000000000000000000000000000000000000000000
310
00000000000000000000000000000000000000000000000000000000000000000000000000000000000000000000000000000000000000000000000000000000000000000000000000000000000000000000000000000000000000000000000000000000000000000000000000000000000000000000000000000000000000
310
00000000000000000000000000000000000000000000000000000000000000000000000000000000000000000000000000000000000000000000000000000000000000000000000000000000000000000000000000000000000000000000000000000000000000000000000000000000000000000000000000000000000000
310
00000000000000000000000000000000000000000000000000000000000000000000000000000000000000000000000000000000000000000000000000000000000000000000000000000000000000000000000000000000000000000000000000000000000000000000000000000000000000000000000000000000000000
310
00000000000000000000000000000000000000000000000000000000000000000000000000000000000000000000000000000000000000000000000000000000000000000000000000000000000000000000000000000000000000000000000000000000000000000000000000000000000000000000000000000000000000
310
00000000000000000000000000000000000000000000000000000000000000000000000000000000000000000000000000000000000000000000000000000000000000000000000000000000000000000000000000000000000000000000000000000000000000000000000000000000000000000000000000000000000000
310
00000000000000000000000000000000000000000000000000000000000000000000000000000000000000000000000000000000000000000000000000000000000000000000000000000000000000000000000000000000000000000000000000000000000000000000000000000000000000000000000000000000000000
310
00000000000000000000000000000000000000000000000000000000000000000000000000000000000000000000000000000000000000000000000000000000000000000000000000000000000000000000000000000000000000000000000000000000000000000000000000000000000000000000000000000000000000
310
00000000000000000000000000000000000000000000000000000000000000000000000000000000000000000000000000000000000000000000000000000000000000000000000000000000000000000000000000000000000000000000000000000000000000000000000000000000000000000000000000000000000000
310
00000000000000000000000000000000000000000000000000000000000000000000000000000000000000000000000000000000000000000000000000000000000000000000000000000000000000000000000000000000000000000000000000000000000000000000000000000000000000000000000000000000000000
310
00000000000000000000000000000000000000000000000000000000000000000000000000000000000000000000000000000000000000000000000000000000000000000000000000000000000000000000000000000000000000000000000000000000000000000000000000000000000000000000000000000000000000
310
00000000000000000000000000000000000000000000000000000000000000000000000000000000000000000000000000000000000000000000000000000000000000000000000000000000000000000000000000000000000000000000000000000000000000000000000000000000000000000000000000000000000000
310
00000000000000000000000000000000000000000000000000000000000000000000000000000000000000000000000000000000000000000000000000000000000000000000000000000000000000000000000000000000000000000000000000000000000000000000000000000000000000000000000000000000000000
310
00000000000000000000000000000000000000000000000000000000000000000000000000000000000000000000000000000000000000000000000000000000000000000000000000000000000000000000000000000000000000000000000000000000000000000000000000000000000000000000000000000000000000
310
00000000000000000000000000000000000000000000000000000000000000000000000000000000000000000000000000000000000000000000000000000000000000000000000000000000000000000000000000000000000000000000000000000000000000000000000000000000000000000000000000000000000000
310
00000000000000000000000000000000000000000000000000000000000000000000000000000000000000000000000000000000000000000000000000000000000000000000000000000000000000000000000000000000000000000000000000000000000000000000000000000000000000000000000000000000000000
310
00000000000000000000000000000000000000000000000000000000000000000000000000000000000000000000000000000000000000000000000000000000000000000000000000000000000000000000000000000000000000000000000000000000000000000000000000000000000000000000000000000000000000
310
00000000000000000000000000000000000000000000000000000000000000000000000000000000000000000000000000000000000000000000000000000000000000000000000000000000000000000000000000000000000000000000000000000000000000000000000000000000000000000000000000000000000000
310
00000000000000000000000000000000000000000000000000000000000000000000000000000000000000000000000000000000000000000000000000000000000000000000000000000000000000000000000000000000000000000000000000000000000000000000000000000000000000000000000000000000000000
310
00000000000000000000000000000000000000000000000000000000000000000000000000000000000000000000000000000000000000000000000000000000000000000000000000000000000000000000000000000000000000000000000000000000000000000000000000000000000000000000000000000000000000
310
00000000000000000000000000000000000000000000000000000000000000000000000000000000000000000000000000000000000000000000000000000000000000000000000000000000000000000000000000000000000000000000000000000000000000000000000000000000000000000000000000000000000000
310
00000000000000000000000000000000000000000000000000000000000000000000000000000000000000000000000000000000000000000000000000000000000000000000000000000000000000000000000000000000000000000000000000000000000000000000000000000000000000000000000000000000000000
310
00000000000000000000000000000000000000000000000000000000000000000000000000000000000000000000000000000000000000000000000000000000000000000000000000000000000000000000000000000000000000000000000000000000000000000000000000000000000000000000000000000000000000
310
00000000000000000000000000000000000000000000000000000000000000000000000000000000000000000000000000000000000000000000000000000000000000000000000000000000000000000000000000000000000000000000000000000000000000000000000000000000000000000000000000000000000000
310
00000000000000000000000000000000000000000000000000000000000000000000000000000000000000000000000000000000000000000000000000000000000000000000000000000000000000000000000000000000000000000000000000000000000000000000000000000000000000000000000000000000000000
310
00000000000000000000000000000000000000000000000000000000000000000000000000000000000000000000000000000000000000000000000000000000000000000000000000000000000000000000000000000000000000000000000000000000000000000000000000000000000000000000000000000000000000
310
00000000000000000000000000000000000000000000000000000000000000000000000000000000000000000000000000000000000000000000000000000000000000000000000000000000000000000000000000000000000000000000000000000000000000000000000000000000000000000000000000000000000000
310
00000000000000000000000000000000000000000000000000000000000000000000000000000000000000000000000000000000000000000000000000000000000000000000000000000000000000000000000000000000000000000000000000000000000000000000000000000000000000000000000000000000000000
310
00000000000000000000000000000000000000000000000000000000000000000000000000000000000000000000000000000000000000000000000000000000000000000000000000000000000000000000000000000000000000000000000000000000000000000000000000000000000000000000000000000000000000
310
00000000000000000000000000000000000000000000000000000000000000000000000000000000000000000000000000000000000000000000000000000000000000000000000000000000000000000000000000000000000000000000000000000000000000000000000000000000000000000000000000000000000000
310
00000000000000000000000000000000000000000000000000000000000000000000000000000000000000000000000000000000000000000000000000000000000000000000000000000000000000000000000000000000000000000000000000000000000000000000000000000000000000000000000000000000000000
310
00000000000000000000000000000000000000000000000000000000000000000000000000000000000000000000000000000000000000000000000000000000000000000000000000000000000000000000000000000000000000000000000000000000000000000000000000000000000000000000000000000000000000
310
00000000000000000000000000000000000000000000000000000000000000000000000000000000000000000000000000000000000000000000000000000000000000000000000000000000000000000000000000000000000000000000000000000000000000000000000000000000000000000000000000000000000000
310
00000000000000000000000000000000000000000000000000000000000000000000000000000000000000000000000000000000000000000000000000000000000000000000000000000000000000000000000000000000000000000000000000000000000000000000000000000000000000000000000000000000000000
310
00000000000000000000000000000000000000000000000000000000000000000000000000000000000000000000000000000000000000000000000000000000000000000000000000000000000000000000000000000000000000000000000000000000000000000000000000000000000000000000000000000000000000
310
00000000000000000000000000000000000000000000000000000000000000000000000000000000000000000000000000000000000000000000000000000000000000000000000000000000000000000000000000000000000000000000000000000000000000000000000000000000000000000000000000000000000000
310
00000000000000000000000000000000000000000000000000000000000000000000000000000000000000000000000000000000000000000000000000000000000000000000000000000000000000000000000000000000000000000000000000000000000000000000000000000000000000000000000000000000000000
310
00000000000000000000000000000000000000000000000000000000000000000000000000000000000000000000000000000000000000000000000000000000000000000000000000000000000000000000000000000000000000000000000000000000000000000000000000000000000000000000000000000000000000
310
00000000000000000000000000000000000000000000000000000000000000000000000000000000000000000000000000000000000000000000000000000000000000000000000000000000000000000000000000000000000000000000000000000000000000000000000000000000000000000000000000000000000000
310
00000000000000000000000000000000000000000000000000000000000000000000000000000000000000000000000000000000000000000000000000000000000000000000000000000000000000000000000000000000000000000000000000000000000000000000000000000000000000000000000000000000000000
310
00000000000000000000000000000000000000000000000000000000000000000000000000000000000000000000000000000000000000000000000000000000000000000000000000000000000000000000000000000000000000000000000000000000000000000000000000000000000000000000000000000000000000
310
00000000000000000000000000000000000000000000000000000000000000000000000000000000000000000000000000000000000000000000000000000000000000000000000000000000000000000000000000000000000000000000000000000000000000000000000000000000000000000000000000000000000000
310
00000000000000000000000000000000000000000000000000000000000000000000000000000000000000000000000000000000000000000000000000000000000000000000000000000000000000000000000000000000000000000000000000000000000000000000000000000000000000000000000000000000000000
310
00000000000000000000000000000000000000000000000000000000000000000000000000000000000000000000000000000000000000000000000000000000000000000000000000000000000000000000000000000000000000000000000000000000000000000000000000000000000000000000000000000000000000
310
00000000000000000000000000000000000000000000000000000000000000000000000000000000000000000000000000000000000000000000000000000000000000000000000000000000000000000000000000000000000000000000000000000000000000000000000000000000000000000000000000000000000000
310
00000000000000000000000000000000000000000000000000000000000000000000000000000000000000000000000000000000000000000000000000000000000000000000000000000000000000000000000000000000000000000000000000000000000000000000000000000000000000000000000000000000000000
310
00000000000000000000000000000000000000000000000000000000000000000000000000000000000000000000000000000000000000000000000000000000000000000000000000000000000000000000000000000000000000000000000000000000000000000000000000000000000000000000000000000000000000
310
00000000000000000000000000000000000000000000000000000000000000000000000000000000000000000000000000000000000000000000000000000000000000000000000000000000000000000000000000000000000000000000000000000000000000000000000000000000000000000000000000000000000000
310
00000000000000000000000000000000000000000000000000000000000000000000000000000000000000000000000000000000000000000000000000000000000000000000000000000000000000000000000000000000000000000000000000000000000000000000000000000000000000000000000000000000000000
310
00000000000000000000000000000000000000000000000000000000000000000000000000000000000000000000000000000000000000000000000000000000000000000000000000000000000000000000000000000000000000000000000000000000000000000000000000000000000000000000000000000000000000
310
00000000000000000000000000000000000000000000000000000000000000000000000000000000000000000000000000000000000000000000000000000000000000000000000000000000000000000000000000000000000000000000000000000000000000000000000000000000000000000000000000000000000000
310
00000000000000000000000000000000000000000000000000000000000000000000000000000000000000000000000000000000000000000000000000000000000000000000000000000000000000000000000000000000000000000000000000000000000000000000000000000000000000000000000000000000000000
310
00000000000000000000000000000000000000000000000000000000000000000000000000000000000000000000000000000000000000000000000000000000000000000000000000000000000000000000000000000000000000000000000000000000000000000000000000000000000000000000000000000000000000
310
00000000000000000000000000000000000000000000000000000000000000000000000000000000000000000000000000000000000000000000000000000000000000000000000000000000000000000000000000000000000000000000000000000000000000000000000000000000000000000000000000000000000000
310
00000000000000000000000000000000000000000000000000000000000000000000000000000000000000000000000000000000000000000000000000000000000000000000000000000000000000000000000000000000000000000000000000000000000000000000000000000000000000000000000000000000000000
310
00000000000000000000000000000000000000000000000000000000000000000000000000000000000000000000000000000000000000000000000000000000000000000000000000000000000000000000000000000000000000000000000000000000000000000000000000000000000000000000000000000000000000
310
00000000000000000000000000000000000000000000000000000000000000000000000000000000000000000000000000000000000000000000000000000000000000000000000000000000000000000000000000000000000000000000000000000000000000000000000000000000000000000000000000000000000000
310
00000000000000000000000000000000000000000000000000000000000000000000000000000000000000000000000000000000000000000000000000000000000000000000000000000000000000000000000000000000000000000000000000000000000000000000000000000000000000000000000000000000000000
310
00000000000000000000000000000000000000000000000000000000000000000000000000000000000000000000000000000000000000000000000000000000000000000000000000000000000000000000000000000000000000000000000000000000000000000000000000000000000000000000000000000000000000
310
00000000000000000000000000000000000000000000000000000000000000000000000000000000000000000000000000000000000000000000000000000000000000000000000000000000000000000000000000000000000000000000000000000000000000000000000000000000000000000000000000000000000000
310
00000000000000000000000000000000000000000000000000000000000000000000000000000000000000000000000000000000000000000000000000000000000000000000000000000000000000000000000000000000000000000000000000000000000000000000000000000000000000000000000000000000000000
310
00000000000000000000000000000000000000000000000000000000000000000000000000000000000000000000000000000000000000000000000000000000000000000000000000000000000000000000000000000000000000000000000000000000000000000000000000000000000000000000000000000000000000
310
00000000000000000000000000000000000000000000000000000000000000000000000000000000000000000000000000000000000000000000000000000000000000000000000000000000000000000000000000000000000000000000000000000000000000000000000000000000000000000000000000000000000000
310
00000000000000000000000000000000000000000000000000000000000000000000000000000000000000000000000000000000000000000000000000000000000000000000000000000000000000000000000000000000000000000000000000000000000000000000000000000000000000000000000000000000000000
310
00000000000000000000000000000000000000000000000000000000000000000000000000000000000000000000000000000000000000000000000000000000000000000000000000000000000000000000000000000000000000000000000000000000000000000000000000000000000000000000000000000000000000
310
00000000000000000000000000000000000000000000000000000000000000000000000000000000000000000000000000000000000000000000000000000000000000000000000000000000000000000000000000000000000000000000000000000000000000000000000000000000000000000000000000000000000000
310
00000000000000000000000000000000000000000000000000000000000000000000000000000000000000000000000000000000000000000000000000000000000000000000000000000000000000000000000000000000000000000000000000000000000000000000000000000000000000000000000000000000000000
310
00000000000000000000000000000000000000000000000000000000000000000000000000000000000000000000000000000000000000000000000000000000000000000000000000000000000000000000000000000000000000000000000000000000000000000000000000000000000000000000000000000000000000
310
00000000000000000000000000000000000000000000000000000000000000000000000000000000000000000000000000000000000000000000000000000000000000000000000000000000000000000000000000000000000000000000000000000000000000000000000000000000000000000000000000000000000000
310
00000000000000000000000000000000000000000000000000000000000000000000000000000000000000000000000000000000000000000000000000000000000000000000000000000000000000000000000000000000000000000000000000000000000000000000000000000000000000000000000000000000000000
310
00000000000000000000000000000000000000000000000000000000000000000000000000000000000000000000000000000000000000000000000000000000000000000000000000000000000000000000000000000000000000000000000000000000000000000000000000000000000000000000000000000000000000
310
00000000000000000000000000000000000000000000000000000000000000000000000000000000000000000000000000000000000000000000000000000000000000000000000000000000000000000000000000000000000000000000000000000000000000000000000000000000000000000000000000000000000000
310
00000000000000000000000000000000000000000000000000000000000000000000000000000000000000000000000000000000000000000000000000000000000000000000000000000000000000000000000000000000000000000000000000000000000000000000000000000000000000000000000000000000000000
310
00000000000000000000000000000000000000000000000000000000000000000000000000000000000000000000000000000000000000000000000000000000000000000000000000000000000000000000000000000000000000000000000000000000000000000000000000000000000000000000000000000000000000
310
00000000000000000000000000000000000000000000000000000000000000000000000000000000000000000000000000000000000000000000000000000000000000000000000000000000000000000000000000000000000000000000000000000000000000000000000000000000000000000000000000000000000000
310
00000000000000000000000000000000000000000000000000000000000000000000000000000000000000000000000000000000000000000000000000000000000000000000000000000000000000000000000000000000000000000000000000000000000000000000000000000000000000000000000000000000000000
310
00000000000000000000000000000000000000000000000000000000000000000000000000000000000000000000000000000000000000000000000000000000000000000000000000000000000000000000000000000000000000000000000000000000000000000000000000000000000000000000000000000000000000
310
00000000000000000000000000000000000000000000000000000000000000000000000000000000000000000000000000000000000000000000000000000000000000000000000000000000000000000000000000000000000000000000000000000000000000000000000000000000000000000000000000000000000000
310
00000000000000000000000000000000000000000000000000000000000000000000000000000000000000000000000000000000000000000000000000000000000000000000000000000000000000000000000000000000000000000000000000000000000000000000000000000000000000000000000000000000000000
310
00000000000000000000000000000000000000000000000000000000000000000000000000000000000000000000000000000000000000000000000000000000000000000000000000000000000000000000000000000000000000000000000000000000000000000000000000000000000000000000000000000000000000
310
00000000000000000000000000000000000000000000000000000000000000000000000000000000000000000000000000000000000000000000000000000000000000000000000000000000000000000000000000000000000000000000000000000000000000000000000000000000000000000000000000000000000000
310
00000000000000000000000000000000000000000000000000000000000000000000000000000000000000000000000000000000000000000000000000000000000000000000000000000000000000000000000000000000000000000000000000000000000000000000000000000000000000000000000000000000000000
310
00000000000000000000000000000000000000000000000000000000000000000000000000000000000000000000000000000000000000000000000000000000000000000000000000000000000000000000000000000000000000000000000000000000000000000000000000000000000000000000000000000000000000
310
00000000000000000000000000000000000000000000000000000000000000000000000000000000000000000000000000000000000000000000000000000000000000000000000000000000000000000000000000000000000000000000000000000000000000000000000000000000000000000000000000000000000000
310
00000000000000000000000000000000000000000000000000000000000000000000000000000000000000000000000000000000000000000000000000000000000000000000000000000000000000000000000000000000000000000000000000000000000000000000000000000000000000000000000000000000000000
310
00000000000000000000000000000000000000000000000000000000000000000000000000000000000000000000000000000000000000000000000000000000000000000000000000000000000000000707070707070707070707070707070707070707070707070707070707070707070707070707070707070707070707
310
07070707070707070707070707070707070707070707070707070707070707070707070707070707070707070707070707070707070707070707070707070707070707070707070707070707070707070707070707070707070707070707070707070707070707070707070707070707070707070707070707070707070707
310
07070707070707070707070707070707070707070707070707070707070707070707070707070707070707070707070707070707070707070707070707070707070707070707070707070707070707070707070707070707070707070707070707070707070707070707070707070707070707070707070707070707070707
310
07070707070707070707070707070707070707070707070707070707070707070707070707070707070707070707070707070707070000000000000000000000000000000000000000000000000000000000000000000000000000000000000000000000000000000000000000000000000000000000000000000000000000
310
00000000000000000000000000000000000000000000000000000000000000000000000000000000000000000000000000000000000000000000000000000000000000000000000000000000000000000000000007000000000000000000000000000000000000000000000000000000000000000000000000000000000000
310
00000000000000000000000000000000000000000000000000000000000000000000000000000000000000000000000000000000000000000000000000070000000000000000000000000000000000000000000000000000000000000000000000000000000000000000000000000000000000000000000000000000000000
310
00000000000000000000000000000000000000000000000000000700000000000000000000000000000000000000000000000000000000000000000000000000000000000000000000000000000000000000000000000000000000000000000000000000000000000000000000000000000000000000000000000000000000
310
00000000000000000000000000000000000000000000000000000000000000000000000000000000000000000000000000000000000000000700000000000000000000000000000000000000000000000000000000000000000000000000000000000000000000000000000000000000000000000000000000000000000000
310
00000000000000000000000000000000000000000000000000000000000000000000000000000000000000000000000000000000000000000000000000000000000000000000000000000000000000000000000000000000070000000000000000000000000000000000000000000000000000000000000000000000000000
310
00000000000000000000000000000000000000000000000000000000000000000000000000000000000000000000000000000000000000000000000000000000000700000000000000000000000000000000000000000000000000000000000000000000000000000000000000000000000000000000000000000000000000
310
00000000000000000000000000000000000000000000000000000000000007000000000000000000000000000000000000000000000000000000000000000000000000000000000000000000000000000000000000000000000000000000000000000000000000000000000000000000000000000000000000000000000000
310
00000000000000000000000000000000000000000000000000000000000000000000000000000000000000000000000000000000000000000000000007000000000000000000000000000000000000000000000000000000000000000000000000000000000000000000000000000000000000000000000000000000000000
310
00000000000000000000000000000000000000000000000000000000000000000000000000000000000000000000000000000000000000000000000000000000000000000000000000000000000000000000000000000000000000000700000000000000000000000000000000000000000000000000000000000000000000
310
00000000000000000000000000000000000000000000000000000000000000000000000000000000000000000000000000000000000000000000000000000000000000000007000000000000000000000000000000000000000000000000000000000000000000000000000000000000000000000000000000000000000000
310
00000000000000000000000000000000000000000000000000000000000000000000070000000000000000000000000000000000000000000000000000000000000000000000000000000000000000000000000000000000000000000000000000000000000000000000000000000000000000000000000000000000000000
310
00000000000000000000000000000000000000000000000000000000000000000000000000000000000000000000000000000000000000000000000000000000070000000000000000000000000000000000000000000000000000000000000000000000000000000000000000000000000000000000000000000000000000
310
00000000000000000000000000000000000000000000000000000000000000000000000000000000000000000000000000000000000000000000000000000000000000000000000000000000000000000000000000000000000000000000000007000000000000000000000000000000000000000000000000000000000000
310
00000000000000000000000000000000000000000000000000000000000000000000000000000000000000000000000000000000000000000000000000000000000000000000000000070000000000000000000000000000000000000000000000000000000000000000000000000000000000000000000000000000000000
310
00000000000000000000000000000000000000000000000000000000000000000000000000000700000000000000000000000000000000000000000000000000000000000000000000000000000000000000000000000000000000000000000000000000000000000000000000000000000000000000000000000000000000
310
00000000000000000000000000000000000000000000000000000000000000000000000000000000000000000000000000000000000000000000000000000000000000000700000000000000000000000000000000000000000000000000000000000000000000000000000000000000000000000000000000000000000000
310
00000000000000000000000000000000000000000000000000000000000000000000000000000000000000000000000000000000000000000000000000000000000000000000000000000000000000000000000000000000000000000000000000000000070000000000000000000000000000000000000000000000000000
310
00000000000000000000000000000000000000000000000000000000000000000000000000000000000000000000000000000000000000000000000000000000000000000000000000000000000700000000000000000000000000000000000000000000000000000000000000000000000000000000000000000000000000
310
00000000000000000000000000000000000000000000000000000000000000000000000000000000000007000000000000000000000000000000000000000000000000000000000000000000000000000000000000000000000000000000000000000000000000000000000000000000000000000000000000000000000000
310
00000000000000000000000000000000000000000000000000000000000000000000000000000000000000000000000000000000000000000000000000000000000000000000000007000000000000000000000000000000000000000000000000000000000000000000000000000000000000000000000000000000000000
310
00000000000000000000000000000000000000000000000000000000000000000000000000000000000000000000000000000000000000000000000000000000000000000000000000000000000000000000000000000000000000000000000000000000000000000700000000000000000000000000000000000000000000
310
00000000000000000000000000000000000000000000000000000000000000000000000000000000000000000000000000000000000000000000000000000000000000000000000000000000000000000007000000000000000000000000000000000000000000000000000000000000000000000000000000000000000000
310
00000000000000000000000000000000000000000000000000000000000000000000000000000000000000000000070000000000000000000000000000000000000000000000000000000000000000000000000000000000000000000000000000000000000000000000000000000000000000000000000000000000000000
310
00000000000000000000000000000000000000000000000000000000000000000000000000000000000000000000000000000000000000000000000000000000000000000000000000000000070000000000000000000000000000000000000000000000000000000000000000000000000000000000000000000000000000
310
00000000000000000000000000000000000000000000000000000000000000000000000000000000000000000000000000000000000000000000000000000000000000000000000000000000000000000000000000000000000000000000000000000000000000000000000007000000000000000000000000000000000000
310
00000000000000000000000000000000000000000000000000000000000000000000000000000000000000000000000000000000000000000000000000000000000000000000000000000000000000000000000000070000000000000000000000000000000000000000000000000000000000000000000000000000000000
310
00000000000000000000000000000000000000000000000000000000000000000000000000000000000000000000000000000700000000000000000000000000000000000000000000000000000000000000000000000000000000000000000000000000000000000000000000000000000000000000000000000000000000
310
00000000000000000000000000000000000000000000000000000000000000000000000000000000000000000000000000000000000000000000000000000000000000000000000000000000000000000700000000000000000000000000000000000000000000000000000000000000000000000000000000000000000000
310
00000000000000000000000000000000000000000000000000000000000000000000000000000000000000000000000000000000000000000000000000000000000000000000000000000000000000000000000000000000000000000000000000000000000000000000000000000000070000000000000000000000000000
310
00000000000000000000000000000000000000000000000000000000000000000000000000000000000000000000000000000000000000000000000000000000000000000000000000000000000000000000000000000000000700000000000000000000000000000000000000000000000000000000000000000000000000
310
00000000000000000000000000000000000000000000000000000000000000000000000000000000000000000000000000000000000007000000000000000000000000000000000000000000000000000000000000000000000000000000000000000000000000000000000000000000000000000000000000000000000000
310
00000000000000000000000000000000000000000000000000000000000000000000000000000000000000000000000000000000000000000000000000000000000000000000000000000000000000000000000007000000000000000000000000000000000000000000000000000000000000000000000000000000000000
310
00000000000000000000000000000000000000000000000000000000000000000000000000000000000000000000000000000000000000000000000000000000000000000000000000000000000000000000000000000000000000000000000000000000000000000000000000000000000000000700000000000000000000
310
00000000000000000000000000000000000000000000000000000000000000000000000000000000000000000000000000000000000000000000000000000000000000000000000000000000000000000000000000000000000000000007000000000000000000000000000000000000000000000000000000000000000000
310
00000000000000000000000000000000000000000000000000000000000000000000000000000000000000000000000000000000000000000000070000000000000000000000000000000000000000000000000000000000000000000000000000000000000000000000000000000000000000000000000000000000000000
310
00000000000000000000000000000000000000000000000000000000000000000000000000000000000000000000000000000000000000000000000000000000000000000000000000000000000000000000000000000000070000000000000000000000000000000000000000000000000000000000000000000000000000
310
00000000000000000000000000000000000000000000000000000000000000000000000000000000000000000000000000000000000000000000000000000000000000000000000000000000000000000000000000000000000000000000000000000000000000000000000000000000000000000000000007000000000000
310
00000000000000000000000000000000000000000000000000000000000000000000000000000000000000000000000000000000000000000000000000000000000000000000000000000000000000000000000000000000000000000000000000070000000000000000000000000000000000000000000000000000000000
310
00000000000000000000000000000000000000000000000000000000000000000000000000000000000000000000000000000000000000000000000000000700000000000000000000000000000000000000000000000000000000000000000000000000000000000000000000000000000000000000000000000000000000
310
00000000000000000000000000000000000000000000000000000000000000000000000000000000000000000000000000000000000000000000000000000000000000000000000000000000000000000000000000000000000000000700000000000000000000000000000000000000000000000000000000000000000000
310
00000000000000000000000000000000000000000000000000000000000000000000000000000000000000000000000000000000000000000000000000000000000000000000000000000000000000000000000000000000000000000000000000000000000000000000000000000000000000000000000000000000070000
310
00000000000000000000000000000000000000000000000000000000000000000000000000000000000000000000000000000000000000000000000000000000000000000000000000000000000000000000000000000000000000000000000000000000000700000000000000000000000000000000000000000000000000
310
00000000000000000000000000000000000000000000000000000000000000000000000000000000000000000000000000000000000000000000000000000000000007000000000000000000000000000000000000000000000000000000000000000000000000000000000000000000000000000000000000000000000000
310
00000000000000000000000000000000000000000000000000000000000000000000000000000000000000000000000000000000000000000000000000000000000000000000000000000000000000000000000000000000000000000000000007000000000000000000000000000000000000000000000000000000000000
310
00000000000000000000000000000000000000000000000000000000000000000000000000000000000000000000000000000000000000000000000000000000000000000000000000000000000000000000000000000000000000000000000000000000000000000000000000000000000000000000000000000000000000
310
00070000000000000000000000000000000000000000000000000000000000000000000000000000000000000000000000000000000000000000000000000000000000000000000000000000000000000000000000000000000000000000000000000000000000000007000000000000000000000000000000000000000000
310
00000000000000000000000000000000000000000000000000000000000000000000000000000000000000000000000000000000000000000000000000000000000000000000070000000000000000000000000000000000000000000000000000000000000000000000000000000000000000000000000000000000000000
310
00000000000000000000000000000000000000000000000000000000000000000000000000000000000000000000000000000000000000000000000000000000000000000000000000000000000000000000000000000000000000000000000000000000070000000000000000000000000000000000000000000000000000
310
00000000000000000000000000000000000000000000000000000000000000000000000000000000000000000000000000000000000000000000000000000000000000000000000000000000000000000000000000000000000000000000000000000000000000000000000000000000000000000000000000000000000000
310
00000000000700000000000000000000000000000000000000000000000000000000000000000000000000000000000000000000000000000000000000000000000000000000000000000000000000000000000000000000000000000000000000000000000000000000000000070000000000000000000000000000000000
310
00000000000000000000000000000000000000000000000000000000000000000000000000000000000000000000000000000000000000000000000000000000000000000000000000000700000000000000000000000000000000000000000000000000000000000000000000000000000000000000000000000000000000
310
00000000000000000000000000000000000000000000000000000000000000000000000000000000000000000000000000000000000000000000000000000000000000000000000000000000000000000000000000000000000000000000000000000000000000000700000000000000000000000000000000000000000000
310
00000000000000000000000000000000000000000000000000000000000000000000000000000000000000000000000000000000000000000000000000000000000000000000000000000000000000000000000000000000000000000000000000000000000000000000000000000000000000000000000000000000000000
310
00000000000000000007000000000000000000000000000000000000000000000000000000000000000000000000000000000000000000000000000000000000000000000000000000000000000000000000000000000000000000000000000000000000000000000000000000000000000700000000000000000000000000
310
00000000000000000000000000000000000000000000000000000000000000000000000000000000000000000000000000000000000000000000000000000000000000000000000000000000000007000000000000000000000000000000000000000000000000000000000000000000000000000000000000000000000000
310
00000000000000000000000000000000000000000000000000000000000000000000000000000000000000000000000000000000000000000000000000000000000000000000000000000000000000000000000000000000000000000000000000000000000000000000000007000000000000000000000000000000000000
310
00000000000000000000000000000000000000000000000000000000000000000000000000000000000000000000000000000000000000000000000000000000000000000000000000000000000000000000000000000000000000000000000000000000000000000000000000000000000000000000000000000000000000
310
00000000000000000000000000070000000000000000000000000000000000000000000000000000000000000000000000000000000000000000000000000000000000000000000000000000000000000000000000000000000000000000000000000000000000000000000000000000000000000007000000000000000000
310
00000000000000000000000000000000000000000000000000000000000000000000000000000000000000000000000000000000000000000000000000000000000000000000000000000000000000000000070000000000000000000000000000000000000000000000000000000000000000000000000000000000000000
310
00000000000000000000000000000000000000000000000000000000000000000000000000000000000000000000000000000000000000000000000000000000000000000000000000000000000000000000000000000000000000000000000000000000000000000000000000000000070000000000000000000000000000
310
00000000000000000000000000000000000000000000000000000000000000000000000000000000000000000000000000000000000000000000000000000000000000000000000000000000000000000000000000000000000000000000000000000000000000000000000000000000000000000000000000000000000000
310
00000000000000000000000000000000000700000000000000000000000000000000000000000000000000000000000000000000000000000000000000000000000000000000000000000000000000000000000000000000000000000000000000000000000000000000000000000000000000000000000000070000000000
310
00000000000000000000000000000000000000000000000000000000000000000000000000000000000000000000000000000000000000000000000000000000000000000000000000000000000000000000000000000700000000000000000000000000000000000000000000000000000000000000000000000000000000
310
00000000000000000000000000000000000000000000000000000000000000000000000000000000000000000000000000000000000000000000000000000000000000000000000000000000000000000000000000000000000000000000000000000000000000000000000000000000000000000700000000000000000000
310
00000000000000000000000000000000000000000000000000000000000000000000000000000000000000000000000000000000000000000000000000000000000000000000000000000000000000000000000000000000000000000000000000000000000000000000000000000000000000000000000000000000000000
310
00000000000000000000000000000000000000000007000000000000000000000000000000000000000000000000000000000000000000000000000000000000000000000000000000000000000000000000000000000000000000000000000000000000000000000000000000000000000000000000000000000000000700
310
00000000000000000000000000000000000000000000000000000000000000000000000000000000000000000000000000000000000000000000000000000000000000000000000000000000000000000000000000000000000007000000000000000000000000000000000000000000000000000000000000000000000000
310
00000000000000000000000000000000000000000000000000000000000000000000000000000000000000000000000000000000000000000000000000000000000000000000000000000000000000000000000000000000000000000000000000000000000000000000000000000000000000000000000007000000000000
310
00000000000000000000000000000000000000000000000000000000000000000000000000000000000000000000000000000000000000000000000000000000000000000000000000000000000000000000000000000000000000000000000000000000000000000000000000000000000000000000000000000000000000
310
00000000000000000000000000000000000000000000000000070000000000000000000000000000000000000000000000000000000000000000000000000000000000000000000000000000000000000000000000000000000000000000000000000000000000000000000000000000000000000000000000000000000000
310
00000700000000000000000000000000000000000000000000000000000000000000000000000000000000000000000000000000000000000000000000000000000000000000000000000000000000000000000000000000000000000000070000000000000000000000000000000000000000000000000000000000000000
310
00000000000000000000000000000000000000000000000000000000000000000000000000000000000000000000000000000000000000000000000000000000000000000000000000000000000000000000000000000000000000000000000000000000000000000000000000000000000000000000000000000000070000
310
00000000000000000000000000000000000000000000000000000000000000000000000000000000000000000000000000000000000000000000000000000000000000000000000000000000000000000000000000000000000000000000000000000000000000000000000000000000000000000000000000000000000000
310
00000000000000000000000000000000000000000000000000000000000700000000000000000000000000000000000000000000000000000000000000000000000000000000000000000000000000000000000000000000000000000000000000000000000000000000000000000000000000000000000000000000000000
310
00000000000007000000000000000000000000000000000000000000000000000000000000000000000000000000000000000000000000000000000000000000000000000000000000000000000000000000000000000000000000000000000000000700000000000000000000000000000000000000000000000000000000
310
00000000000000000000000000000000000000000000000000000000000000000000000000000000000000000000000000000000000000000000000000000000000000000000000000000000000000000000000000000000000000000000000000000000000000000000000000000000000000000000000000000000000000
310
00070000000000000000000000000000000000000000000000000000000000000000000000000000000000000000000000000000000000000000000000000000000000000000000000000000000000000000000000000000000000000000000000000000000000000000000000000000000000000000000000000000000000
310
00000000000000000000000000000000000000000000000000000000000000000007000000000000000000000000000000000000000000000000000000000000000000000000000000000000000000000000000000000000000000000000000000000000000000000000000000000000000000000000000000000000000000
310
00000000000000000000070000000000000000000000000000000000000000000000000000000000000000000000000000000000000000000000000000000000000000000000000000000000000000000000000000000000000000000000000000000000000007000000000000000000000000000000000000000000000000
310
00000000000000000000000000000000000000000000000000000000000000000000000000000000000000000000000000000000000000000000000000000000000000000000000000000000000000000000000000000000000000000000000000000000000000000000000000000000000000000000000000000000000000
310
00000000000700000000000000000000000000000000000000000000000000000000000000000000000000000000000000000000000000000000000000000000000000000000000000000000000000000000000000000000000000000000000000000000000000000000000000000000000000000000000000000000000000
310
00000000000000000000000000000000000000000000000000000000000000000000000000070000000000000000000000000000000000000000000000000000000000000000000000000000000000000000000000000000000000000000000000000000000000000000000000000000000000000000000000000000000000
310
00000000000000000000000000000700000000000000000000000000000000000000000000000000000000000000000000000000000000000000000000000000000000000000000000000000000000000000000000000000000000000000000000000000000000000000070000000000000000000000000000000000000000
310
00000000000000000000000000000000000000000000000000000000000000000000000000000000000000000000000000000000000000000000000000000000000000000000000000000000000000000000000000000000000000000000000000000000000000000000000000000000000000000000000000000000000000
310
00000000000000000007000000000000000000000000000000000000000000000000000000000000000000000000000000000000000000000000000000000000000000000000000000000000000000000000000000000000000000000000000000000000000000000000000000000000000000000000000000000000000000
310
00000000000000000000000000000000000000000000000000000000000000000000000000000000000700000000000000000000000000000000000000000000000000000000000000000000000000000000000000000000000000000000000000000000000000000000000000000000000000000000000000000000000000
310
00000000000000000000000000000000000007000000000000000000000000000000000000000000000000000000000000000000000000000000000000000000000000000000000000000000000000000000000000000000000000000000000000000000000000000000000000000700000000000000000000000000000000
310
00000000000000000000000000000000000000000000000000000000000000000000000000000000000000000000000000000000000000000000000000000000000000000000000000000000000000000000000000000000000000000000000000000000000000000000000000000000000000000000000000000000000000
310
00000000000000000000000000070000000000000000000000000000000000000000000000000000000000000000000000000000000000000000000000000000000000000000000000000000000000000000000000000000000000000000000000000000000000000000000000000000000000000000000000000000000000
310
00000000000000000000000000000000000000000000000000000000000000000000000000000000000000000007000000000000000000000000000000000000000000000000000000000000000000000000000000000000000000000000000000000000000000000000000000000000000000000000000000000000000000
310
00000000000000000000000000000000000000000000070000000000000000000000000000000000000000000000000000000000000000000000000000000000000000000000000000000000000000000000000000000000000000000000000000000000000000000000000000000000000007000000000000000000000000
310
00000000000000000000000000000000000000000000000000000000000000000000000000000000000000000000000000000000000000000000000000000000000000000000000000000000000000000000000000000000000000000000000000000000000000000000000000000000000000000000000000000000000000
310
00000000000000000000000000000000000700000000000000000000000000000000000000000000000000000000000000000000000000000000000000000000000000000000000000000000000000000000000000000000000000000000000000000000000000000000000000000000000000000000000000000000000000
310
00000000000000000000000000000000000000000000000000000000000000000000000000000000000000000000000000070000000000000000000000000000000000000000000000000000000000000000000000000000000000000000000000000000000000000000000000000000000000000000000000000000000000
310
00000000000000000000000000000000000000000000000000000700000000000000000000000000000000000000000000000000000000000000000000000000000000000000000000000000000000000000000000000000000000000000000000000000000000000000000000000000000000000000070000000000000000
310
00000000000000000000000000000000000000000000000000000000000000000000000000000000000000000000000000000000000000000000000000000000000000000000000000000000000000000000000000000000000000000000000000000000000000000000000000000000000000000000000000000000000000
310
00000000000000000000000000000000000000000007000000000000000000000000000000000000000000000000000000000000000000000000000000000000000000000000000000000000000000000000000000000000000000000000000000000000000000000000000000000000000000000000000000000000000000
310
00000000000000000000000000000000000000000000000000000000000000000000000000000000000000000000000000000000000700000000000000000000000000000000000000000000000000000000000000000000000000000000000000000000000000000000000000000000000000000000000000000000000000
310
00000000000000000000000000000000000000000000000000000000000007000000000000000000000000000000000000000000000000000000000000000000000000000000000000000000000000000000000000000000000000000000000000000000000000000000000000000000000000000000000000000700000000
310
00000000000000000000000000000000000000000000000000000000000000000000000000000000000000000000000000000000000000000000000000000000000000000000000000000000000000000000000000000000000000000000000000000000000000000000000000000000000000000000000000000000000000
310
00000000000000000000000000000000000000000000000000070000000000000000000000000000000000000000000000000000000000000000000000000000000000000000000000000000000000000000000000000000000000000000000000000000000000000000000000000000000000000000000000000000000000
310
00000000000000000000000000000000000000000000000000000000000000000000000000000000000000000000000000000000000000000007000000000000000000000000000000000000000000000000000000000000000000000000000000000000000000000000000000000000000000000000000000000000000000
310
00000000000000000000000000000000000000000000000000000000000000000000070000000000000000000000000000000000000000000000000000000000000000000000000000000000000000000000000000000000000000000000000000000000000000000000000000000000000000000000000000000000000007
310
00000000000000000000000000000000000000000000000000000000000000000000000000000000000000000000000000000000000000000000000000000000000000000000000000000000000000000000000000000000000000000000000000000000000000000000000000000000000000000000000000000000000000
310
00000000000000000000000000000000000000000000000000000000000700000000000000000000000000000000000000000000000000000000000000000000000000000000000000000000000000000000000000000000000000000000000000000000000000000000000000000000000000000000000000000000000000
310
00000000000000000000000000000000000000000000000000000000000000000000000000000000000000000000000000000000000000000000000000070000000000000000000000000000000000000000000000000000000000000000000000000000000000000000000000000000000000000000000000000000000000
310
00000000000000000000000000000000000000000000000000000000000000000000000000000700000000000000000000000000000000000000000000000000000000000000000000000000000000000000000000000000000000000000000000000000000000000000000000000000000000000000000000000000000000
310
00000007000000000000000000000000000000000000000000000000000000000000000000000000000000000000000000000000000000000000000000000000000000000000000000000000000000000000000000000000000000000000000000000000000000000000000000000000000000000000000000000000000000
310
00000000000000000000000000000000000000000000000000000000000000000007000000000000000000000000000000000000000000000000000000000000000000000000000000000000000000000000000000000000000000000000000000000000000000000000000000000000000000000000000000000000000000
310
00000000000000000000000000000000000000000000000000000000000000000000000000000000000000000000000000000000000000000000000000000000000700000000000000000000000000000000000000000000000000000000000000000000000000000000000000000000000000000000000000000000000000
310
00000000000000000000000000000000000000000000000000000000000000000000000000000000000007000000000000000000000000000000000000000000000000000000000000000000000000000000000000000000000000000000000000000000000000000000000000000000000000000000000000000000000000
310
00000000000000070000000000000000000000000000000000000000000000000000000000000000000000000000000000000000000000000000000000000000000000000000000000000000000000000000000000000000000000000000000000000000000000000000000000000000000000000000000000000000000000
310
00000000000000000000000000000000000000000000000000000000000000000000000000070000000000000000000000000000000000000000000000000000000000000000000000000000000000000000000000000000000000000000000000000000000000000000000000000000000000000000000000000000000000
310
00000000000000000000000000000000000000000000000000000000000000000000000000000000000000000000000000000000000000000000000000000000000000000007000000000000000000000000000000000000000000000000000000000000000000000000000000000000000000000000000000000000000000
310
00000000000000000000000000000000000000000000000000000000000000000000000000000000000000000000070000000000000000000000000000000000000000000000000000000000000000000000000000000000000000000000000000000000000000000000000000000000000000000000000000000000000000
310
00000000000000000000000700000000000000000000000000000000000000000000000000000000000000000000000000000000000000000000000000000000000000000000000000000000000000000000000000000000000000000000000000000000000000000000000000000000000000000000000000000000000000
310
00000000000000000000000000000000000000000000000000000000000000000000000000000000000700000000000000000000000000000000000000000000000000000000000000000000000000000000000000000000000000000000000000000000000000000000000000000000000000000000000000000000000000
310
00000000000000000000000000000000000000000000000000000000000000000000000000000000000000000000000000000000000000000000000000000000000000000000000000070000000000000000000000000000000000000000000000000000000000000000000000000000000000000000000000000000000000
310
00000000000000000000000000000000000000000000000000000000000000000000000000000000000000000000000000000700000000000000000000000000000000000000000000000000000000000000000000000000000000000000000000000000000000000000000000000000000000000000000000000000000000
310
00000000000000000000000000000000000000000000000000000000000000000000000000000000000000000000000000000000000000000000000000000000000000000000000000000000000000000000000000000000000000000000000000000000000000000000000000000000000000000000000000000000000000
310
00000000000000000000000000000000000000000000000000000000000000000000000000000000000000000007000000000000000000000000000000000000000000000000000000000000000000000000000000000000000000000000000000000000000000000000000000000000000000000000000000000000000000
310
00000000000000000000000000000000000000000000000000000000000000000000000000000000000000000000000000000000000000000000000000000000000000000000000000000000000700000000000000000000000000000000000000000000000000000000000000000000000000000000000000000000000000
310
00000000000000000000000000000000000000000000000000000000000000000000000000000000000000000000000000000000000000000000000000000000000000000000000000000000000000000000000000000000000000000000000000000000000000000000000000000000000000000000000000000000000000
310
00000000000000000000000000000000000000000000000000000000000000000000000000000000000000000000000000000000000000000000000000000000000000000000000000000000000000000000000000000000000000000000000000000000000000000000000000000000000000000000000000000000000000
310
00000000000000000000000000000000000000000000000000000000000000000000000000000000000000000000000000070000000000000000000000000000000000000000000000000000000000000000000000000000000000000000000000000000000000000000000000000000000000000000000000000000000000
310
00000000000000000000000000000000000000000000000000000000000000000000000000000000000000000000000000000000000000000000000000000000000000000000000000000000000000000007000000000000000000000000000000000000000000000000000000000000000000000000000000000000000000
310
00000000000000000000000000000000000000000000000000000000000000000000000000000000000000000000000000000000000000000000000000000000000000000000000000000000000000000000000000000000000000000000000000000000000000000000000000000000000000000000000000000000000000
310
00000000000000000000000000000000000000000000000000000000000000000000000000000000000000000000000000000000000000000000000000000000000000000000000000000000000000000000000000000000000000000000000000000000000000000000000000000000000000000000000000000000000000
310
00000000000000000000000000000000000000000000000000000000000000000000000000000000000000000000000000000000000700000000000000000000000000000000000000000000000000000000000000000000000000000000000000000000000000000000000000000000000000000000000000000000000000
310
00000000000000000000000000000000000000000000000000000000000000000000000000000000000000000000000000000000000000000000000000000000000000000000000000000000000000000000000000070000000000000000000000000000000000000000000000000000000000000000000000000000000000
310
00000000000000000000000000000000000000000000000000000000000000000000000000000000000000000000000000000000000000000000000000000000000000000000000000000000000000000000000000000000000000000000000000000000000000000000000000000000000000000000000000000000000000
310
00000000000000000000000000000000000000000000000000000000000000000000000000000000000000000000000000000000000000000000000000000000000000000000000000000000000000000000000000000000000000000000000000000000000000000000000000000000000000000000000000000000000000
310
00000000000000000000000000000000000000000000000000000000000000000000000000000000000000000000000000000000000000000007000000000000000000000000000000000000000000000000000000000000000000000000000000000000000000000000000000000000000000000000000000000000000000
310
00000000000000000000000000000000000000000000000000000000000000000000000000000000000000000000000000000000000000000000000000000000000000000000000000000000000000000000000000000000000700000000000000000000000000000000000000000000000000000000000000000000000000
310
00000000000000000000000000000000000000000000000000000000000000000000000000000000000000000000000000000000000000000000000000000000000000000000000000000000000000000000000000000000000000000000000000000000000000000000000000000000000000000000000000000000000000
310
00000000000000000000000000000000000000000000000000000000000000000000000000000000000000000000000000000000000000000000000000000000000000000000000000000000000000000000000000000000000000000000000000000000000000000000000000000000000000000000000000000000000000
310
00000000000000000000000000000000000000000000000000000000000000000000000000000000000000000000000000000000000000000000000000070000000000000000000000000000000000000000000000000000000000000000000000000000000000000000000000000000000000000000000000000000000000
310
00000000000000000000000000000000000000000000000000000000000000000000000000000000000000000000000000000000000000000000000000000000000000000000000000000000000000000000000000000000000000000007000000000000000000000000000000000000000000000000000000000000000000
310
00000000000000000000000000000000000000000000000000000000000000000000000000000000000000000000000000000000000000000000000000000000000000000000000000000000000000000000000000000000000000000000000000000000000000000000000000000000000000000000000000000000000000
310
00000000000000000000000000000000000000000000000000000000000000000000000000000000000000000000000000000000000000000000000000000000000000000000000000000000000000000000000000000000000000000000000000000000000000000000000000000000000000000000000000000000000000
310
00000000000000000000000000000000000000000000000000000000000000000000000000000000000000000000000000000000000000000000000000000000000700000000000000000000000000000000000000000000000000000000000000000000000000000000000000000000000000000000000000000000000000
310
00000000000000000000000000000000000000000000000000000000000000000000000000000000000000000000000000000000000000000000000000000000000000000000000000000000000000000000000000000000000000000000000000070000000000000000000000000000000000000000000000000000000000
310
00000000000000000000000000000000000000000000000000000000000000000000000000000000000000000000000000000000000000000000000000000000000000000000000000000000000000000000000000000000000000000000000000000000000000000000000000000000000000000000000000000000000000
310
00000000000000000000000000000000000000000000000000000000000000000000000000000000000000000000000000000000000000000000000000000000000000000000000000000000000000000000000000000000000000000000000000000000000000000000000000000000000000000000000000000000000000
310
00000000000000000000000000000000000000000000000000000000000000000000000000000000000000000000000000000000000000000000000000000000000000000007000000000000000000000000000000000000000000000000000000000000000000000000000000000000000000000000000000000000000000
310
00000000000000000000000000000000000000000000000000000000000000000000000000000000000000000000000000000000000000000000000000000000000000000000000000000000000000000000000000000000000000000000000000000000000700000000000000000000000000000000000000000000000000
310
00000000000000000000000000000000000000000000000000000000000000000000000000000000000000000000000000000000000000000000000000000000000000000000000000000000000000000000000000000000000000000000000000000000000000000000000000000000000000000000000000000000000000
310
00000000000000000000000000000000000000000000000000000000000000000000000000000000000000000000000000000000000000000000000000000000000000000000000000000000000000000000000000000000000000000000000000000000000000000000000000000000000000000000000000000000000000
310
00000000000000000000000000000000000000000000000000000000000000000000000000000000000000000000000000000000000000000000000000000000000000000000000000070000000000000000000000000000000000000000000000000000000000000000000000000000000000000000000000000000000000
310
00000000000000000000000000000000000000000000000000000000000000000000000000000000000000000000000000000000000000000000000000000000000000000000000000000000000000000000000000000000000000000000000000000000000000000007000000000000000000000000000000000000000000
310
00000000000000000000000000000000000000000000000000000000000000000000000000000000000000000000000000000000000000000000000000000000000000000000000000000000000000000000000000000000000000000000000000000000000000000000000000000000000000000000000000000000000000
310
00000000000000000000000000000000000000000000000000000000000000000000000000000000000000000000000000000000000000000000000000000000000000000000000000000000000000000000000000000000000000000000000000000000000000000000000000000000000000000000000000000000000000
310
00000000000000000000000000000000000000000000000000000000000000000000000000000000000000000000000000000000000000000000000000000000000000000000000000000000000700000000000000000000000000000000000000000000000000000000000000000000000000000000000000000000000000
310
00000000000000000000000000000000000000000000000000000000000000000000000000000000000000000000000000000000000000000000000000000000000000000000000000000000000000000000000000000000000000000000000000000000000000000000000000070000000000000000000000000000000000
310
00000000000000000000000000000000000000000000000000000000000000000000000000000000000000000000000000000000000000000000000000000000000000000000000000000000000000000000000000000000000000000000000000000000000000000000000000000000000000000000000000000000000000
310
00000000000000000000000000000000000000000000000000000000000000000000000000000000000000000000000000000000000000000000000000000000000000000000000000000000000000000000000000000000000000000000000000000000000000000000000000000000000000000000000000000000000000
310
00000000000000000000000000000000000000000000000000000000000000000000000000000000000000000000000000000000000000000000000000000000000000000000000000000000000000000007000000000000000000000000000000000000000000000000000000000000000000000000000000000000000000
310
00000000000000000000000000000000000000000000000000000000000000000000000000000000000000000000000000000000000000000000000000000000000000000000000000000000000000000000000000000000000000000000000000000000000000000000000000000000000700000000000000000000000000
310
00000000000000000000000000000000000000000000000000000000000000000000000000000000000000000000000000000000000000000000000000000000000000000000000000000000000000000000000000000000000000000000000000000000000000000000000000000000000000000000000000000000000000
310
00000000000000000000000000000000000000000000000000000000000000000000000000000000000000000000000000000000000000000000000000000000000000000000000000000000000000000000000000000000000000000000000000000000000000000000000000000000000000000000000000000000000000
310
00000000000000000000000000000000000000000000000000000000000000000000000000000000000000000000000000000000000000000000000000000000000000000000000000000000000000000000000000070000000000000000000000000000000000000000000000000000000000000000000000000000000000
310
00000000000000000000000000000000000000000000000000000000000000000000000000000000000000000000000000000000000000000000000000000000000000000000000000000000000000000000000000000000000000000000000000000000000000000000000000000000000000000007000000000000000000
310
00000000000000000000000000000000000000000000000000000000000000000000000000000000000000000000000000000000000000000000000000000000000000000000000000000000000000000000000000000000000000000000000000000000000000000000000000000000000000000000000000000000000000
310
00000000000000000000000000000000000000000000000000000000000000000000000000000000000000000000000000000000000000000000000000000000000000000000000000000000000000000000000000000000000000000000000000000000000000000000000000000000000000000000000000000000000000
310
00000000000000000000000000000000000000000000000000000000000000000000000000000000000000000000000000000000000000000000000000000000000000000000000000000000000000000000000000000000000700000000000000000000000000000000000000000000000000000000000000000000000000
310
00000000000000000000000000000000000000000000000000000000000000000000000000000000000000000000000000000000000000000000000000000000000000000000000000000000000000000000000000000000000000000000000000000000000000000000000000000000000000000000000000070000000000
310
00000000000000000000000000000000000000000000000000000000000000000000000000000000000000000000000000000000000000000000000000000000000000000000000000000000000000000000000000000000000000000000000000000000000000000000000000000000000000000000000000000000000000
310
00000000000000000000000000000000000000000000000000000000000000000000000000000000000000000000000000000000000000000000000000000000000000000000000000000000000000000000000000000000000000000000000000000000000000000000000000000000000000000000000000000000000000
310
00000000000000000000000000000000000000000000000000000000000000000000000000000000000000000000000000000000000000000000000000000000000000000000000000000000000000000000000000000000000000000007000000000000000000000000000000000000000000000000000000000000000000
310
00000000000000000000000000000000000000000000000000000000000000000000000000000000000000000000000000000000000000000000000000000000000000000000000000000000000000000000000000000000000000000000000000000000000000000000000000000000000000000000000000000000000700
310
00000000000000000000000000000000000000000000000000000000000000000000000000000000000000000000000000000000000000000000000000000000000000000000000000000000000000000000000000000000000000000000000000000000000000000000000000000000000000000000000000000000000000
310
00000000000000000000000000000000000000000000000000000000000000000000000000000000000000000000000000000000000000000000000000000000000000000000000000000000000000000000000000000000000000000000000000000000000000000000000000000000000000000000000000000000000000
310
00000000000000000000000000000000000000000000000000000000000000000000000000000000000000000000000000000000000000000000000000000000000000000000000000000000000000000000000000000000000000000000000000070000000000000000000000000000000000000000000000000000000000
310
00000000000000000000000000000000000000000000000000000000000000000000000000000000000000000000000000000000000000000000000000000000000000000000000000000000000000000000000000000000000000000000000000000000000000000000000000000000000000000000000000000000000000
310
00000700000000000000000000000000000000000000000000000000000000000000000000000000000000000000000000000000000000000000000000000000000000000000000000000000000000000000000000000000000000000000000000000000000000000000000000000000000000000000000000000000000000
310
00000000000000000000000000000000000000000000000000000000000000000000000000000000000000000000000000000000000000000000000000000000000000000000000000000000000000000000000000000000000000000000000000000000000000000000000000000000000000000000000000000000000000
310
00000000000000000000000000000000000000000000000000000000000000000000000000000000000000000000000000000000000000000000000000000000000000000000000000000000000000000000000000000000000000000000000000000000000700000000000000000000000000000000000000000000000000
310
00000000000000000000000000000000000000000000000000000000000000000000000000000000000000000000000000000000000000000000000000000000000000000000000000000000000000000000000000000000000000000000000000000000000000000000000000000000000000000000000000000000000000
310
00000000000007000000000000000000000000000000000000000000000000000000000000000000000000000000000000000000000000000000000000000000000000000000000000000000000000000000000000000000000000000000000000000000000000000000000000000000000000000000000000000000000000
310
00000000000000000000000000000000000000000000000000000000000000000000000000000000000000000000000000000000000000000000000000000000000000000000000000000000000000000000000000000000000000000000000000000000000000000000000000000000000000000000000000000000000000
310
00000000000000000000000000000000000000000000000000000000000000000000000000000000000000000000000000000000000000000000000000000000000000000000000000000000000000000000000000000000000000000000000000000000000000000007000000000000000000000000000000000000000000
310
00000000000000000000000000000000000000000000000000000000000000000000000000000000000000000000000000000000000000000000000000000000000000000000000000000000000000000000000000000000000000000000000000000000000000000000000000000000000000000000000000000000000000
310
00000000000000000000070000000000000000000000000000000000000000000000000000000000000000000000000000000000000000000000000000000000000000000000000000000000000000000000000000000000000000000000000000000000000000000000000000000000000000000000000000000000000000
310
00000000000000000000000000000000000000000000000000000000000000000000000000000000000000000000000000000000000000000000000000000000000000000000000000000000000000000000000000000000000000000000000000000000000000000000000000000000000000000000000000000000000000
310
00000000000000000000000000000000000000000000000000000000000000000000000000000000000000000000000000000000000000000000000000000000000000000000000000000000000000000000000000000000000000000000000000000000000000000000000000070000000000000000000000000000000000
310
00000000000000000000000000000000000000000000000000000000000000000000000000000000000000000000000000000000000000000000000000000000000000000000000000000000000000000000000000000000000000000000000000000000000000000000000000000000000000000000000000000000000000
310
00000000000000000000000000000700000000000000000000000000000000000000000000000000000000000000000000000000000000000000000000000000000000000000000000000000000000000000000000000000000000000000000000000000000000000000000000000000000000000000000000000000000000
310
00000000000000000000000000000000000000000000000000000000000000000000000000000000000000000000000000000000000000000000000000000000000000000000000000000000000000000000000000000000000000000000000000000000000000000000000000000000000000000000000000000000000000
310
00000000000000000000000000000000000000000000000000000000000000000000000000000000000000000000000000000000000000000000000000000000000000000000000000000000000000000000000000000000000000000000000000000000000000000000000000000000000700000000000000000000000000
310
00000000000000000000000000000000000000000000000000000000000000000000000000000000000000000000000000000000000000000000000000000000000000000000000000000000000000000000000000000000000000000000000000000000000000000000000000000000000000000000000000000000000000
310
00000000000000000000000000000000000007000000000000000000000000000000000000000000000000000000000000000000000000000000000000000000000000000000000000000000000000000000000000000000000000000000000000000000000000000000000000000000000000000000000000000000000000
310
00000000000000000000000000000000000000000000000000000000000000000000000000000000000000000000000000000000000000000000000000000000000000000000000000000000000000000000000000000000000000000000000000000000000000000000000000000000000000000000000000000000000000
310
00000000000000000000000000000000000000000000000000000000000000000000000000000000000000000000000000000000000000000000000000000000000000000000000000000000000000000000000000000000000000000000000000000000000000000000000000000000000000000007000000000000000000
310
00000000000000000000000000000000000000000000000000000000000000000000000000000000000000000000000000000000000000000000000000000000000000000000000000000000000000000000000000000000000000000000000000000000000000000000000000000000000000000000000000000000000000
310
00000000000000000000000000000000000000000000070000000000000000000000000000000000000000000000000000000000000000000000000000000000000000000000000000000000000000000000000000000000000000000000000000000000000000000000000000000000000000000000000000000000000000
310
00000000000000000000000000000000000000000000000000000000000000000000000000000000000000000000000000000000000000000000000000000000000000000000000000000000000000000000000000000000000000000000000000000000000000000000000000000000000000000000000000000000000000
310
00000000000000000000000000000000000000000000000000000000000000000000000000000000000000000000000000000000000000000000000000000000000000000000000000000000000000000000000000000000000000000000000000000000000000000000000000000000000000000000000000070000000000
310
00000000000000000000000000000000000000000000000000000000000000000000000000000000000000000000000000000000000000000000000000000000000000000000000000000000000000000000000000000000000000000000000000000000000000000000000000000000000000000000000000000000000000
310
00000000000000000000000000000000000000000000000000000700000000000000000000000000000000000000000000000000000000000000000000000000000000000000000000000000000000000000000000000000000000000000000000000000000000000000000000000000000000000000000000000000000000
310
00000000000000000000000000000000000000000000000000070707070707070707070707070707070707070707070707070707070707070707070707070707070707070707070707070700000000000000000000000000000000000000000000000000000000000000000000000000000000000000000000000000000000
310
00000000000000000000000000000000000000000000000000000000000000000000000000000000000000000000000000000000000000000000000000000000000000000000000000000000000000000000000000000000000000000000000000000000000000000000000000000000000000000000000000000000000700
310
00000000000000000000000000000000000000000000000000000000000000000000000000000000000000000000000000000000000000000000000000000000000000000000000000000000000000000000000000000000000000000000000000000000000000000000000000000000000000000000000000000000000000
310
00000000000000000000000000000000000000000000000000000000000007000000000000000000000000000000000000000000000000000000000000000000000000000000000000000000000000000000000000000000000000000000000000000000000000000000000000000000000000000000000000000000000000
310
00000000000000000000000000000000000000000000000000000000000000000000000000000000000000000000000000000000000000000000000000000000000000000000000000000000000000000000000000000000000000000000000000000000000000000000000000000000000000000000000000000000000000
310
00000000000000000000000000000000000000000000000000000000000000000000000000000000000000000000000000000000000000000000000000000000000000000000000000000000000000000000000000000000000000000000000000000000000000000000000000000000000000000000000000000000000000
310
00000700000000000000000000000000000000000000000000000000000000000000000000000000000000000000000000000000000000000000000000000000000000000000000000000000000000000000000000000000000000000000000000000000000000000000000000000000000000000000000000000000000000
310
00000000000000000000000000000000000000000000000000000000000000000000070000000000000000000000000000000000000000000000000000000000000000000000000000000000000000000000000000000000000000000000000000000000000000000000000000000000000000000000000000000000000000
310
00000000000000000000000000000000000000000000000000000000000000000000000000000000000000000000000000000000000000000000000000000000000000000000000000000000000000000000000000000000000000000000000000000000000000000000000000000000000000000000000000000000000000
310
00000000000000000000000000000000000000000000000000000000000000000000000000000000000000000000000000000000000000000000000000000000000000000000000000000000000000000000000000000000000000000000000000000000000000000000000000000000000000000000000000000000000000
310
00000000000007000000000000000000000000000000000000000000000000000000000000000000000000000000000000000000000000000000000000000000000000000000000000000000000000000000000000000000000000000000000000000000000000000000000000000000000000000000000000000000000000
310
00000000000000000000000000000000000000000000000000000000000000000000000000000700000000000000000000000000000000000000000000000000000000000000000000000000000000000000000000000000000000000000000000000000000000000000000000000000000000000000000000000000000000
310
00000000000000000000000000000000000000000000000000000000000000000000000000000000000000000000000000000000000000000000000000000000000000000000000000000000000000000000000000000000000000000000000000000000000000000000000000000000000000000000000000000000000000
310
00000000000000000000000000000000000000000000000000000000000000000000000000000000000000000000000000000000000000000000000000000000000000000000000000000000000000000000000000000000000000000000000000000000000000000000000000000000000000000000000000000000000000
310
00000000000000000000070000000000000000000000000000000000000000000000000000000000000000000000000000000000000000000000000000000000000000000000000000000000000000000000000000000000000000000000000000000000000000000000000000000000000000000000000000000000000000
310
00000000000000000000000000000000000000000000000000000000000000000000000000000000000007000000000000000000000000000000000000000000000000000000000000000000000000000000000000000000000000000000000000000000000000000000000000000000000000000000000000000000000000
310
00000000000000000000000000000000000000000000000000000000000000000000000000000000000000000000000000000000000000000000000000000000000000000000000000000000000000000000000000000000000000000000000000000000000000000000000000000000000000000000000000000000000000
310
00000000000000000000000000000000000000000000000000000000000000000000000000000000000000000000000000000000000000000000000000000000000000000000000000000000000000000000000000000000000000000000000000000000000000000000000000000000000000000000000000000000000000
310
00000000000000000000000000000700000000000000000000000000000000000000000000000000000000000000000000000000000000000000000000000000000000000000000000000000000000000000000000000000000000000000000000000000000000000000000000000000000000000000000000000000000000
310
00000000000000000000000000000000000000000000000000000000000000000000000000000000000000000000070000000000000000000000000000000000000000000000000000000000000000000000000000000000000000000000000000000000000000000000000000000000000000000000000000000000000000
310
00000000000000000000000000000000000000000000000000000000000000000000000000000000000000000000000000000000000000000000000000000000000000000000000000000000000000000000000000000000000000000000000000000000000000000000000000000000000000000000000000000000000000
310
00000000000000000000000000000000000000000000000000000000000000000000000000000000000000000000000000000000000000000000000000000000000000000000000000000000000000000000000000000000000000000000000000000000000000000000000000000000000000000000000000000000000000
310
00000000000000000000000000000000000007000000000000000000000000000000000000000000000000000000000000000000000000000000000000000000000000000000000000000000000000000000000000000000000000000000000000000000000000000000000000000000000000000000000000000000000000
310
00000000000000000000000000000000000000000000000000000000000000000000000000000000000000000000000000000700000000000000000000000000000000000000000000000000000000000000000000000000000000000000000000000000000000000000000000000000000000000000000000000000000000
310
00000000000000000000000000000000000000000000000000000000000000000000000000000000000000000000000000000000000000000000000000000000000000000000000000000000000000000000000000000000000000000000000000000000000000000000000000000000000000000000000000000000000000
310
00000000000000000000000000000000000000000000000000000000000000000000000000000000000000000000000000000000000000000000000000000000000000000000000000000000000000000000000000000000000000000000000000000000000000000000000000000000000000000000000000000000000000
310
00000000000000000000000000000000000000000000070000000000000000000000000000000000000000000000000000000000000000000000000000000000000000000000000000000000000000000000000000000000000000000000000000000000000000000000000000000000000000000000000000000000000000
310
00000000000000000000000000000000000000000000000000000000000000000000000000000000000000000000000000000000000007000000000000000000000000000000000000000000000000000000000000000000000000000000000000000000000000000000000000000000000000000000000000000000000000
310
00000000000000000000000000000000000000000000000000000000000000000000000000000000000000000000000000000000000000000000000000000000000000000000000000000000000000000000000000000000000000000000000000000000000000000000000000000000000000000000000000000000000000
310
00000000000000000000000000000000000000000000000000000000000000000000000000000000000000000000000000000000000000000000000000000000000000000000000000000000000000000000000000000000000000000000000000000000000000000000000000000000000000000000000000000000000000
310
00000000000000000000000000000000000000000000000000000700000000000000000000000000000000000000000000000000000000000000000000000000000000000000000000000000000000000000000000000000000000000000000000000000000000000000000000000000000000000000000000000000000000
310
00000000000000000000000000000000000000000000000000000000000000000000000000000000000000000000000000000000000000000000070000000000000000000000000000000000000000000000000000000000000000000000000000000000000000000000000000000000000000000000000000000000000000
310
00000000000000000000000000000000000000000000000000000000000000000000000000000000000000000000000000000000000000000000000000000000000000000000000000000000000000000000000000000000000000000000000000000000000000000000000000000000000000000000000000000000000000
310
00000000000000000000000000000000000000000000000000000000000000000000000000000000000000000000000000000000000000000000000000000000000000000000000000000000000000000000000000000000000000000000000000000000000000000000000000000000000000000000000000000000000000
310
00000000000000000000000000000000000000000000000000000000000007000000000000000000000000000000000000000000000000000000000000000000000000000000000000000000000000000000000000000000000000000000000000000000000000000000000000000000000000000000000000000000000000
310
00000000000000000000000000000000000000000000000000000000000000000000000000000000000000000000000000000000000000000000000000000700000000000000000000000000000000000000000000000000000000000000000000000000000000000000000000000000000000000000000000000000000000
310
00000000000000000000000000000000000000000000000000000000000000000000000000000000000000000000000000000000000000000000000000000000000000000000000000000000000000000000000000000000000000000000000000000000000000000000000000000000000000000000000000000000000000
310
00000000000000000000000000000000000000000000000000000000000000000000000000000000000000000000000000000000000000000000000000000000000000000000000000000000000000000000000000000000000000000000000000000000000000000000000000000000000000000000000000000000000000
310
00000000000000000000000000000000000000000000000000000000000000000000070000000000000000000000000000000000000000000000000000000000000000000000000000000000000000000000000000000000000000000000000000000000000000000000000000000000000000000000000000000000000000
310
00000000000000000000000000000000000000000000000000000000000000000000000000000000000000000000000000000000000000000000000000000000000007000000000000000000000000000000000000000000000000000000000000000000000000000000000000000000000000000000000000000000000000
310
00000000000000000000000000000000000000000000000000000000000000000000000000000000000000000000000000000000000000000000000000000000000000000000000000000000000000000000000000000000000000000000000000000000000000000000000000000000000000000000000000000000000000
310
00000000000000000000000000000000000000000000000000000000000000000000000000000000000000000000000000000000000000000000000000000000000000000000000000000000000000000000000000000000000000000000000000000000000000000000000000000000000000000000000000000000000000
310
00000000000000000000000000000000000000000000000000000000000000000000000000000700000000000000000000000000000000000000000000000000000000000000000000000000000000000000000000000000000000000000000000000000000000000000000000000000000000000000000000000000000000
310
00000000000000000000000000000000000000000000000000000000000000000000000000000000000000000000000000000000000000000000000000000000000000000000070000000000000000000000000000000000000000000000000000000000000000000000000000000000000000000000000000000000000000
310
0000000000000000000000000000000000000000000000000000000000000000000000000000000000000000000000000000001E1E1E000000000000000000000000001E1E1E1E1E1E1E1E1E1E0000001E1E00000000000000000000000000000000000000001E1E1E1E1E1E1E1E1E000000001E1E1E1E1E1E1E1E1E000000
310
00000000000000000000000000000000000000000000000000000000000000000000000000000000000000000000000000000000000000000000000000000000000000000000000000000000000000000000000000000000000000000000000000000000000000000000000000000000000000000000000000000000000000
310
00000000000000000000000000000000000000000000000000000000000000000000000000000000000007000000000000000000000000000000000000000000000000000000000000000000000000000000000000000000000000000000000000000000000000000000000000000000000000000000000000000000000000
310
00000000000000000000000000000000000000000000000000000000000000000000000000000000000000000000000000000000000000000000000000000000000000000000000000000700000000000000000000000000000000000000000000000000000000000000000000000000000000000000000000000000000000
310
000000000000000000000000000000000000000000000000000000000000000000000000000000000000000000000000000000000000001E1E1E1E1E00000000000000000000001E1E001E1E00000000000000001E001E000000000000000000000000000000000000001E1E1E00001E1E1E1E000000001E1E1E1E00001E1E
310
1E1E0000000000000000000000000000000000000000000000000000000000000000000000000000000000000000000000000000000000000000000000000000000000000000000000000000000000000000000000000000000000000000000000000000000000000000000000000000000000000000000000000000000000
310
00000000000000000000000000000000000000000000000000000000000000000000000000000000000000000000070000000000000000000000000000000000000000000000000000000000000000000000000000000000000000000000000000000000000000000000000000000000000000000000000000000000000000
310
00000000000000000000000000000000000000000000000000000000000000000000000000000000000000000000000000000000000000000000000000000000000000000000000000000000000007000000000000000000000000000000000000000000000000000000000000000000000000000000000000000000000000
310
00000000000000000000000000000000000000000000000000000000000000000000000000000000000000000000000000000000000000000000000000001E1E1E00000000000000000000001E1E00001E000000000000001E1E1E1E0000000000000000000000000000000000001E1E0000001E001E001E00001E1E1E1E1E
310
000000001E1E00000000000000000000000000000000000000000000000000000000000000000000000000000000000000000000000000000000000000000000000000000000000000000000000000000000000000000000000000000000000000000000000000000000000000000000000000000000000000000000000000
310
00000000000000000000000000000000000000000000000000000000000000000000000000000000000000000000000000000700000000000000000000000000000000000000000000000000000000000000000000000000000000000000000000000000000000000000000000000000000000000000000000000000000000
310
00000000000000000000000000000000000000000000000000000000000000000000000000000000000000000000000000000000000000000000000000000000000000000000000000000000000000000000070000000000000000000000000000000000000000000000000000000000000000000000000000000000000000
310
000000000000000000000000000000000000000000000000000000000000000000000000000000000000000000000000000000000000000000000000000000000000001E1E1E1E1E1E1E1E1E1E1E00001E1E0000001E1E00000000001E1E001E1E00000000000000000000000000000000001E1E0000001E001E1E1E00001E
310
1E1E1E1E1E000000001E1E0000000000000000000000000000000000000000000000000000000000000000000000000000000000000000000000000000000000000000000000000000000000000000000000000000000000000000000000000000000000000000000000000000000000000000000000000000000000000000
310
00000000000000000000000000000000000000000000000000000000000000000000000000000000000000000000000000000000000007000000000000000000000000000000000000000000000000000000000000000000000000000000000000000000000000000000000000000000000000000000000000000000000000
310
00000000000000000000000000000000000000000000000000000000000000000000000000000000000000000000000000000000000000000000000000000000000000000000000000000000000000000000000000000700000000000000000000000000000000000000000000000000000000000000000000000000000000
310
00000000000000000000000000000000000000000000000000000000000000000000000000000000000000000000000000000000000000000000000000000000000000001E1E1E1E1E1E1E1E1E1E1E1E1E1E00001E001E0000001E1E000000001E1E001E1E00000000000000000000000000000000001E001E0000001E1E1E
310
001E001E1E1E001E1E000000001E1E00000000000000000000000000000000000000000000000000000000000000000000000000000000000000000000000000000000000000000000000000000000000000000000000000000000000000000000000000000000000000000000000000000000000000000000000000000000
310
00000000000000000000000000000000000000000000000000000000000000000000000000000000000000000000000000000000000000000000070000000000000000000000000000000000000000000000000000000000000000000000000000000000000000000000000000000000000000000000000000000000000000
310
00000000000000000000000000000000000000000000000000000000000000000000000000000000000000000000000000000000000000000000000000000000000000000000000000000000000000000000000000000000000007000000000000000000000000000000000000000000000000000000000000000000000000
310
00000000000000000000000000000000000000000000000000000000000000000000000000000000000000000000000000000000000000000000000000000000000000000000001E1E1E1E1E1E1E1E000000000000000000001E1E000000001E1E0000001E001E001E1E00000000000000000000000000000000001E1E0000
310
1E1E1E1E1E1E001E1E001E1E001E000000001E1E0000000000000000000000000000000000000000000000000000000000000000000000000000000000000000000000000000000000000000000000000000000000000000000000000000000000000000000000000000000000000000000000000000000000000000000000
310
00000000000000000000000000000000000000000000000000000000000000000000000000000000000000000000000000000000000000000000000000000700000000000000000000000000000000000000000000000000000000000000000000000000000000000000000000000000000000000000000000000000000000
310
00000000000000000000000000000000000000000000000000000000000000000000000000000000000000000000000000000000000000000000000000000000000000000000000000000000000000000000000000000000000000000000070000000000000000000000000000000000000000000000000000000000000000
310
0000000000000000000000000000000000000000000000000000000000000000000000000000000000000000000000000000000000000000000000000000000000000000000000000000001E1E1E0000001E1E000000000000000000001E001E00000000001E1E001E001E001E001E00000000000000000000000000000000
310
001E00001E1E1E1E1E001E1E00001E001E1E000000001E1E00000000000000000000000000000000000000000000000000000000000000000000000000000000000000000000000000000000000000000000000000000000000000000000000000000000000000000000000000000000000000000000000000000000000000
310
00000000000000000000000000000000000000000000000000000000000000000000000000000000000000000000000000000000000000000000000000000000000007000000000000000000000000000000000000000000000000000000000000000000000000000000000000000000000000000000000000000000000000
310
00000000000000000000000000000000000000000000000000000000000000000000000000000000000000000000000000000000000000000000000000000000000000000000000000000000000000000000000000000000000000000000000000000700000000000000000000000000000000000000000000000000000000
310
00000000000000000000000000000000000000000000000000000000000000000000000000000000000000000000000000000000000000000000000000000000000000000000000000000000000000001E1E000000001E00000000000000001E1E1E001E00000000001E1E1E001E1E00001E001E0000000000000000000000
310
00000000001E1E0000000000001E1E1E0000001E1E001E0000001E001E0000000000000000000000000000000000000000000000000000000000000000000000000000000000000000000000000000000000000000000000000000000000000000000000000000000000000000000000000000000000000000000000000000
310
00000000000000000000000000000000000000000000000000000000000000000000000000000000000000000000000000000000000000000000000000000000000000000000070000000000000000000000000000000000000000000000000000000000000000000000000000000000000000000000000000000000000000
310
00000000000000000000000000000000000000000000000000000000000000000000000000000000000000000000000000000000000000000000000000000000000000000000000000000000000000000000000000000000000000000000000000000000000007000000000000000000000000000000000000000000000000
310
0000000000000000000000000000000000000000000000000000000000000000000000000000000000000000000000000000000000000000000000000000000000000000000000000000000000000000000000001E1E1E0000001E1E000000000000001E1E001E1E001E1E0000001E1E001E1E0000001E1E00000000000000
310
0000000000000000001E1E1E00000000001E1E1E0000001E1E1E1E000000001E1E00000000000000000000000000000000000000000000000000000000000000000000000000000000000000000000000000000000000000000000000000000000000000000000000000000000000000000000000000000000000000000000
310
00000000000000000000000000000000000000000000000000000000000000000000000000000000000000000000000000000000000000000000000000000000000000000000000000000700000000000000000000000000000000000000000000000000000000000000000000000000000000000000000000000000000000
310
00000000000000000000000000000000000000000000000000000000000000000000000000000000000000000000000000000000000000000000000000000000000000000000000000000000000000000000000000000000000000000000000000000000000000000000070000000000000000000000000000000000000000
310
00000000000000000000000000000000000000000000000000000000000000000000000000000000000000000000000000000000000000000000000000000000000000000000000000000000000000000000000000000000001E1E1E1E1E1E1E0000000000000000001E1E1E001E1E1E1E1E1E1E001E1E000000001E1E0000
310
00000000000000000000000000001E1E1E1E1E1E1E001E1E0000001E1E001E1E1E1E1E1E1E000000000000000000000000000000000000000000000000000000000000000000000000000000000000000000000000000000000000000000000000000000000000000000000000000000000000000000000000000000000000
310
00000000000000000000000000000000000000000000000000000000000000000000000000000000000000000000000000000000000000000000000000000000000000000000000000000000000007000000000000000000000000000000000000000000000000000000000000000000000000000000000000000000000000
310
00000000000000000000000000000000000000000000000000000000000000000000000000000000000000000000000000000000000000000000000000000000000000000000000000000000000000000000000000000000000000000000000000000000000000000000000000000700000000000000000000000000000000
310
000000000000000000000000000000000000000000000000000000000000000000000000000000000000000000000000000000000000000000000000000000000000000000000000000000000000000000000000000000000000000000001E1E1E1E1E1E00000000000000000000001E1E001E1E1E1E1E00001E1E00000000
310
001E1E000000000000000000000000000000001E1E1E1E1E1E1E1E1E000000001E1E1E1E1E1E1E1E1E0000000000000000000000000000000000000000000000000000000000000000000000000000000000000000000000000000000000000000000000000000000000000000000000000000000000000000000000000000
310
00000000000000000000000000000000000000000000000000000000000000000000000000000000000000000000000000000000000000000000000000000000000000000000000000000000000000000000070000000000000000000000000000000000000000000000000000000000000000000000000000000000000000
310
00000000000000000000000000000000000000000000000000000000000000000000000000000000000000000000000000000000000000000000000000000000000000000000000000000000000000000000000000000000000000000000000000000000000000000000000000000000000007000000000000000000000000
310
00000000000000000000000000000000000000000000000000000000000000000000000000000000000000000000000000000000000000000000000000000000000000000000000000000000000000000000000000000000000000000000000000000000000000000000000000000000000000000000000000000000000000
310
00000000000000000000000000000000000000000000000000000000000000000000000000000000000000000000000000000000000000000000000000000000000000000000000000000000000000000000000000000000000000000000000000000000000000000000000000000000000000000000000000000000000000
310
00000000000000000000000000000000000000000000000000000000000000000000000000000000000000000000000000000000000000000000000000000000000000000000000000000000000000000000000000000700000000000000000000000000000000000000000000000000000000000000000000000000000000
310
00000000000000000000000000000000000000000000000000000000000000000000000000000000000000000000000000000000000000000000000000000000000000000000000000000000000000000000000000000000000000000000000000000000000000000000000000000000000000000000070000000000000000
310
00000000000000000000000000000000000000000000000000000000000000000000000000000000000000000000000000000000000000000000000000000000000000000000000000000000000000000000000000000000000000000000000000000000000000000000000000000000000000000000000000000000000000
310
00000000000000000000000000000000000000000000000000000000000000000000000000000000000000000000000000000000000000000000000000000000000000000000000000000000000000000000000000000000000000000000000000000000000000000000000000000000000000000000000000000000000000
310
00000000000000000000000000000000000000000000000000000000000000000000000000000000000000000000000000000000000000000000000000000000000000000000000000000000000000000000000000000000000007000000000000000000000000000000000000000000000000000000000000000000000000
310
00000000000000000000000000000000000000000000000000000000000000000000000000000000000000000000000000000000000000000000000000000000000000000000000000000000000000000000000000000000000000000000000000000000000000000000000000000000000000000000000000000700000000
310
00000000000000000000000000000000000000000000000000000000000000000000000000000000000000000000000000000000000000000000000000000000000000000000000000000000000000000000000000000000000000000000000000000000000000000000000000000000000000000000000000000000000000
310
00000000000000000000000000000000000000000000000000000000000000000000000000000000000000000000000000000000000000000000000000000000000000000000000000000000000000000000000000000000000000000000000000000000000000000000000000000000000000000000000000000000000000
310
00000000000000000000000000000000000000000000000000000000000000000000000000000000000000000000000000000000000000000000000000000000000000000000000000000000000000000000000000000000000000000000070000000000000000000000000000000000000000000000000000000000000000
310
00000000000000000000000000000000000000000000000000000000000000000000000000000000000000000000000000000000000000000000000000000000000000000000000000000000000000000000000000000000000000000000000000000000000000000000000000000000000000000000000000000000000007
310
00000000000000000000000000000000000000000000000000000000000000000000000000000000000000000000000000000000000000000000000000000000000000000000000000000000000000000000000000000000000000000000000000000000000000000000000000000000000000000000000000000000000000
310
00000000000000000000000000000000000000000000000000000000000000000000000000000000000000000000000000000000000000000000000000000000000000000000000000000000000000000000000000000000000000000000000000000000000000000000000000000000000000000000000000000000000000
310
00000000000000000000000000000000000000000000000000000000000000000000000000000000000000000000000000000000000000000000000000000000000000000000000000000000000000000000000000000000000000000000000000000700000000000000000000000000000000000000000000000000000000
310
00000000000000000000000000000000000000000000000000000000000000000000000000000000000000000000000000000000000000000000000000000000000000000000000000000000000000000000000000000000000000000000000000000000000000000000000000000000000000000000000000000000000000
310
00000007000000000000000000000000000000000000000000000000000000000000000000000000000000000000000000000000000000000000000000000000000000000000000000000000000000000000000000000000000000000000000000000000000000000000000000000000000000000000000000000000000000
310
00000000000000000000000000000000000000000000000000000000000000000000000000000000000000000000000000000000000000000000000000000000000000000000000000000000000000000000000000000000000000000000000000000000000000000000000000000000000000000000000000000000000000
310
00000000000000000000000000000000000000000000000000000000000000000000000000000000000000000000000000000000000000000000000000000000000000000000000000000000000000000000000000000000000000000000000000000000000007000000000000000000000000000000000000000000000000
310
00000000000000000000000000000000000000000000000000000000000000000000000000000000000000000000000000000000000000000000000000000000000000000000000000000000000000000000000000000000000000000000000000000000000000000000000000000000000000000000000000000000000000
310
00000000000000070000000000000000000000000000000000000000000000000000000000000000000000000000000000000000000000000000000000000000000000000000000000000000000000000000000000000000000000000000000000000000000000000000000000000000000000000000000000000000000000
310
00000000000000000000000000000000000000000000000000000000000000000000000000000000000000000000000000000000000000000000000000000000000000000000000000000000000000000000000000000000000000000000000000000000000000000000000000000000000000000000000000000000000000
310
00000000000000000000000000000000000000000000000000000000000000000000000000000000000000000000000000000000000000000000000000000000000000000000000000000000000000000000000000000000000000000000000000000000000000000000070000000000000000000000000000000000000000
310
00000000000000000000000000000000000000000000000000000000000000000000000000000000000000000000000000000000000000000000000000000000000000000000000000000000000000000000000000000000000000000000000000000000000000000000000000000000000000000000000000000000000000
310
00000000000000000000000700000000000000000000000000000000000000000000000000000000000000000000000000000000000000000000000000000000000000000000000000000000000000000000000000000000000000000000000000000000000000000000000000000000000000000000000000000000000000
310
00000000000000000000000000000000000000000000000000000000000000000000000000000000000000000000000000000000000000000000000000000000000000000000000000000000000000000000000000000000000000000000000000000000000000000000000000000000000000000000000000000000000000
310
00000000000000000000000000000000000000000000000000000000000000000000000000000000000000000000000000000000000000000000000000000000000000000000000000000000000000000000000000000000000000000000000000000000000000000000000000000700000000000000000000000000000000
310
00000000000000000000000000000000000000000000000000000000000000000000000000000000000000000000000000000000000000000000000000000000000000000000000000000000000000000000000000000000000000000000000000000000000000000000000000000000000000000000000000000000000000
310
00000000000000000000000000000007000000000000000000000000000000000000000000000000000000000000000000000000000000000000000000000000000000000000000000000000000000000000000000000000000000000000000000000000000000000000000000000000000000000000000000000000000000
310
00000000000000000000000000000000000000000000000000000000000000000000000000000000000000000000000000000000000000000000000000000000000000000000000000000000000000000000000000000000000000000000000000000000000000000000000000000000000000000000000000000000000000
310
00000000000000000000000000000000000000000000000000000000000000000000000000000000000000000000000000000000000000000000000000000000000000000000000000000000000000000000000000000000000000000000000000000000000000000000000000000000000007000000000000000000000000
310
00000000000000000000000000000000000000000000000000000000000000000000000000000000000000000000000000000000000000000000000000000000000000000000000000000000000000000000000000000000000000000000000000000000000000000000000000000000000000000000000000000000000000
310
00000000000000000000000000000000000000070000000000000000000000000000000000000000000000000000000000000000000000000000000000000000000000000000000000000000000000000000000000000000000000000000000000000000000000000000000000000000000000000000000000000000000000
310
00000000000000000000000000000000000000000000000000000000000000000000000000000000000000000000000000000000000000000000000000000000000000000000000000000000000000000000000000000000000000000000000000000000000000000000000000000000000000000000000000000000000000
310
00000000000000000000000000000000000000000000000000000000000000000000000000000000000000000000000000000000000000000000000000000000000000000000000000000000000000000000000000000000000000000000000000000000000000000000000000000000000000000000070000000000000000
310
00000000000000000000000000000000000000000000000000000000000000000000000000000000000000000000000000000000000000000000000000000000000000000000000000000000000000000000000000000000000000000000000000000000000000000000000000000000000000000000000000000000000000
310
00000000000000000000000000000000000000000000000700000000000000000000000000000000000000000000000000000000000000000000000000000000000000000000000000000000000000000000000000000000000000000000000000000000000000000000000000000000000000000000000000000000000000
310
00000000000000000000000000000000000000000000000000000000000000000000000000000000000000000000000000000000000000000000000000000000000000000000000000000000000000000000000000000000000000000000000000000000000000000000000000000000000000000000000000000000000000
310
00000000000000000000000000000000000000000000000000000000000000000000000000000000000000000000000000000000000000000000000000000000000000000000000000000000000000000000000000000000000000000000000000000000000000000000000000000000000000000000000000000700000000
310
00000000000000000000000000000000000000000000000000000000000000000000000000000000000000000000000000000000000000000000000000000000000000000000000000000000000000000000000000000000000000000000000000000000000000000000000000000000000000000000000000000000000000
310
00000000000000000000000000000000000000000000000000000007000000000000000000000000000000000000000000000000000000000000000000000000000000000000000000000000000000000000000000000000000000000000000000000000000000000000000000000000000000000000000000000000000000
310
00000000000000000000000000000000000000000000000000000000000000000000000000000000000000000000000000000000000000000000000000000000000000000000000000000000000000000000000000000000000000000000000000000000000000000000000000000000000000000000000000000000000000
310
00000000000000000000000000000000000000000000000000000000000000000000000000000000000000000000000000000000000000000000000000000000000000000000000000000000000000000000000000000000000000000000000000000000000000000000000000000000000000000000000000000000000007
310
00000000000000000000000000000000000000000000000000000000000000000000000000000000000000000000000000000000000000000000000000000000000000000000000000000000000000000000000000000000000000000000000000000000000000000000000000000000000000000000000000000000000000
310
00000000000000000000000000000000000000000000000000000000000000070000000000000000000000000000000000000000000000000000000000000000000000000000000000000000000000000000000000000000000000000000000000000000000000000000000000000000000000000000000000000000000000
310
00000000000000000000000000000000000000000000000000000000000000000000000000000000000000000000000000000000000000000000000000000000000000000000000000000000000000000000000000000000000000000000000000000000000000000000000000000000000000000000000000000000000000
310
00000000000000000000000000000000000000000000000000000000000000000000000000000000000000000000000000000000000000000000000000000000000000000000000000000000000000000000000000000000000000000000000000000000000000000000000000000000000000000000000000000000000000
310
00000007000000000000000000000000000000000000000000000000000000000000000000000000000000000000000000000000000000000000000000000000000000000000000000000000000000000000000000000000000000000000000000000000000000000000000000000000000000000000000000000000000000
310
00000000000000000000000000000000000000000000000000000000000000000000000700000000000000000000000000000000000000000000000000000000000000000000000000000000000000000000000000070707070707070707070707070707070707000000000000000000000000000000000000000000000000
310
00000000000000000000000000000000000000000000000000000000000000000000000000000000000000000000000000000000000000000000000000000000000000000000000000000000000000000000000000000000000000000000000000000000000000000000000000000000000000000000000000000000000000
310
00000000000000000000000000000000000000000000000000000000000000000000000000000000000000000000000000000000000000000000000000000007070707070707070707070707070707070700000000000000000000000000000000000000000000000000000000000000000000000000000000000000000000
310
00000000000000070000000000000000000000000000000000000000000000000000000000000000000000000000000000000000000000000000000000000000000000000000000000000000000000000000000000000000000000000000000000000000000000000000000000000000000000000000000000000000000000
310
00000000000000000000000000000000000000000000000000000000000000000000000000000007000000000000000000000000000000000000000000000000000000000000000000000000000000000000000000000007070000000000000000000000000000000000000707070707070000000000000000000000000000
310
00000000000000000000000000000000000000000000000000000000000000000000000000000000000000000000000000000000000000000000000000000000000000000000000000000000000000000000000000000000000000000000000000000000000000000000000000000000000000000000000000000000000000
310
00000000000000000000000000000000000000000000000000000000000000000000000000000000000000000000000000000000000000000000000000000000000707000000000000000000000000000000000000070707070707000000000000000000000000000000000000000000000000000000000000000000000000
310
00000000000000000000000700000000000000000000000000000000000000000000000000000000000000000000000000000000000000000000000000000000000000000000000000000000000000000000000000000000000000000000000000000000000000000000000000000000000000000000000000000000000000
310
00000000000000000000000000000000000000000000000000000000000000000000000000000000000000070000000000000000000000000000000000000000000000000000000000000000000000000000000000000000000707000000000000000000000000000000000000000000000000000007070700000000000000
310
00000000000000000000000000000000000000000000000000000000000000000000000000000000000000000000000000000000000000000000000000000000000000000000000000000000000000000000000000000000000000000000000000000000000000000000000000000000000000000000000000000000000000
310
00000000000000000000000000000000000000000000000000000000000000000000000000000000000000000000000000000000000000000000000000000000000000070700000000000000000000000000000000000000000000000000000707070000000000000000000000000000000000000000000000000000000000
310
00000000000000000000000000000007000000000000000000000000000000000000000000000000000000000000000000000000000000000000000000000000000000000000000000000000000000000000000000000000000000000000000000000000000000000000000000000000000000000000000000000000000000
310
00000000000000000000000000000000000000000000000000000000000000000000000000000000000000000000000700000000000000000000000000000000000000000000000000000000000000000000000000000000000000070700000000000000000000000000000000000000000000000000000000000000070700
310
00000000000000000000000000000000000000000000000000000000000000000000000000000000000000000000000000000000000000000000000000000000000000000000000000000000000000000000000000000000000000000000000000000000000000000000000000000000000000000000000000000000000000
310
00000000000000000000000000000000000000000000000000000000000000000000000000000000000000000000000000000000000000000000000000000000000000000707070000000000000000000000000000000000000000000000000000000000000007070000000000000000000000000000000000000000000000
310
00000000000000000000000000000000000000070000000000000000000000000000000000000000000000000000000000000000000000000000000000000000000000000000000000000000000000000000000000000000000000000000000000000000000000000000000000000000000000000000000000000000000000
310
00000000000000000000000000000000000000000000000000000000000000000000000000000000000000000000000000000007000000000000000000000000000000000000000000000000000000000000000000000000000000000007070000000000000000000000000000000000000000000000000000000000000000
310
00000007000000000000000000000000000000000000000000000000000000000000000000000000000000000000000000000000000000000000000000000000000000000000000000000000000000000000000000000000000000000000000000000000000000000000000000000000000000000000000000000000000000
310
00000000000000000000000000000000000000000000000000000000000000000000000000000000000000000000000000000000000000000000000000000000000000000000070700000000000000000000000000000000000000000000000000000000000000000000000007000000000000000000000000000000000000
310
00000000000000000000000000000000000000000000000700000000000000000000000000000000000000000000000000000000000000000000000000000000000000000000000000000000000000000000000000000000000000000000000000000000000000000000000000000000000000000000000000000000000000
310
00000000000000000000000000000000000000000000000000000000000000000000000000000000000000000000000000000000000000070000000000000000000000000000000000000000000000000000000000000000000000000000000707000000000000000000000000000000000000000000000000000000000000
310
00000000000000000707000000000000000000000000000000000000000000000000000000000000000000000000000000000000000000000000000000000000000000000000000000000000000000000000000000000000000000000000000000000000000000000000000000000000000000000000000000000000000000
310
00000000000000000000000000000000000000000000000000000000000000000000000000000000000000000000000000000000000000000000000000000000000000000000000007070000000000000000000000000000000000000000000000000000000000000000000000000000000707000000000000000000000000
310
00000000000000000000000000000000000000000000000000000007000000000000000000000000000000000000000000000000000000000000000000000000000000000000000000000000000000000000000000000000000000000000000000000000000000000000000000000000000000000000000000000000000000
310
00000000000000000000000000000000000000000000000000000000000000000000000000000000000000000000000000000000000000000000000700000000000000000000000000000000000000000000000000000000000000000000000000000700000000000000000000000000000000000000000000000000000000
310
00000000000000000000000000000707000000000000000000000000000000000000000000000000000000000000000000000000000000000000000000000000000000000000000000000000000000000000000000000000000000000000000000000000000000000000000000000000000000000000000000000000000000
310
00000000000000000000000000000000000000000000000000000000000000000000000000000000000000000000000000000000000000000000000000000000000000000000000000000007000000000000000000000000000000000000000000000000000000000000000000000000000000000000000707000000000000
310
00000000000000000000000000000000000000000000000000000000000000070000000000000000000000000000000000000000000000000000000000000000000000000000000000000000000000000000000000000000000000000000000000000000000000000000000000000000000000000000000000000000000000
310
00000000000000000000000000000000000000000000000000000000000000000000000000000000000000000000000000000000000000000000000000000007000000000000000000000000000000000000000000000000000000000000000000000000070700000000000000000000000000000000000000000000000000
310
00000000000000000000000000000000000000000700000000000000000000000000000000000000000000000000000000000000000000000000000000000000000000000000000000000000000000000000000000000000000000000000000000000000000000000000000000000000000000000000000000000000000000
310
00000000000000000000000000000000000000000000000000000000000000000000000000000000000000000000000000000000000000000000000000000000000000000000000000000000000707000000000000000000000000000000000000000000000000000000000000000000000000000000000000000000000700
310
00000000000000000000000000000000000000000000000000000000000000000000000700000000000000000000000000000000000000000000000000000000000000000000000000000000000000000000000000000000000000000000000000000000000000000000000000000000000000000000000000000000000000
310
00000000000000000000000000000000000000000000000000000000000000000000000000000000000000000000000000000000000000000000000000000000000000070000000000000000000000000000000000000000000000000000000000000000000000070000000000000000000000000000000000000000000000
310
00000000000000000000000000000000000000000000000000070700000000000000000000000000000000000000000000000000000000000000000000000000000000000000000000000000000000000000000000000000000000000000000000000000000000000000000000000000000000000000000000000000000000
310
00000000000000000000000000000000000000000000000000000000000000000000000000000000000000000000000000000000000000000000000000000000000000000000000000000000000000000700000000000000000000000000000000000000000000000000000000000000000000000000000000000000000000
310
00000007070000000000000000000000000000000000000000000000000000000000000000000007000000000000000000000000000000000000000000000000000000000000000000000000000000000000000000000000000000000000000000000000000000000000000000000000000000000000000000000000000000
310
00000000000000000000000000000000000000000000000000000000000000000000000000000000000000000000000000000000000000000000000000000000000000000000000700000000000000000000000000000000000000000000000000000000000000000000070000000000000000000000000000000000000000
310
00000000000000000000000000000000000000000000000000000000000000070000000000000000000000000000000000000000000000000000000000000000000000000000000000000000000000000000000000000000000000000000000000000000000000000000000000000000000000000000000000000000000000
310
00000000000000000000000000000000000000000000000000000000000000000000000000000000000000000000000000000000000000000000000000000000000000000000000000000000000000000000000700000000000000000000000000000000000000000000000000000000000000000000000000000000000000
310
00000000000000000007000000000000000000000000000000000000000000000000000000000000000000070000000000000000000000000000000000000000000000000000000000000000000000000000000000000000000000000000000000000000000000000000000000000000000000000000000000000000000000
310
00000000000000000000000000000000000000000000000000000000000000000000000000000000000000000000000000000000000000000000000000000000000000000000000000000007000000000000000000000000000000000000000000000000000000000000000000070000000000000000000000000000000000
310
00000000000000000000000000000000000000000000000000000000000000000000000007000000000000000000000000000000000000000000000000000000000000000000000000000000000000000000000000000000000000000000000000000000000000000000000000000000000000000000000000000000000000
310
00000000000000000000000000000000000000000000000000000000000000000000000000000000000000000000000000000000000000000000000000000000000000000000000000000000000000000000000000000700000000000000000000000000000000000000000000000000000000000000000000000000000000
310
00000000000000000000000000000700000000000000000000000000000000000000000000000000000000000000000700000000000000000000000000000000000000000000000000000000000000000000000000000000000000000000000000000000000000000000000000000000000000000000000000000000000000
310
00000000000000000000000000000000000000000000000000000000000000000000000000000000000000000000000000000000000000000000000000000000000000000000000000000000000000070000000000000000000000000000000000000000000000000000000000000007070000000000000000000000000000
310
00000000000000000000000000000000000000000000000000000000000000000000000000000000000700000000000000000000000000000000000000000000000000000000000000000000000000000000000000000000000000000000000000000000000000000000000000000000000000000000000000000000000000
310
00000000000000000000000000000000000000000000000000000000000000000000000000000000000000000000000000000000000000000000000000000000000000000000000000000000000000000000000000000000070700000000000000000000000000000000000000000000000000000000000000000000000000
310
00000000000000000000000000000000000000070000000000000000000000000000000000000000000000000000000000000007000000000000000000000000000000000000000000000000000000000000000000000000000000000000000000000000000000000000000000000000000000000000000000000000000000
310
00000000000000000000000000000000000000000000000000000000000000000000000000000000000000000000000000000000000000000000000000000000000000000000000000000000000000000000000700000000000000000000000000000000000000000000000000000000000007000000000000000000000000
310
00000000000000000000000000000000000000000000000000000000000000000000000000000000000000000000070000000000000000000000000000000000000000000000000000000000000000000000000000000000000000000000000000000000000000000000000000000000000000000000000000000000000000
310
00000000000000000000000000000000000000000000000000000000000000000000000000000000000000000000000000000000000000000000000000000000000000000000000000000000000000000000000000000000000000070000000000000000000000000000000000000000000000000000000000000000000000
310
00000000000000000000000000000000000000000000000007000000000000000000000000000000000000000000000000000000000000070000000000000000000000000000000000000000000000000000000000000000000000000000000000000000000000000000000000000000000000000000000000000000000000
310
00000000000000000000000000000000000000000000000000000000000000000000000000000000000000000000000000000000000000000000000000000000000000000000000000000000000000000000000000000007000000000000000000000000000000000000000000000000000000000007000000000000000000
310
00000000000000000000000000000000000000000000000000000000000000000000000000000000000000000000000000000007000000000000000000000000000000000000000000000000000000000000000000000000000000000000000000000000000000000000000000000000000000000000000000000000000000
310
00000000000000000000000000000000000000000000000000000000000000000000000000000000000000000000000000000000000000000000000000000000000000000000000000000000000000000000000000000000000000000000070000000000000000000000000000000000000000000000000000000000000000
310
00000000000000000000000000000000000000000000000000000000000700000000000000000000000000000000000000000000000000000000000700000000000000000000000000000000000000000000000000000000000000000000000000000000000000000000000000000000000000000000000000000000000000
310
00000000000000000000000000000000000000000000000000000000000000000000000000000000000000000000000000000000000000000000000000000000000000000000000000000000000000000000000000000000000000070000000000000000000000000000000000000000000000000000000007000000000000
310
00000000000000000000000000000000000000000000000000000000000000000000000000000000000000000000000000000000000000000700000000000000000000000000000000000000000000000000000000000000000000000000000000000000000000000000000000000000000000000000000000000000000000
310
00000000000000000000000000000000000000000000000000000000000000000000000000000000000000000000000000000000000000000000000000000000000000000000000000000000000000000000000000000000000000000000000000070000000000000000000000000000000000000000000000000000000000
310
00000000000000000000000000000000000000000000000000000000000000000000070000000000000000000000000000000000000000000000000000000007000000000000000000000000000000000000000000000000000000000000000000000000000000000000000000000000000000000000000000000000000000
310
00000000000000000000000000000000000000000000000000000000000000000000000000000000000000000000000000000000000000000000000000000000000000000000000000000000000000000000000000000000000000000000000700000000000000000000000000000000000000000000000000000000070000
310
00000000000000000000000000000000000000000000000000000000000000000000000000000000000000000000000000000000000000000000000000070000000000000000000000000000000000000000000000000000000000000000000000000000000000000000000000000000000000000000000000000000000000
310
00000000000000000000000000000000000000000000000000000000000000000000000000000000000000000000000000000000000000000000000000000000000000000000000000000000000000000000000000000000000000000000000000000000000700000000000000000000000000000000000000000000000000
310
00000000000000000000000000000000000000000000000000000000000000000000000000000007000000000000000000000000000000000000000000000000000000070000000000000000000000000000000000000000000000000000000000000000000000000000000000000000000000000000000000000000000000
310
00000000000000000000000000000000000000000000000000000000000000000000000000000000000000000000000000000000000000000000000000000000000000000000000000000000000000000000000000000000000000000000000000000007000000000000000000000000000000000000000000000000000000
310
07000000000000000000000000000000000000000000000000000000000000000000000000000000000000000000000000000000000000000000000000000000000007000000000000000000000000000000000000000000000000000000000000000000000000000000000000000000000000000000000000000000000000
310
00000000000000000000000000000000000000000000000000000000000000000000000000000000000000000000000000000000000000000000000000000000000000000000000000000000000000000000000000000000000000000000000000000000000000000700000000000000000000000000000000000000000000
310
00000000000000000000000000000000000000000000000000000000000000000000000000000000000000000700000000000000000000000000000000000000000000000000000700000000000000000000000000000000000000000000000000000000000000000000000000000000000000000000000000000000000000
310
00000000000000000000000000000000000000000000000000000000000000000000000000000000000000000000000000000000000000000000000000000000000000000000000000000000000000000000000000000000000000000000000000000000000000070000000000000000000000000000000000000000000000
310
00000007000000000000000000000000000000000000000000000000000000000000000000000000000000000000000000000000000000000000000000000000000000000000000700000000000000000000000000000000000000000000000000000000000000000000000000000000000000000000000000000000000000
310
00000000000000000000000000000000000000000000000000000000000000000000000000000000000000000000000000000000000000000000000000000000000000000000000000000000000000000000000000000000000000000000000000000000000000000000000700000000000000000000000000000000000000
310
00000000000000000000000000000000000000000000000000000000000000000000000000000000000000000000000000070000000000000000000000000000000000000000000000000007000000000000000000000000000000000000000000000000000000000000000000000000000000000000000000000000000000
310
00000000000000000000000000000000000000000000000000000000000000000000000000000000000000000000000000000000000000000000000000000000000000000000000000000000000000000000000000000000000000000000000000000000000000000000000700000000000000000000000000000000000000
310
00000000000007000000000000000000000000000000000000000000000000000000000000000000000000000000000000000000000000000000000000000000000000000000000000000000070000000000000000000000000000000000000000000000000000000000000000000000000000000000000000000000000000
310
00000000000000000000000000000000000000000000000000000000000000000000000000000000000000000000000000000000000000000000000000000000000000000000000000000000000000000000000000000000000000000000000000000000000000000000000000000700000000000000000000000000000000
310
00000000000000000000000000000000000000000000000000000000000000000000000000000000000000000000000000000000000007000000000000000000000000000000000000000000000000070000000000000000000000000000000000000000000000000000000000000000000000000000000000000000000000
310
00000000000000000000000000000000000000000000000000000000000000000000000000000000000000000000000000000000000000000000000000000000000000000000000000000000000000000000000000000000000000000000000000000000000000000000000000000007000000000000000000000000000000
310
00000000000000000000070000000000000000000000000000000000000000000000000000000000000000000000000000000000000000000000000000000000000000000000000000000000000000000700000000000000000000000000000000000000000000000000000000000000000000000000000000000000000000
310
00000000000000000000000000000000000000000000000000000000000000000000000000000000000000000000000000000000000000000000000000000000000000000000000000000000000000000000000000000000000000000000000000000000000000000000000000000000000007000000000000000000000000
310
00000000000000000000000000000000000000000000000000000000000000000000000000000000000000000000000000000000000000000000070000000000000000000000000000000000000000000000000700000000000000000000000000000000000000000000000000000000000000000000000000000000000000
310
00000000000000000000000000000000000000000000000000000000000000000000000000000000000000000000000000000000000000000000000000000000000000000000000000000000000000000000000000000000000000000000000000000000000000000000000000000000000000070000000000000000000000
310
00000000000000000000000000070000000000000000000000000000000000000000000000000000000000000000000000000000000000000000000000000000000000000000000000000000000000000000000000070000000000000000000000000000000000000000000000000000000000000000000000000000000000
310
00000000000000000000000000000000000000000000000000000000000000000000000000000000000000000000000000000000000000000000000000000000000000000000000000000000000000000000000000000000000000000000000000000000000000000000000000000000000000000007000000000000000000
310
00000000000000000000000000000000000000000000000000000000000000000000000000000000000000000000000000000000000000000000000000000007000000000000000000000000000000000000000000000007000000000000000000000000000000000000000000000000000000000000000000000000000000
310
00000000000000000000000000000000000000000000000000000000000000000000000000000000000000000000000000000000000000000000000000000000000000000000000000000000000000000000000000000000000000000000000000000000000000000000000000000000000000000000000700000000000000
310
00000000000000000000000000000000070000000000000000000000000000000000000000000000000000000000000000000000000000000000000000000000000000000000000000000000000000000000000000000000000700000000000000000000000000000000000000000000000000000000000000000000000000
310
0000000000000000000000000000000000000000000000001E1E0000000000000000000000000000000000000000000000000000000000000000000000000000000000000000000000000000000000000000000000000000000000000000000000000000000000000000000000000000000000000000000007000000000000
310
00000000000000000000000000000000000000000000000000000000000000000000000000000000000000000000000000000000000000000000000000000000000000070000000000000000000000000000000000000000000000070000000000000000000000000000000000000000000000000000000000000000000000
310
00000000000000000000000000000000000000000000000000000000000000000000000000000000000000000000000000000000000000000000000000000000000000000000000000000000000000000000000000000000000000000000000000000000000000000000000000000000000000000000000000000007000000
310
00000000000000000000000000000000000000000700000000000000000000000000000000000000000000000000000000000000000000000000000000000000000000000000000000000000000000000000000000000000000000000000070000000000000000000000000000000000000000000000000000000000000000
310
000000000000000000000000000000000000000000000000000000001E001E000000000000000000000000000000000000000000000000000000000000000000000000000000000000000000000000000000000000000000000000000000000000000000000000000000000000000000000000000000000000000000070000
310
00000000000000000000000000000000000000000000000000000000000000000000000000000000000000000000000000000000000000000000000000000000000000000000000007000000000000000000000000000000000000000000000700000000000000000000000000000000000000000000000000000000000000
310
00000000000000000000000000000000000000000000000000000000000000000000000000000000000000000000000000000000000000000000000000000000000000000000000000000000000000000000000000000000000000000000000000000000000000000000000000000000000000000000000000000000000000
310
07000000000000000000000000000000000000000000000700000000000000000000000000000000000000000000000000000000000000000000000000000000000000000000000000000000000000000000000000000000000000000000000000000700000000000000000000000000000000000000000000000000000000
310
00000000000000000000000000000000000000000000000000000000000000001E1E1E1E00000000000000000000000000000000000000000000000000000000000000000000000000000000000000000000000000000000000000000000000000000000000000000000000000000000000000000000000000000000000000
310
07000000000000000000000000000000000000000000000000000000000000000000000000000000000000000000000000000000000000000000000000000000000000000000000000000000070000000000000000000000000000000000000000000007000000000000000000000000000000000000000000000000000000
310
00000000000000000000000000000000000000000000000000000000000000000000000000000000000000000000000000000000000000000000000000000000000000000000000000000000000000000000000000000000000000000000000000000000000000000000000000000000000000000000000000000000000000
310
00000000070000000000000000000000000000000000000000000007000000000000000000000000000000000000000000000000000000000000000000000000000000000000000000000000000000000000000000000000000000000000000000000000000000070000000000000000000000000000000000000000000000
310
0000000000000000000000000000000000000000000000000000000000000000000000001E00001E1E0000000000000000000000000000000000000000000000000000000000000000000000000000000000000000000000000000000000000000000000000000000000000000000000000000000000000000000000000000
310
00000000070000000000000000000000000000000000000000000000000000000000000000000000000000000000000000000000000000000000000000000000000000000000000000000000000000000007000000000000000000000000000000000000000000070000000000000000000000000000000000000000000000
310
00000000000000000000000000000000000000000000000000000000000000000000000000000000000000000000000000000000000000000000000000000000000000000000000000000000000000000000000000000000000000000000000000000000000000000000000000000000000000000000000000000000000000
310
00000000000000000700000000000000000000000000000000000000000007000000000000000000000000000000000000000000000000000000000000000000000000000000000000000000000000000000000000000000000000000000000000000000000000000000000700000000000000000000000000000000000000
310
000000000000000000000000000000000000000000000000000000000000000000000000000000001E0000001E1E000000000000000000000000000000000000000000000000000000000000000000000000000000000000000000000000000000000000000000000000000000000000000000000000000000000000000000
310
00000000000000000700000000000000000000000000000000000000000000000000000000000000000000000000000000000000000000000000000000000000000000000000000000000000000000000000000000070000000000000000000000000000000000000000000700000000000000000000000000000000000000
310
00000000000000000000000000000000000000000000000000000000000000000000000000000000000000000000000000000000000000000000000000000000000000000000000000000000000000000000000000000000000000000000000000000000000000000000000000000000000000000000000000000000000000
310
00000000000000000000000007000000000000000000000000000000000000000000070000000000000000000000000000000000000000000000000000000000000000000000000000000000000000000000000000000000000000000000000000000000000000000000000000000000070000000000000000000000000000
310
00000000000000000000000000000000000000000000000000000000000000000000000000000000000000001E000000001E1E00000000000000000000000000000000000000000000000000000000000000000000000000000000000000000000000000000000000000000000000000000000000000000000000000000000
310
00000000000000000000000700000000000000000000000000000000000000000000000000000000000000000000000000000000000000000000000000000000000000000000000000000000000000000000000000000000000007000000000000000000000000000000000000000007000000000000000000000000000000
310
00000000000000000000000000000000000000000000000000000000000000000000000000000000000000000000000000000000000000000000000000000000000000000000000000000000000000000000000000000000000000000000000000000000000000000000000000000000000000000000000000000000000000
310
00000000000000000000000000000000070000000000000000000000000000000000000000000700000000000000000000000000000000000000000000000000000000000000000000000000000000000000000000000000000000000000000000000000000000000000000000000000000000000700000000000000000000
310
0000000000000000000000000000000000000000000000000000000000000000000000000000000000000000000000001E00000000001E000000000000000000000000000000000000000000000000000000000000000000000000000000000000000000000000000000000000000000000000000000000000000000000000
310
00000000000000000000000000000007000000000000000000000000000000000000000000000000000000000000000000000000000000000000000000000000000000000000000000000000000000000000000000000000000000000000070000000000000000000000000000000000000000070000000000000000000000
310
00000000000000000000000000000000000000000000000000000000000000000000000000000000000000000000000000000000000000000000000000000000000000000000000000000000000000000000000000000000000000000000000000000000000000000000000000000000000000000000000000000000000000
310
00000000000000000000000000000000000000000700000000000000000000000000000000000000000700000000000000000000000000000000000000000000000000000000000000000000000000000000000000000000000000000000000000000000000000000000000000000000000000000000000000070000000000
310
000000000000000000000000000000000000000000000000000000000000000000000000000000000000000000000000000000001E0000000000001E00000000000000000000000000000000000000000000000000000000000000000000000000000000000000000000000000000000000000000000000000000000000000
310
00000000000000000000000000000000000000070000000000000000000000000000000000000000000000000000000000000000000000000000000000000000000000000000000000000000000000000000000000000000000000000000000000000007000000000000000000000000000000000000000700000000000000
310
00000000000000000000000000000000000000000000000000000000000000000000000000000000000000000000000000000000000000000000000000000000000000000000000000000000000000000000000000000000000000000000000000000000000000000000000000000000000000000000000000000000000000
310
00000000000000000000000000000000000000000000000007000000000000000000000000000000000000000007000000000000000000000000000000000000000000000000000000000000000000000000000000000000000000000000000000000000000000000000000000000000000000000000000000000000000700
310
00000000000000000000000000000000000000000000000000000000000000000000000000000000000000000000000000000000000000001E0000000000001E1E0000000000000000000000000000000000000000000000000000000000000000000000000000000000000000000000000000000000000000000000000000
310
00000000000000000000000000000000000000000000000700000000000000000000000000000000000000000000000000000000000000000000000000000000000000000000000000000000000000000000000000000000000000000000000000000000000000070000000000000000000000000000000000000007000000
310
00000000000000000000000000000000000000000000000000000000000000000000000000000000000000000000000000000000000000000000000000000000000000000000000000000000000000000000000000000000000000000000000000000000000000000000000000000000000000000000000000000000000000
310
00000000000000000000000000000000000000000000000000000000070000000000000000000000000000000000000000070000000000000000000000000000000000000000000000000000000000000000000000000000000000000000000000000000000000000000000000000000000000000000000000000000000000
310
0000070000000000000000001E1E001E1E000000001E1E000000000000000000000000000000000000000000000000000000000000000000000000001E000000000000001E1E0000000000000000000000000000000000000000000000000000000000000000000000000000000000001E1E1E1E1E0000001E1E1E1E1E0000
310
00001E1E000000000000000000000000000000000000000000000700000000000000000000000000000000000000000000000000000000000000000000000000000000000000000000000000000000000000000000000000000000000000000000000000000000000000000700000000000000000000000000000000000000
310
07000000000000000000000000000000000000000000000000000000000000000000000000000000000000000000000000000000000000000000000000000000000000000000000000000000000000000000000000000000000000000000000000000000000000000000000000000000000000000000000000000000000000
310
00000000000000000000000000000000000000000000000000000000000000000700000000000000000000000000000000000000000700000000000000000000000000000000000000000000000000000000000000000000000000000000000000000000000000000000000000000000000000000000000000000000000000
310
000000000000070000000000000000001E001E001E1E0000001E1E000000000000000000000000000000000000000000000000000000000000000000000000001E00000000000000001E1E000000000000000000000000000000000000000000000000000000000000000000000000000000001E1E1E1E1E1E1E1E1E1E1E1E
310
1E1E1E0000001E1E0000000000000000000000000000000000000000000007000000000000000000000000000000000000000000000000000000000000000000000000000000000000000000000000000000000000000000000000000000000000000000000000000000000000000007000000000000000000000000000000
310
00000000070000000000000000000000000000000000000000000000000000000000000000000000000000000000000000000000000000000000000000000000000000000000000000000000000000000000000000000000000000000000000000000000000000000000000000000000000000000000000000000000000000
310
00000000000000000000000000000000000000000000000000000000000000000000000007000000000000000000000000000000000000000700000000000000000000000000000000000000000000000000000000000000000000000000000000000000000000000000000000000000000000000000000000000000000000
310
0000000000000000000007000000000000000000001E1E001E1E0000001E1E1E0000000000000000000000000000000000000000000000000000000000000000000000001E0000000000000000001E1E0000000000000000000000000000000000000000000000000000000000000000000000000000001E1E000000001E1E
310
1E1E000000001E1E0000001E1E000000000000000000000000000000000000000000070000000000000000000000000000000000000000000000000000000000000000000000000000000000000000000000000000000000000000000000000000000000000000000000000000000000000000070000000000000000000000
310
00000000000000000700000000000000000000000000000000000000000000000000000000000000000000000000000000000000000000000000000000000000000000000000000000000000000000000000000000000000000000000000000000000000000000000000000000000000000000000000000000000000000000
310
00000000000000000000000000000000000000000000000000000000000000000000000000000000070000000000000000000000000000000000000007000000000000000000000000000000000000000000000000000000000000000000000000000000000000000000000000000000000000000000000000000000000000
310
000000000000000000000000000000070000000000000000001E001E1E1E00001E1E1E1E001E1E1E1E1E1E1E1E1E1E1E1E1E1E1E1E1E1E1E1E1E1E1E1E1E1E1E1E1E1E1E1E1E1E1E1E000000000000000000001E1E1E1E1E1E1E1E1E1E1E1E1E1E1E1E1E1E1E1E1E1E1E1E1E1E1E1E1E1E1E1E1E1E1E1E1E1E0000001E1E00
310
00001E001E1E1E0000001E001E00001E001E00000000000000000000000000000000000000000700000000000000000000000000000000000000000000000000000000000000000000000000000000000000000000000000000000000000000000000000000000000000000000000000000000000000000007000000000000
310
00000000000000000000000007000000000000000000000000000000000000000000000000000000000000000000000000000000000000000000000000000000000000000000000000000000000000000000000000000000000000000000000000000000000000000000000000000000000000000000000000000000000000
310
00000000000000000000000000000000000000000000000000000000000000000000000000000000000000000700000000000000000000000000000000000000070000000000000000000000000000000000000000000000000000000000000000000000000000000000000000000000000000000000000000000000000000
310
0000000000000000000000000000000000000007000000000000000000001E1E1E001E001E1E1E001E1E1E1E1E1E1E1E1E1E1E1E1E1E1E1E1E1E1E1E1E1E1E1E1E1E1E1E1E1E1E1E1E1E1E1E1E00000000000000000000001E1E1E1E1E1E1E1E1E1E1E1E1E1E1E1E1E1E1E1E1E1E1E1E1E1E1E1E1E1E1E1E1E1E1E1E1E0000
310
001E1E000000001E1E1E1E000000001E1E0000001E1E000000000000000000000000000000000000000700000000000000000000000000000000000000000000000000000000000000000000000000000000000000000000000000000000000000000000000000000000000000000000000000000000000000000000070000
310
00000000000000000000000000000000070000000000000000000000000000000000000000000000000000000000000000000000000000000000000000000000000000000000000000000000000000000000000000000000000000000000000000000000000000000000000000000000000000000000000000000000000000
310
00000000000000000000000000000000000000000000000000000000000000000000000000000000000000000000000007000000000000000000000000000000000000070000000000000000000000000000000000000000000000000000000000000000000000000000000000000000000000000000000000000000000000
310
000000000000000000000000000000000000000000000007000000000000000000001E001E1E1E001E1E001E1E00000000000000000000000000000000000000000000000000000000000000000000001E000000000000000000001E0000000000000000000000000000000000000000000000000000000000000000000000
310
00000000001E001E0000001E001E001E0000001E001E00001E001E00000000000000000000000000000000000007000000000000000000000000000000000000000000000000000000000000000000000000000000000000000000000000000000000000000000000000000000000000000000000000000000000000000000
310
00070000000000000000000000000000000000000700000000000000000000000000000000000000000000000000000000000000000000000000000000000000000000000000000000000000000000000000000000000000000000000000000000000000000000000000000000000000000000000000000000000000000000
310
00000000000000000000000000000000000000000000000000000000000000000000000000000000000000000000000000000000070000000000000000000000000000000000000700000000000000000000000000000000000000000000000000000000000000000000000000000000000000000000000000000000000000
310
0000000000000000000000000000000000000000000000000000000700000000000000000000001E1E1E001E1E1E001E001E000000000000000000000000000000000000000000000000000000000000000000001E0000000000000000001E0000000000000000000000000000000000000000000000000000000000000000
310
000000000000000000001E1E000000001E1E1E1E000000001E1E00001E001E000000000000000000000000000000000000070000000000000000000000000000000000000000000000000000000000000000000000000000000000000000000000000000000000000000000000000000000000000000000000000000000000
310
00000000000700000000000000000000000000000000000007000000000000000000000000000000000000000000000000000000000000000000000000000000000000000000000000000000000000000000000000000000000000000000000000000000000000000000000000000000000000000000000000000000000000
310
00000000000000000000000000000000000000000000000000000000000000000000000000000000000000000000000000000000000000000700000000000000000000000000000000000007000000000000000000000000000000000000000000000000000000000000000000000000000000000000000000000000000000
310
000000000000000000000000000000000000000000000000000000000000000700000000000000000000001E001E1E1E1E1E00001E1E000000000000000000000000000000000000000000000000000000000000000000001E00000000000000001E0000000000000000000000000000000000000000000000000000000000
310
00000000000000000000000000001E001E0000001E1E1E1E000000001E001E00001E1E0000000000000000000000000000000000000700000000000000000000000000000000000000000000000000000000000000000000000000000000000000000000000000000000000000000000000000000000000000000000000000
310
00000000000000000007000000000000000000000000000000000000070000000000000000000000000000000000000000000000000000000000000000000000000000000000000000000000000000000000000000000000000000000000000000000000000000000000000000000000000000000000000000000000000000
310
00000000000000000000000000000000000000000000000000000000000000000000000000000000000000000000000000000000000000000000000007000000000000000000000000000000000000070000000000000000000000000000000000000000000000000000000000000000000000000000000000000000000000
310
0000000000000000000000000000000000000000000000000000000000000000000000070000000000000000000000001E1E1E1E1E1E00001E001E0000000000000000000000000000000000000000000000000000000000000000001E000000000000001E0000000000000000000000000000000000000000000000000000
310
000000000000000000000000000000000000001E1E000000001E1E1E000000001E001E00001E1E00000000000000000000000000000000000007000000000000000000000000000000000000000000000000000000000000000000000000000000000000000000000000000000000000000000000000000000000000000000
310
00000000000000000000000000070000000000000000000000000000000000000700000000000000000000000000000000000000000000000000000000000000000000000000000000000000000000000000000000000000000000000000000000000000000000000000000000000000000000000000000000000000000000
310
00000000000000000000000000000000000000000000000000000000000000000000000000000000000000000000000000000000000000000000000000000000070000000000000000000000000000000000000700000000000000000000000000000000000000000000000000000000000000000000000000000000000000
310
000000000000000000000000000000000000000000000000000000000000000000000000000000000700000000000000000000001E1E001E1E000000001E1E0000000000000000000000000000000000000000000000000000000000000000001E0000000000001E0000000000000000000000000000000000000000000000
310
00000000000000000000000000000000000000000000001E1E1E00001E1E1E1E1E000000001E1E0000001E1E0000000000000000000000000000000000070000000000000000000000000000000000000000000000000000000000000000000000000000000000000000000000000000000000000000000000000000000000
310
00000000000000000000000000000000000007000000000000000000000000000000000007000000000000000000000000000000000000000000000000000000000000000000000000000000000000000000000000000000000000000000000000000000000000000000000000000000000000000000000000000000000000
310
00000000000000000000000000000000000000000000000000000000000000000000000000000000000000000000000000000000000000000000000000000000000000000700000000000000000000000000000000000007000000000000000000000000000000000000000000000000000000000000000000000000000000
310
0000000000000000000000000000000000000000000000000000000000000000000000000000000000000000070000000000000000000000001E1E1E1E000000001E1E0000000000000000000000000000000000000000000000000000000000000000001E00000000001E0000000000000000000000000000000000000000
310
000000000000000000000000000000000000000000000000000000001E1E1E1E1E1E1E1E1E1E0000001E1E001E1E1E1E1E1E1E00000000000000000000000000000700000000000000000000000000000000000000000000000000000000000000000000000000000000000000000000000000000000000000000000000000
310
00000000000000000000000000000000000000000000070000000000000000000000000000000000070000000000000000000000000000000000000000000000000000000000000000000000000000000000000000000000000000000000000000000000000000000000000000000000000000000000000000000000000000
310
00000000000000000000000000000000000000000000000000000000000000000000000000000000000000000000000000000000000000000000000000000000000000000000000007000000000000000000000000000000000000070000000000000000000000000000000000000000000000000000000000000000000000
310
00000000000000000000000000000000000000000000000000000000000000000000000000000000000000000000000007000000000000000000000000000000000000000000000000000000000000000000000000000000000000000000000000000000000000001E000000001E1E00000000000000000000000000000000
310
00000000000000000000000000000000000000000000000000000000000000000000000000000000000000000000000000000000000000000000000000000000000000000007000000000000000000000000000000000000000000000000000000000000000000000000000000000000000000000000000000000000000000
310
00000000000000000000000000000000000000000000000000000700000000000000000000000000000000000700000000000000000000000000000000000000000000000000000000000000000000000000000000000000000000000000000000000000000000000000000000000000000000000000000000000000000000
310
00000000000000000000000000000000000000000000000000000000000000000000000000000000000000000000000000000000000000000000000000000000000000000000000000000000070000000000000000000000000000000000000700000000000000000000000000000000000000000000000000000000000000
310
0000000000000000000000000000000000000000000000000000000000000000000000000000000000000000000000000000000007000000000000000000000000000000000000000000000000000000000000000000000000000000000000000000000000000000000000001E0000001E1E00000000000000000000000000
310
00000000000000000000000000000000000000000000000000000000000000000000000000000000000000000000000000000000000000000000000000000000000000000000000000070000000000000000000000000000000000000000000000000000000000000000000000000000000000000000000000000000000000
310
00000000000000000000000000000000000000000000000000000000000007000000000000000000000000000000000007000000000000000000000000000000000000000000000000000000000000000000000000000000000000000000000000000000000000000000000000000000000000000000000000000000000000
310
00000000000000000000000000000000000000000000000000000000000000000000000000000000000000000000000000000000000000000000000000000000000000000000000000000000000000000700000000000000000000000000000000000007000000000000000000000000000000000000000000000000000000
310
000000000000000000000000000000000000000000000000000000000000000000000000000000000000000000000000000000000000000007000000000000000000000000000000000000000000000000000000000000000000000000000000000000000000000000000000000000001E00001E1E00000000000000000000
310
00000000000000000000000000000000000000000000000000000000000000000000000000000000000000000000000000000000000000000000000000000000000000000000000000000000000700000000000000000000000000000000000000000000000000000000000000000000000000000000000000000000000000
310
00000000000000000000000000000000000000000000000000000000000000000000070000000000000000000000000000000000070000000000000000000000000000000000000000000000000000000000000000000000000000000000000000000000000000000000000000000000000000000000000000000000000000
310
00000000000000000000000000000000000000000000000000000000000000000000000000000000000000000000000000000000000000000000000000000000000000000000000000000000000000000000000007000000000000000000000000000000000000070000000000000000000000000000000000000000000000
310
00000000000000000000000000000000000000000000000000000000000000000000000000000000000000000000000000000000000000000000000007000000000000000000000000000000000000000000000000000000000000000000000000000000000000000000000000000000000000001E1E1E1E00000000000000
310
00000000000000000000000000000000000000000000000000000000000000000000000000000000000000000000000000000000000000000000000000000000000000000000000000000000000000000007000000000000000000000000000000000000000000000000000000000000000000000000000000000000000000
310
00000000000000000000000000000000000000000000000000000000000000000000000000000700000000000000000000000000000000000700000000000000000000000000000000000000000000000000000000000000000000000000000000000000000000000000000000000000000000000000000000000000000000
310
00000000000000000000000000000000000000000000000000000000000000000000000000000000000000000000000000000000000000000000000000000000000000000000000000000000000000000000000000000000070000000000000000000000000000000000000700000000000000000000000000000000000000
310
0000000000000000000000000000000000000000000000000000000000000000000000000000000000000000000000000000000000000000000000000000000007000000000000000000000000000000000000000000000000000000000000000000000000000000000000000000000000000000000000001E001E00000000
310
00000000000000000000000000000000000000000000000000000000000000000000000000000000000000000000000000000000000000000000000000000000000000000000000000000000000000000000000000070000000000000000000000000000000000000000000000000000000000000000000000000000000000
310
00000000000000000000000000000000000000000000000000000000000000000000000000000000000007000000000000000000000000000000000007000000000000000000000000000000000000000000000000000000000000000000000000000000000000000000000000000000000000000000000000000000000000
310
00000000000000000000000000000000000000000000000000000000000000000000000000000000000000000000000000000000000000000000000000000000000000000000000000000000000000000000000000000000000000000700000000000000000000000000000000000007000000000000000000000000000000
310
000000000000000000000000000000000000000000000000000000000000000000000000000000000000000000000000000000000000000000000000000000000000000700000000000000000000000000000000000000000000000000000000000000000000000000000000000000000000000000000000000000001E1E00
310
00000000000000000000000000000000000000000000000000000000000000000000000000000000000000000000000000000000000000000000000000000000000000000000000000000000000000000000000000000000000700000000000000000000000000000000000000000000000000000000000000000000000000
310
00000000000000000000000000000000000000000000000000000000000000000000000000000000000000000007000000000000000000000000000000000000070000000000000000000000000000000000000000000000000000000000000000000000000000000000000000000000000000000000000000000000000000
310
00000000000000000000000000000000000000000000000000000000000000000000000000000000000000000000000000000000000000000000000000000000000000000000000000000000000000000000000000000000000000000000000007000000000000000000000000000000000000070000000000000000000000
310
00000000000000000000000000000000000000000000000000000000000000000000000000000000000000000000000000000000000000000000000000000000000000000000000700000000000000000000000000000000000000000000000000000000000000000000000000000000000000000000000000000000000000
310
00000000000000000000000000000000000000000000000000000000000000000000000000000000000000000000000000000000000000000000000000000000000000000000000000000000000000000000000000000000000000000007000000000000000000000000000000000000000000000000000000000000000000
310
00000000000000000000000000000000000000000000000000000000000000000000000000000000000000000000000000070000000000000000000000000000000000000700000000000000000000000000000000000000000000000000000000000000000000000000000000000000000000000000000000000000000000
310
00000000000000000000000000000000000000000000000000000000000000000000000000000000000000000000000000000000000000000000000000000000000000000000000000000000000000000000000000000000000000000000000000000000070000000000000000000000000000000000000700000000000000
310
00000000000000000000000000000000000000000000000000000000000000000000000000000000000000000000000000000000000000000000000000000000000000000000000000000007000000000000000000000000000000000000000000000000000000000000000000000000000000000000000000000000000000
310
00000000000000000000000000000000000000000000000000000000000000000000000000000000000000000000000000000000000000000000000000000000000000000000000000000000000000000000000000000000000000000000000000070000000000000000000000000000000000000000000000000000000000
310
00000000000000000000000000000000000000000000000000000000000000000000000000000000000000000000000000000000000700000000000000000000000000000000000007000000000000000000000000000000000000000000000000000000000000000000000000000000000000000000000000000000000000
310
00000000000000000000000000000000000000000000000000000000000000000000000000000000000000000000000000000000000000000000000000000000000000000000000000000000000000000000000000000000000000000000000000000000000000000700000000000000000000000000000000000007000000
310
00000000000000000000000000000000000000000000000000000000000000000000000000000000000000000000000000000000000000000000000000000000000000000000000000000000000000070000000000000000000000000000000000000000000000000000000000000000000000000000000000000000000000
310
00000000000000000000000000000000000000000000000000000000000000000000000000000000000000000000000000000000000000000000000000000000000000000000000000000000000000000000000000000000000000000000000000000000000700000000000000000000000000000000000000000000000000
310
00000000000000000000000000000000000000000000000000000000000000000000000000000000000000000000000000000000000000000007000000000000000000000000000000000000070000000000000000000000000000000000000000000000000000000000000000000000000000000000000000000000000000
310
00000000000000000000000000000000000000000000000000000000000000000000000000000000000000000000000000000000000000000000000000000000000000000000000000000000000000000000000000000000000000000000000000000000000000000000000007000000000000000000000000000000000000
310
00070000000000000000000000000000000000000000000000000000000000000000000000000000000000000000000000000000000000000000000000000000000000000000000000000000000000000000000700000000000000000000000000000000000000000000000000000000000000000000000000000000000000
310
00000000000000000000000000000000000000000000000000000000000000000000000000000000000000000000000000000000000000000000000000000000000000000000000000000000000000000000000000000000000000000000000000000000000000000000070000000000000000000000000000000000000000
310
00000000000000000000000000000000000000000000000000000000000000000000000000000000000000000000000000000000000000000000000000070000000000000000000000000000000000000700000000000000000000000000000000000000000000000000000000000000000000000000000000000000000000
310
00000000000000000000000000000000000000000000000000000000000000000000000000000000000000000000000000000000000000000000000000000000000000000000000000000000000000000000000000000000000000000000000000000000000000000000000000000000070000000000000000000000000000
310
00000000000700000000000000000000000000000000000000000000000000000000000000000000000000000000000000000000000000000000000000000000000000000000000000000000000000000000000000000007000000000000000000000000000000000000000000000000000000000000000000000000000000
310
00000000000000000000000000000000000000000000000000000000000000000000000000000000000000000000000000000000000000000000000000000000000000000000000000000000000000000000000000000000000000000000000000000000000000000000000000000700000000000000000000000000000000
310
00000000000000000000000000000000000000000000000000000000000000000000000000000000000000000000000000000000000000000000000000000000000700000000000000000000000000000000000007000000000000000000000000000000000000000000000000000000000000000000000000000000000000
310
00000000000000000000000000000000000000000000000000000000000000000000000000000000000000000000000000000000000000000000000000000000000000000000000000000000000000000000000000000000000000000000000000000000000000000000000000000000000000000700000000000000000000
310
00000000000000000007000000000000000000000000000000000000000000000000000000000000000000000000000000000000000000000000000000000000000000000000000000000000000000000000000000000000000007000000000000000000000000000000000000000000000000000000000000000000000000
310
00000000000000000000000000000000000000000000000000000000000000000000000000000000000000000000000000000000000000000000000000000000000000000000000000000000000000000000000000000000000000000000000000000000000000000000000000000000000007000000000000000000000000
310
00000000000000000000000000000000000000000000000000000000000000000000000000000000000000000000000000000000000000000000000000000000000000000700000000000000000000000000000000000000070000000000000000000000000000000000000000000000000000000000000000000000000000
310
00000000000000000000000000000000000000000000000000000000000000000000000000000000000000000000000000000000000000000000000000000000000000000000000000000000000000000000000000000000000000000000000000000000000000000000000000000000000000000000000007000000000000
310
00000000000000000000000000000700000000000000000000000000000000000000000000000000000000000000000000000000000000000000000000000000000000000000000000000000000000000000000000000000000000000000070000000000000000000000000000000000000000000000000000000000000000
310
00000000000000000000000000000000000000000000000000000000000000000000000000000000000000000000000000000000000000000000000000000000000000000000000000000000000000000000000000000000000000000000000000000000000000000000000000000000000000000000070000000000000000
310
00000000000000000000000000000000000000000000000000000000000000000000000000000000000000000000000000000000000000000000000000000000000000000000000007000000000000000000000000000000000000000700000000000000000000000000000000000000000000000000000000000000000000
310
00000000000000000000000000000000000000000000000000000000000000000000000000000000000000000000000000000000000000000000000000000000000000000000000000000000000000000000000000000000000000000000000000000000000000000000000000000000000000000000000000000000070000
310
00000000000000000000000000000000000007000000000000000000000000000000000000000000000000000000000000000000000000000000000000000000000000000000000000000000000000000000000000000000000000000000000000000700000000000000000000000000000000000000000000000000000000
310
00000000000000000000000000000000000000000000000000000000000000000000000000000000000000000000000000000000000000000000000000000000000000000000000000000000000000000000000000000000000000000000000000000000000000000000000000000000000000000000000000000007000000
310
00000000000000000000000000000000000000000000000000000000000000000000000000000000000000000000000000000000000000000000000000000000000000000000000000000000070000000000000000000000000000000000000007000000000000000000000000000000000000000000000000000000000000
310
00000000000000000000000000000000000000000000000000000000000000000000000000000000000000000000000000000000000000000000000000000000000000000000000000000000000000000000000000000000000000000000000000000000000000000000000000000000000000000000000000000000000000
310
00070000000000000000000000000000000000000000070000000000000000000000000000000000000000000000000000000000000000000000000000000000000000000000000000000000000000000000000000000000000000000000000000000000000007000000000000000000000000000000000000000000000000
310
00000000000000000000000000000000000000000000000000000000000000000000000000000000000000000000000000000000000000000000000000000000000000000000000000000000000000000000000000000000000000000000000000000000000000000000000000000000000000000000000000000000000000
310
07000000000000000000000000000000000000000000000000000000000000000000000000000000000000000000000000000000000000000000000000000000000000000000000000000000000000000700000000000000000000000000000000000000070000000000000000000000000000000000000000000000000000
310
00000000000000000000000000000000000000000000000000000000000000000000000000000000000000000000000000000000000000000000000000000000000000000000000000000000000000000000000000000000000000000000000000000000000000000000000000000000000000000000000000000000000000
310
00000000000700000000000000000000000000000000000000000007000000000000000000000000000000000000000000000000000000000000000000000000000000000000000000000000000000000000000000000000000000000000000000000000000000000007000000000000000000000000000000000000000000
310
00000000000000000000000000000000000000000000000000000000000000000000000000000000000000000000000000000000000000000000000000000000000000000000000000000000000000000000000000000000000000000000000000000000000000000000000000000000000000000000000000000000000000
310
00000000070000000000000000000000000000000000000000000000000000000000000000000000000000000000000000000000000000000000000000000000000000000000000000000000000000000000000700000000000000000000000000000000000000000700000000000000000000000000000000000000000000
310
00000000000000000000000000000000000000000000000000000000000000000000000000000000000000000000000000000000000000000000000000000000000000000000000000000000000000000000000000000000000000000000000000000000000000000000000000000000000000000000000000000000000000
310
00000000000000000007000000000000000000000000000000000000000000070000000000000000000000000000000000000000000000000000000000000000000000000000000000000000000000000000000000000000000000000000000000000000000000000000000000070000000000000000000000000000000000
310
00000000000000000000000000000000000000000000000000000000000000000000000000000000000000000000000000000000000000000000000000000000000000000000000000000000000000000000000000000000000000000000000000000000000000000000000000000000000000000000000000000000000000
310
00000000000000000700000000000000000000000000000000000000000000000000000000000000000000000000000000000000000000000000000000000000000000000000000000000000000000000000000000000007000000000000000000000000000000000000000007000000000000000000000000000000000000
310
00000000000000000000000000000000000000000000000000000000000000000000000000000000000000000000000000000000000000000000000000000000000000000000000000000000000000000000000000000000000000000000000000000000000000000000000000000000000000000000000000000000000000
310
00000000000000000000000000070000000000000000000000000000000000000000000700000000000000000000000000000000000000000000000000000000000000000000000000000000000000000000000000000000000000000000000000000000000000000000000000000000070000000000000000000000000000
310
00000000000000000000000000000000000000000000000000000000000000000000000000000000000000000000000000000000000000000000000000000000000000000000000000000000000000000000000000000000000000000000000000000000000000000000000000000000000000000000000000000000000000
310
00000000000000000000000000070000000000000000000000000000000000000000000000000000000000000000000000000000000000000000000000000000000000000000000000000000000000000000000000000000000007000000000000000000000000000000000000000000070000000000000000000000000000
310
00000000000000000000000000000000000000000000000000000000000000000000000000000000000000000000000000000000000000000000000000000000000000000000000000000000000000000000000000000000000000000000000000000000000000000000000000000000000000000000000000000000000000
310
00000000000000000000000000000000000700000000000000000000000000000000000000000000070000000000000000000000000000000000000000000000000000000000000000000000000000000000000000000000000000000000000000000000000000000000000000000000000000000700000000000000000000
310
0000001E1E1E1E000000000000000000000000001E1E1E1E1E1E1E1E1E1E1E0000001E1E0000000000000000000000000000000000001E1E1E1E1E1E1E1E1E0000001E1E001E1E1E1E1E1E0000001E1E1E1E00001E1E00001E1E00001E1E1E1E00000000001E1E1E0000000000000000000000000000000000000000000000
310
00000000000000000000000000000000000700000000000000000000000000000000000000000000000000000000000000000000000000000000000000000000000000000000000000000000000000000000000000000000000000000000070000000000000000000000000000000000000000000700000000000000000000
310
00000000000000000000000000000000000000000000000000000000000000000000000000000000000000000000000000000000000000000000000000000000000000000000000000000000000000000000000000000000000000000000000000000000000000000000000000000000000000000000000000000000000000
310
00000000000000000000000000000000000000000007000000000000000000000000000000000000000000000700000000000000000000000000000000000000000000000000000000000000000000000000000000000000000000000000000000000000000000000000000000000000000000000000000007000000000000
310
00000000000000001E1E1E1E1E00000000000000000000001E001E1E1E0000000000000000001E001E00000000000000000000000000000000001E1E1E001E1E1E1E1E000000001E1E000000001E1E1E0000001E1E1E1E001E001E00001E1E00001E1E1E1E00000000001E1E00000000000000000000000000000000000000
310
00000000000000000000000000000000000000000007000000000000000000000000000000000000000000000000000000000000000000000000000000000000000000000000000000000000000000000000000000000000000000000000000000000700000000000000000000000000000000000000000007000000000000
310
00000000000000000000000000000000000000000000000000000000000000000000000000000000000000000000000000000000000000000000000000000000000000000000000000000000000000000000000000000000000000000000000000000000000000000000000000000000000000000000000000000000000000
310
00000000000000000000000000000000000000000000000000070000000000000000000000000000000000000000000000070000000000000000000000000000000000000000000000000000000000000000000000000000000000000000000000000000000000000000000000000000000000000000000000000007000000
310
0000000000000000000000000000001E1E1E000000000000000000001E001E00001E1E000000000000001E1E1E1E000000000000000000000000000000001E1E000000001E1E00000000001E1E0000000000001E1E000000001E1E1E001E1E00001E001E001E001E001E000000001E1E000000000000000000000000000000
310
00000000000000000000000000000000000000000000000000000700000000000000000000000000000000000000000000000000000000000000000000000000000000000000000000000000000000000000000000000000000000000000000000000000000700000000000000000000000000000000000000000000070000
310
00000000000000000000000000000000000000000000000000000000000000000000000000000000000000000000000000000000000000000000000000000000000000000000000000000000000000000000000000000000000000000000000000000000000000000000000000000000000000000000000000000000000000
310
00000000000000000000000000000000000000000000000000000000000700000000000000000000000000000000000000000000000700000000000000000000000000000000000000000000000000000000000000000000000000000000000000000000000000000000000000000000000000000000000000000000000000
310
07000000000000000000000000000000000000001E1E1E1E1E1E1E1E1E1E1E00001E001E00001E1E0000000000001E1E001E00000000000000001E1E001E1E1E1E1E1E1E000000001E001E00000000001E1E00000000001E001E00000000001E1E1E001E00001E1E001E001E1E1E1E1E1E1E1E1E0000000000000000000000
310
00000000000000000000000000000000000000000000000000000000000007000000000000000000000000000000000000000000000000000000000000000000000000000000000000000000000000000000000000000000000000000000000000000000000000000007000000000000000000000000000000000000000000
310
00070000000000000000000000000000000000000000000000000000000000000000000000000000000000000000000000000000000000000000000000000000000000000000000000000000000000000000000000000000000000000000000000000000000000000000000000000000000000000000000000000000000000
310
00000000000000000000000000000000000000000000000000000000000000000007000000000000000000000000000000000000000000000000070000000000000000000000000000000000000000000000000000000000000000000000000000000000000000000000000000000000000000000000000000000000000000
310
000000070000000000000000000000000000000000000000001E1E1E1E1E1E1E1E1E1E00001E001E0000001E1E1E000000001E1E00001E000000000000001E1E1E1E1E1E1E1E1E001E000000001E1E00000000001E1E00000000001E1E1E00000000001E1E1E1E1E00001E1E00001E1E001E1E1E1E1E1E1E00000000000000
310
00000000000000000000000000000000000000000000000000000000000000000000000700000000000000000000000000000000000000000000000000000000000000000000000000000000000000000000000000000000000000000000000000000000000000000000000007000000000000000000000000000000000000
310
00000000000700000000000000000000000000000000000000000000000000000000000000000000000000000000000000000000000000000000000000000000000000000000000000000000000000000000000000000000000000000000000000000000000000000000000000000000000000000000000000000000000000
310
00000000000000000000000000000000000000000000000000000000000000000000000000070000000000000000000000000000000000000000000000000007000000000000000000000000000000000000000000000000000000000000000000000000000000000000000000000000000000000000000000000000000000
310
0000000000000007000000000000000000000000000000001E1E1E1E1E1E1E1E000000000000000000001E001E0000001E001E0000001E1E00001E1E00000000000000001E1E00000000001E1E000000001E001E000000001E001E1E1E1E1E1E1E1E001E1E1E1E1E1E1E1E001E001E001E001E001E001E1E00001E1E000000
310
00000000000000000000000000000000000000000000000000000000000000000000000000000000070000000000000000000000000000000000000000000000000000000000000000000000000000000000000000000000000000000000000000000000000000000000000000000000070000000000000000000000000000
310
00000000000000000007000000000000000000000000000000000000000000000000000000000000000000000000000000000000000000000000000000000000000000000000000000000000000000000000000000000000000000000000000000000000000000000000000000000000000000000000000000000000000000
310
00000000000000000000000000000000000000000000000000000000000000000000000000000000000700000000000000000000000000000000000000000000000000070000000000000000000000000000000000000000000000000000000000000000000000000000000000000000000000000000000000000000000000
310
000000000000000000000700000000000000000000000000000000001E1E1E0000001E001E0000000000000000001E001E000000001E1E1E00001E001E00001E1E00000000000000000000000000001E001E000000001E1E00000000001E1E1E1E1E1E1E1E00001E1E1E00001E001E001E00001E1E00001E1E001E001E001E
310
1E000000000000000000000000000000000000000000000000000000000000000000000000000000000000000700000000000000000000000000000000000000000000000000000000000000000000000000000000000000000000000000000000000000000000000000000000000000000000070000000000000000000000
310
00000000000000000000000000070000000000000000000000000000000000000000000000000000000000000000000000000000000000000000000000000000000000000000000000000000000000000000000000000000000000000000000000000000000000000000000000000000000000000000000000000000000000
310
00000000000000000000000000000000000000000000000000000000000000000000000000000000000000000007000000000000000000000000000000000000000000000000000007000000000000000000000000000000000000000000000000000000000000000000000000000000000000000000000000000000000000
310
00000000000000000000000000000700000000000000000000000000000000001E1E1E000000001E1E000000000000000000001E001E00000000001E1E1E1E001E0000001E0000000000000000000000000000001E1E000000001E001E000000001E001E1E1E00000000001E1E000000001E1E1E1E1E1E1E1E1E1E1E1E0000
310
1E1E001E1E0000000000000000000000000000000000000000000000000000000000000000000000000000000000000000070000000000000000000000000000000000000000000000000000000000000000000000000000000000000000000000000000000000000000000000000000000000000000000700000000000000
310
00000000000000000000000000000000000700000000000000000000000000000000000000000000000000000000000000000000000000000000000000000000000000000000000000000000000000000000000000000000000000000000000000000000000000000000000000000000000000000000000000000000000000
310
00000000000000000000000000000000000000000000000000000000000000000000000000000000000000000000000000070000000000000000000000000000000000000000000000000000070000000000000000000000000000000000000000000000000000000000000000000000000000000000000000000000000000
310
000000000000000000000000000000000007000000000000000000000000000000000000001E1E000000001E001E0000000000001E1E1E1E001E0000000000001E1E001E1E000000001E00000000000000000000000000001E001E000000001E1E00001E1E1E001E1E1E00000000001E1E000000001E001E1E1E1E1E1E1E1E
310
1E1E0000001E1E1E1E00000000000000000000000000000000000000000000000000000000000000000000000000000000000000000700000000000000000000000000000000000000000000000000000000000000000000000000000000000000000000000000000000000000000000000000000000000000000700000000
310
00000000000000000000000000000000000000000007000000000000000000000000000000000000000000000000000000000000000000000000000000000000000000000000000000000000000000000000000000000000000000000000000000000000000000000000000000000000000000000000000000000000000000
310
00000000000000000000000000000000000000000000000000000000000000000000000000000000000000000000000000000000000700000000000000000000000000000000000000000000000000000007000000000000000000000000000000000000000000000000000000000000000000000000000000000000000000
310
00000000000000000000000000000000000000000700000000000000000000000000000000000000001E1E1E0000001E1E1E000000000000001E1E1E1E1E1E1E1E0000001E1E001E1E000000001E1E00000000000000000000000000001E1E000000001E1E00001E1E1E1E001E1E1E000000001E1E1E000000001E1E000000
310
000000000000000000001E1E1E000000000000000000000000000000000000000000000000000000000000000000000000000000000000000000070000000000000000000000000000000000000000000000000000000000000000000000000000000000000000000000000000000000000000000000000000000000000700
310
00000000000000000000000000000000000000000000000000070000000000000000000000000000000000000000000000000000000000000000000000000000000000000000000000000000000000000000000000000000000000000000000000000000000000000000000000000000000000000000000000000000000000
310
00000000000000000000000000000000000000000000000000000000000000000000000000000000000000000000000000000000000000000007000000000000000000000000000000000000000000000000000000000700000000000000000000000000000000000000000000000000000000000000000000000000000000
310
000000000000000000000000000000000000000000000007000000000000000000000000000000000000000000001E1E1E1E1E1E1E1E0000000000000000001E1E1E001E1E1E1E1E1E1E001E1E00000000001E00000000000000000000000000001E1E1E1E1E1E1E1E000000001E1E1E1E1E1E1E1E1E1E1E1E1E1E1E1E1E1E
310
1E00000000000000000000000000001E1E0000000000000000000000000000000000000000000000000000000000000000000000000000000000000000000007000000000000000000000000000000000000000000000000000000000000000000000000000000000000000000000000000000000000000000000000000000
310
00070000000000000000000000000000000000000000000000000000000700000000000000000000000000000000000000000000000000000000000000000000000000000000000000000000000000000000000000000000000000000000000000000000000000000000000000000000000000000000000000000000000000
310
00000000000000000000000000000000000000000000000000000000000000000000000000000000000000000000000000000000000000000000000000070000000000000000000000000000000000000000000000000000000007000000000000000000000000000000000000000000000000000000000000000000000000
310
0000000000000000000000000000000000000000000000000000070000000000000000000000000000000000000000000000001E1E1E1E1E1E0000000000000000000000001E1E001E1E1E1E1E1E001E1E0000000000001E1E000000000000000000000000001E1E1E1E1E1E1E0000000000001E1E1E1E1E1E1E1E1E1E1E1E
310
1E1E1E1E1E00000000000000000000000000001E1E00000000000000000000000000000000000000000000000000000000000000000000000000000000000000000000070000000000000000000000000000000000000000000000000000000000000000000000000000000000000000000000000000000000000000000000
310
00000000070000000000000000000000000000000000000000000000000000000007000000000000000000000000000000000000000000000000000000000000000000000000000000000000000000000000000000000000000000000000000000000000000000000000000000000000000000000000000000000000000000
310
00000000000000000000000000000000000000000000000000000000000000000000000000000000000000000000000000000000000000000000000000000000000700000000000000000000000000000000000000000000000000000000000700000000000000000000000000000000000000000000000000000000000000
310
00000000000000000000000000000000000000000000000000000000000700000000000000000000000000000000000000000000000000000000000000000000000000000000000000000000000000000000000000000000000000000000000000000000000000000000000000000000000000000000000000000000000000
310
00000000000000000000000000000000000000000000000000000000000000000000000000000000000000000000000000000000000000000000000000000000000000000000000007000000000000000000000000000000000000000000000000000000000000000000000000000000000000000000000000000000000000
310
00000000000000070000000000000000000000000000000000000000000000000000000000070000000000000000000000000000000000000000000000000000000000000000000000000000000000000000000000000000000000000000000000000000000000000000000000000000000000000000000000000000000000
310
00000000000000000000000000000000000000000000000000000000000000000000000000000000000000000000000000000000000000000000000000000000000000000007000000000000000000000000000000000000000000000000000000000000070000000000000000000000000000000000000000000000000000
310
00000000000000000000000000000000000000000000000000000000000000000700000000000000000000000000000000000000000000000000000000000000000000000000000000000000000000000000000000000000000000000000000000000000000000000000000000000000000000000000000000000000000000
310
00000000000000000000000000000000000000000000000000000000000000000000000000000000000000000000000000000000000000000000000000000000000000000000000000000000000700000000000000000000000000000000000000000000000000000000000000000000000000000000000000000000000000
310
00000000000000000000070000000000000000000000000000000000000000000000000000000000000700000000000000000000000000000000000000000000000000000000000000000000000000000000000000000000000000000000000000000000000000000000000000000000000000000000000000000000000000
310
00000000000000000000000000000000000000000000000000000000000000000000000000000000000000000000000000000000000000000000000000000000000000000000000000070000000000000000000000000000000000000000000000000000000000000007070000000000000000000000000000000000000000
310
00000000000000000000000000000000000000000000000000000000000000000000000700000000000000000000000000000000000000000000000000000000000000000000000000000000000000000000000000000000000000000000000000000000000000000000000000000000000000000000001E1E000000000000
310
00000000000000000000000000000000000000000000000000000000000000000000000000000000000000000000000000000000000000000000000000000000000000000000000000000000000000000000070700000000000000000000000000000000000000000000000000000000000000000000000000000000000000
310
00000000000000000000000000070000000000000000000000000000000000000000000000000000000000000007000000000000000000000000000000000000000000000000000000000000000000000000000000000000000000000000000000000000000000000000000000000000000000000000000000000000000000
310
00000000000000000000000000000000000000000000000000000000000000000000000000000000000000000000000000000000000000000000000000000000000000000000000000000000000700000000000000000000000000000000000000000000000000000000000000000007000000000000000000000000000000
310
0000000000000000000000000000000000000000000000000000000000000000000000000000070000000000000000000000000000000000000000000000000000000000000000000000000000000000000000000000000000000000000000000000000000000000000000000000000000000000000000000000001E001E00
310
00000000000000000000000000000000000000000000000000000000000000000000000000000000000000000000000000000000000000000000000000000000000000000000000000000000000000000000000000000000070000000000000000000000000000000000000000000000000000000000000000000000000000
310
00000000000000000000000000000000070000000000000000000000000000000000000000000000000000000000000000070000000000000000000000000000000000000000000000000000000000000000000000000000000000000000000000000000000000000000000000000000000000000000000000000000000000
310
00000000000000000000000000000000000000000000000000000000000000000000000000000000000000000000000000000000000000000000000000000000000000000000000000000000000000000007000000000000000000000000000000000000000000000000000000000000000000000700000000000000000000
310
00000000000000000000000000000000000000000000000000000000000000000000000000000000000700000000000000000000000000000000000000000000001E1E000000000000001E1E1E1E1E1E1E1E1E1E1E1E1E1E001E1E0000000000000000001E1E1E1E1E1E1E1E1E1E1E1E1E1E1E000000001E1E000000001E1E
310
001E1E1E000000000000001E1E1E1E1E1E1E001E1E1E1E1E1E1E1E001E1E0000001E1E1E00000000001E1E1E1E1E1E1E1E001E1E1E1E1E1E00001E1E1E1E1E1E1E1E1E1E1E1E1E0000000000000000000000000000000000000000000007000000000000000000000000000000000000000000000000000000000000000000
310
00000000000000000000000000000000000000070000000000000000000000000000000000000000000000000000000000000000000700000000000000000000000000000000000000000000000000000000000000000000000000000000000000000000000000000000000000000000000000000000000000000000000000
310
00000000000000000000000000000000000000000000000000000000000000000000000000000000000000000000000000000000000000000000000000000000000000000000000000000000000000000000000000070000000000000000000000000000000000000000000000000000000000000000000000070000000000
310
000000000000000000000000000000000000000000000000000000000000000000000000000000000000000707000000000000000000000000000000000000000000000000001E1E0000000000001E1E1E1E1E1E1E1E1E1E1E1E1E1E001E1E00000000000000001E1E1E1E1E1E1E1E1E1E1E1E1E1E1E1E1E1E00001E001E00
310
00001E001E001E1E000000000000001E1E1E1E1E1E1E1E1E1E1E1E1E1E1E1E1E1E1E1E0000001E1E00000000001E1E1E1E1E1E1E1E001E1E1E1E1E1E1E001E1E1E1E1E1E1E001E1E1E1E1E1E1E0000000000000000000000000000000000000000000700000000000000000000000000000000000000000000000000000000
310
00000000000000000000000000000000000000000007070000000000000000000000000000000000000000000000000000000000000000000007000000000000000000000000000000000000000000000000000000000000000000000000000000000000000000000000000000000000000000000000000000000000000000
310
00000000000000000000000000000000000000000000000000000000000000000000000000000000000000000000000000000000000000000000000000000000000000000000000000000000000000000000000000000000000700000000000000000000000000000000000000000000000000000000000000000000000007
310
07000000000000000000000000000000000000000000000000000000000000000000000000000000000000000007070000000000000000000000000000000000000000000000000000001E1E0000000000001E1E0000001E001E1E000000001E1E001E1E000000000000001E1E1E0000001E1E1E000000000000001E1E0000
310
1E1E001E00001E1E001E0000000000000000001E1E000000001E1E1E1E0000001E1E1E001E1E1E0000001E001E00000000001E1E1E00000000001E1E000000001E1E1E1E0000001E001E1E000000001E1E1E000000000000000000000000000000000000000000070700000000000000000000000000000000000000000000
310
00000000000000000000000000000000000000000000000707000000000000000000000000000000000000000000000000000000000000000000000000070000000000000000000000000000000000000000000000000000000000000000000000000000000000000000000000000000000000000000000000000000000000
310
00000000000000000000000000000000000000000000000000000000000000000000000000000000000000000000000000000000000000000000000000000000000000000000000000000000000000000000000000000000000000000007000000000000000000000000000000000000000000000000000000000000000000
310
0000000000070000000000000000000000000000000000000000000000000000000000000000000000000000000000070700000000000000000000000000000000000000000000000000000000001E001E0000000000001E000000001E1E1E1E000000001E001E1E00000000000000001E1E000000001E001E000000000000
310
1E001E001E1E1E1E00001E1E1E1E0000000000000000001E1E000000001E001E001E00001E001E001E1E001E0000001E1E000000000000001E1E1E0000001E1E000000001E001E001E00001E001E001E000000001E1E0000000000000000000000000000000000000000000000070000000000000000000000000000000000
310
00000000000000000000000000000000000000000000000000070700000000000000000000000000000000000000000000000000000000000000000000000000000700000000000000000000000000000000000000000000000000000000000000000000000000000000000000000000000000000000000000000000000000
310
00000000000000000000000000000000000000000000000000000000000000000000000000000000000000000000000000000000000000000000000000000000000000000000000000000000000000000000000000000000000000000000000000070000000000000000000000000000000000000000000000000000000000
310
000000000000000000000707000000000000000000000000000000000000000000000000000000000000000000000000000707000000000000000000000000000000000000000000000000000000000000001E001E0000000000001E1E0000001E001E1E000000001E1E1E001E000000000000001E001E000000001E1E0000
310
00000000001E1E00001E1E1E1E001E1E001E1E00000000000000001E001E000000001E1E001E0000001E1E001E001E1E0000001E001E000000000000001E001E00001E001E000000001E1E1E1E0000001E1E1E1E000000001E1E00000000000000000000000000000000000000000000000007070000000000000000000000
310
00000000000000000000000000000000000000000000000000000007070000000000000000000000000000000000000000000000000000000000000000000000000000000007000000000000000000000000000000000000000000000000000000000000000000000000000000000000000000000000000000000000000000
310
00000000000000000000000000000000000000000000000000000000000000000000000000000000000000000000000000000000000000000000000000000000000000000000000000000000000000000000000000000000000000000000000000000000000700000000000000000000000000000000000000000000000000
310
0000000000000000000000000000000007070700000000000000000000000000000000000000000000000000000000000000000707000000000000000000000000000000000000000000000000000000000000000000001E1E1E1E1E1E1E1E1E1E000000001E1E1E1E0000001E1E001E001E000000000000001E1E00000000
310
1E001E0000000000001E1E00001E1E001E1E1E1E00001E1E000000000000001E001E000000001E1E1E1E0000001E001E001E1E001E00001E001E00000000000000001E001E00001E1E000000001E001E001E00001E001E1E000000001E1E1E0000000000000000000000000000000000000000000000000007070700000000
310
00000000000000000000000000000000000000000000000000000000000707000000000000000000000000000000000000000000000000000000000000000000000000000000000000070000000000000000000000000000000000000000000000000000000000000000000000000000000000000000000000000000000000
310
00000000000000000000000000000000000000000000000000000000000000000000000000000000000000000000000000000000000000000000000000000000000000000000000000000000000000000000000000000000000000000000000000000000000000000007000000000000000000000000000000000000000000
310
000000000000000000000000000000000000000000000007070000000000000000000000000000000000000000000000000000000707070000000000000000000000000000000000000000000000000000000000000000000000001E001E1E1E1E1E1E1E1E1E000000001E1E1E000000001E1E1E001E000000000000001E1E
310
00000000001E1E001E1E1E1E1E1E1E00001E1E001E001E1E00001E1E00000000000000001E001E00001E1E1E1E1E1E0000001E1E001E1E001E0000001E1E0000000000000000001E1E1E1E1E001E000000001E1E1E1E0000001E1E1E1E1E1E1E1E1E0000000000000000000000000000000000000000000000000000000000
310
07070700000000000000000000000000000000000000000000000000000007070700000000000000000000000000000000000000000000000000000000000000000000000000000000000000000700000000000000000000000000000000000000000000000000000000000000000000000000000000000000000000000000
310
00000000000000000000000000000000000000000000000000000000000000000000000000000000000000000000000000000000000000000000000000000000000000000000000000000000000000000000000000000000000000000000000000000000000000000000000000070000000000000000000000000000000000
310
0000000000000000000000000000000000000000000000000000000000070707000000000000000000000000000000000000000007070707000000000000000000000000000000000000000000000000000000000000000000000000000000001E001E0000001E1E1E1E1E1E1E1E1E1E1E1E0000001E1E1E1E1E1E1E000000
310
00001E1E00000000001E001E001E1E1E1E000000001E001E001E1E1E0000001E1E00000000000000001E1E00001E1E1E1E1E1E1E1E1E1E001E001E1E1E1E1E1E1E1E00000000000000000000001E1E1E1E1E000000001E001E1E1E1E1E1E1E1E1E1E1E1E1E1E1E000000000000000000000000000000000000000000000000
310
00000000000000070707000000000000000000000000000000000000000007070707000000000000000000000000000000000000000000000000000000000000000000000000000000000000000000000007000000000000000000000000000000000000000000000000000000000000000000000000000000000000000000
310
00000000000000000000000000000000000000000000000000000000000000000000000000000000000000000000000000000000000000000000000000000000000000000000000000000000000000000000000000000000000000000000000000000000000000000000000000000000000700000000000000000000000000
310
000000000000000000000000000000000000000000000000000000000000000000000000070707070707070700000000000000000707070700000000000000000000000000000000000000000000000000000000000000000000000000000000000000001E001E000000001E1E1E1E1E1E1E1E1E1E1E0000001E1E1E1E1E1E
310
1E0000000000001E1E00000000001E1E00001E1E0000000000001E1E00001E1E000000001E1E000000000000001E1E000000000000001E1E1E1E1E1E1E1E1E1E1E1E1E1E1E1E0000000000000000000000001E1E1E001E000000001E1E1E1E1E1E1E1E1E1E1E0000001E1E1E00000000000000000000000000000000000000
310
00000000000000000000000007070707070707070707000000000000000007070707000000000000000000000000000000000000000000000000000000000000000000000000000000000000000000000000000000070000000000000000000000000000000000000000000000000000000000000000000000000000000000
310
00000000000000000000000000000000000000000000000000000000000000000000000000000000000000000000000000000000000000000000000000000000000000000000000000000000000000000000000000000000000000000000000000000000000000000000000000000000000000000007000000000000000000
310
0000000000000000000000000000000000000000000000000000000000000000000000000000000000000000000000000707070707070707000000070000000000000000000000000000000000000000000000000000000000000000000000000000000000000000001E001E0000001E1E1E00000000000000000000000000
310
00001E1E000000000000001E1E1E000000001E1E00001E1E0000000000001E1E00000000000000001E001E000000000000001E1E00000000000000000000000000000000000000000000000000000000001E1E000000001E1E1E1E000000001E1E00000000001E1E1E1E000000001E1E000000000000000000000000000000
310
00000000000000000000000000000000070700000000000000000707070707070707000000000000000000000000000000000000000000000000000000000000000000000000000000000000000000000000000000000000000700000000000000000000000000000000000000000000000000000000000000000000000000
310
00000000000000000000000000000000000000000000000000000000000000000000000000000000000000000000000000000000000000000000000000000000000000000000000000000000000000000000000000000000000000000000000000000000000000000000000000000000000000000000000000070000000000
310
00000000000000000000000000000000000000000000000000000000000000000000000000000000000000000000000000000000000000000000000000000007070000000000000000000000000000000000000000000000000000000000000000000000000000000000000000001E1E0000001E1E1E000000000000000000
310
0000000000001E1E00000000000000001E1E1E00001E1E1E00001E1E0000000000001E1E0000000000000000001E1E000000000000001E1E1E000000000000000000000000000000000000000000000000000000001E1E1E1E001E1E1E1E1E1E0000001E1E0000000000001E1E1E1E0000001E1E0000000000000000000000
310
00000000000000000000000000000000000000070707000000000000000000000000000000000000000000000000000000000000000000000000000000000000000000000000000000000000000000000000000000000000000000000007000000000000000000000000000000000000000000000000000000000000000000
310
00000000000000000000000000000000000000000000000000000000000000000000000000000000000000000000000000000000000000000000000000000000000000000000000000000000000000000000000000000000000000000000000000000000000000000000000000000000000000000000000000000000000700
310
0000000000000000000000000000000000000000000000000000000000000000000000000000000000000000000000000000000000000000000000000000000000000000070700000000000000000000000000000000000000000000000000000000000000000000000000000000000000001E1E1E1E1E1E1E1E0000000000
310
00000000000000000000001E1E00000000000000001E1E1E1E1E1E1E0000001E1E1E1E1E1E1E1E1E0000000000000000001E1E1E000000000000001E1E1E1E1E1E1E1E000000000000001E1E00000000000000000000000000001E1E1E1E1E1E1E001E1E1E1E1E1E1E0000000000001E1E1E1E1E1E1E1E1E00000000000000
310
00000000000000000000000000000000000000000000000707000000000000000000000000000000000000000000000000000000000000000000000000000000000000000000000000000000000000000000000000000000000000000000000000070000000000000000000000000000000000000000000000000000000000
310
00000000000000000000000000000000000000000000000000000000000000000000000000000000000000000000000000000000000000000000000000000000000000000000000000000000000000000000000000000000000000000000000000000000000000000000000000000000000000000000000000000000000000
310
000007000000000000000000000000000000000000000000000000000000000000000000000000000000000000000000000000000000000000000000000000000000000000000000070707000000000000000000000000000000000000000000000000000000000000000000000000000000000000001E1E1E1E1E1E000000
310
0000000000000000000000000000001E1E000000000000000000001E1E1E00000000001E1E1E1E1E1E1E1E1E000000000000000000001E00000000000000000000001E1E1E1E1E00000000000000001E00000000000000000000000000000000001E1E00000000001E1E1E1E00000000000000001E1E1E1E1E1E0000000000
310
00000000000000000000000000000000000000000000000000000707070000000000000000000000000000000000000000000000000000000000000000000000000000000000000000000000000000000000000000000000000000000000000000000000000700000000000000000000000000000000000000000000000000
310
00000000000000000000000000000000000000000000000000000000000000000000000000000000000000000000000000000000000000000000000000000000000000000000000000000000000000000000000000000000000000000000000000000000000000000000000000000000000000000000000000000000000000
310
00000000000007000000000000000000000000000000000000000000000000000000000000000000000000000000000000000000000000000000000000000000000000000000000000000000000707000000000000000000000000000000000000000000000000000000000000000000000000000000000000000000000000
310
00000000000000000000000000000000000000000000000000000000000000000000000000000000000000000000000000000000000000000000000000000000000000000000000000000000000000000000000000000000000000000000000000000000000000000000000000000000000000000000000000000000000000
310
00000000000000000000000000000000000000000000000000000000000007070700000000000000000000000000000000000000000000000000000000000000000000000000000000000000000000000000000000000000000000000000000000000000000000000007000000000000000000000000000000000000000000
310
00000000000000000000000000000000000000000000000000000000000000000000000000000000000000000000000000000000000000000000000000000000000000000000000000000000000000000000000000000000000000000000000000000000000000000000000000000000000000000000000000000000000000
310
00000000000000000000070000000000000000000000000000000000000000000000000000000000000000000000000000000000000000000000000000000000000000000000000000000000000000000007070700000000000000000000000000000000000000000000000000000000000000000000000000000000000000
310
00000000000000000000000000000000000000000000000000000000000000000000000000000000000000000000000000000000000000000000000000000000000000000000000000000000000000000000000000000000000000000000000000000000000000000000000000000000000000000000000000000000000000
310
00000000000000000000000000000000000000000000000000000000000000000007070707000000000000000000000000000000000000000000000000000000000000000000000000000000000000000000000000000000000000000000000000000000000000000000000000070000000000000000000000000000000000
310
00000000000000000000000000000000000000000000000000000000000000000000000000000000000000000000000000000000000000000000000000000000000000000000000000000000000000000000000000000000000000000000000000000000000000000000000000000000000000000000000000000000000000
310
00000000000000000000000000000700000000000000000000000000000000000000000000000000000000000000000000000000000000000000000000000000000000000000000000000000000000000000000000070707070000000000000000000000000000000000000000000000000000000000000000000000000000
310
00000000000000000000000000000000000000000000000000000000000000000000000000000000000000000000000000000000000000000000000000000000000000000000000000000000000000000000000000000000000000000000000000000000000000000000000000000000000000000000000000000000000000
310
00000000000000000000000000000000000000000000000000000000000000000000000000070707070000000000000000000000000000000000000000000000000000000000000000000000000000000000000000000000000000000000000000000000000000000000000000000000000700000000000000000000000000
310
00000000000000000000000000000000000000000000000000000000000000000000000000000000000000000000000000000000000000000000000000000000000000000000000000000000000000000000000000000000000000000000000000000000000000000000000000000000000000000000000000000000000000
310
00000000000000000000000000000000000007000000000000000000000000000000000000000000000000000000000000000000000000000000000000000000000000000000000000000000000000000000000000000000000007070707000000000000000000000000000000000000000000000000000000000000000000
310
000000001E1E1E1E1E001E1E000000001E1E00000000000000000000000000000000000000001E1E1E1E1E0000001E1E1E1E1E0000001E1E1E1E1E0000001E1E1E1E1E000000000000001E1E000000000000001E1E1E00000000001E1E1E1E1E1E1E1E1E000000000000000000000000000000000000000000000000000000
310
00000000000000000000000000000000000000000000000000000000000000000000000000000000070707070700000000000000000000000000000000000000000000000000000000000000000000000000000000000000000000000000000000000000000000000000000000000000000000000007000000000000000000
310
00000000000000000000000000000000000000000000000000000000000000000000000000000000000000000000000000000000000000000000000000000000000000000000000000000000000000000000000000000000000000000000000000000000000000000000000000000000000000000000000000000000000000
310
00000000000000000000000000000000000000000000070000000000000000000000000000000000000000000000000000000000000000000000000000000000000000000000000000000000000000000000000000000000000000000000070707070000000000000000000000000000000000000000000000000000000000
310
000000000000001E1E1E1E1E1E1E1E1E1E0000001E1E000000000000000000000000000000000000001E1E1E1E1E1E1E001E1E1E1E1E1E1E1E1E1E1E1E1E1E1E1E1E1E1E1E1E1E1E1E00000000001E1E000000000000001E1E1E00000000001E1E1E1E1E1E1E1E1E0000000000000000000000000000000000000000000000
310
00000000000000000000000000000000000000000000000000000000000000000000000000000000000000000707070700000000000000000000000000000000000000000000000000000000000000000000000000000000000000000000000000000000000000000000000000000000000000000000000000070000000000
310
00000000000000000000000000000000000000000000000000000000000000000000000000000000000000000000000000000000000000000000000000000000000000000000000000000000000000000000000000000000000000000000000000000000000000000000000000000000000000000000000000000000000000
310
00000000000000000000000000000000000000000000000000000700000000000000000000000000000000000000000000000000000000000000000000000000000000000000000000000000000000000000000000000000000000000000000000000007070707000000000000000000000000000000000000000000000000
310
00000000000000000000001E1E0000001E1E1E1E000000001E1E000000000000000000000000000000000000001E1E0000001E1E1E1E1E0000001E1E1E1E1E1E0000001E1E1E001E0000001E1E1E00000000001E1E0000000000001E1E1E1E000000001E001E1E1E1E00000000000000000000000000000000000000000000
310
00000000000000000000000000000000000000000000000000000000000000000000000000000000000000000000000707070707000000000000000000000000000000000000000000000000000000000000000000000000000000000000000000000000000000000000000000000000000000000000000000000000000700
310
00000000000000000000000000000000000000000000000000000000000000000000000000000000000000000000000000000000000000000000000000000000000000000000000000000000000000000000000000000000000000000000000000000000000000000000000000000000000000000000000000000000000000
310
00000000000000000000000000000000000000000000000000000000000007000000000000000000000000000000000000000000000000000000000000000000000000000000000000000000000000000000000000000000000000000000000000000000000000070707070700000000000000000000000000000000000000
310
0000000000000000000000000000001E1E00000000001E1E00000000001E1E0000000000000000000000000000000000001E1E000000001E1E1E1E000000001E001E1E00000000001E1E1E1E000000001E1E00000000001E001E0000000000001E1E001E0000001E001E001E001E0000000000000000000000000000000000
310
00000000000000000000000000000000000000000000000000000000000000000000000000000000000000000000000000000007070707070000000000000000000000000000000000000000000000000000000000000000000000000000000000000000000000000000000000000000000000000000000000000000000000
310
00000700000000000000000000000000000000000000000000000000000000000000000000000000000000000000000000000000000000000000000000000000000000000000000000000000000000000000000000000000000000000000000000000000000000000000000000000000000000000000000000000000000000
310
00000000000000000000000000000000000000000000000000000000000000000000070000000000000000000000000000000000000000000000000000000000000000000000000000000000000000000000000000000000000000000000000000000000000000000000000707070707070000000000000000000000000000
310
00000000000000000000000000000000000000001E1E000000001E1E00000000001E1E0000000000001E1E1E1E1E1E1E1E000000001E1E1E000000001E1E001E0000001E001E1E1E000000001E001E001E0000001E001E00000000001E1E0000000000001E1E1E1E000000001E1E00001E001E000000000000000000000000
310
00000000000000000000000000000000000000000000000000000000000000000000000000000000000000000000000000000000000007070707070700000000000000000000000000000000000000000000000000000000000000000000000000000000000000000000000000000000000000000000000000000000000000
310
00000000000007000000000000000000000000000000000000000000000000000000000000000000000000000000000000000000000000000000000000000000000000000000000000000000000000000000000000000000000000000000000000000000000000000000000000000000000000000000000000000000000000
310
00000000000000000000000000000000000000000000000000000000000000000000000000000700000000000000000000000000000000000000000000000000000000000000000000000000000000000000000000000000000000000000000000000000000000000000000000000000070707070700000000000000000000
310
0000000000000000000000000000000000000000000000001E1E00000000001E1E00000000001E1E00000000001E1E1E1E1E1E1E1E00000000001E1E1E0000001E1E1E1E000000001E001E1E00000000001E1E1E1E000000001E1E00000000001E001E0000000000001E1E001E0000001E001E00001E1E1E00000000000000
310
00000000000000000000000000000000000000000000000000000000000000000000000000000000000000000000000000000000000000000000070707070707000000000000000000000000000000000000000000000000000000000000000000000000000000000000000000000000000000000000000000000000000000
310
00000000000000000000070000000000000000000000000000000000000000000000000000000000000000000000000000000000000000000000000000000000000000000000000000000000000000000000000000000000000000000000000000000000000000000000000000000000000000000000000000000000000000
310
00000000000000000000000000000000000000000000000000000000000000000000000000000000000007000000000000000000000000000000000000000000000000000000000000000000000000000000000000000000000000000000000000000000000000000000000000000000000000000707070707070000000000
310
000000000000000000000000000000000000000000000000000000001E001E000000001E1E00000000001E1E000000000000000000000000000000000000001E1E1E1E1E1E1E1E001E0000001E001E001E000000001E001E001E0000001E001E00000000001E1E00001E1E00001E1E1E1E1E1E1E1E1E1E000000001E1E0000
310
00000000000000000000000000000000000000000000000000000000000000000000000000000000000000000000000000000000000000000000000000070707070707070000000000000000000000000000000000000000000000000000000000000000000000000000000000000000000000000000000000000000000000
310
00000000000000000000000000000700000000000000000000000000000000000000000000000000000000000000000000000000000000000000000000000000000000000000000000000000000000000000000000000000000000000000000000000000000000000000000000000000000000000000000000000000000000
310
00000000000000000000000000000000000000000000000000000000000000000000000000000000000000000000070000000000000000000000000000000000000000000000000000000000000000000000000000000000000000000000000000000000000000000000000000000000000000000000000000070707070707
310
0000000000000000000000000000000000000000000000000000000000000000001E1E00000000001E0000000000001E00000000000000000000000000000000000000001E1E1E1E1E1E1E1E1E000000001E1E1E1E00000000001E1E001E000000001E1E00000000001E001E1E001E1E00001E1E1E1E1E1E1E1E001E000000
310
001E1E00000000000000000000000000000000000000000000000000000000000000000000000000000000000000000000000000000000000000000000000000000707070707070000000000000000000000000000000000000000000000000000000000000000000000000000000000000000000000000000000000000000
310
00000000000000000000000000000000000007000000000000000000000000000000000000000000000000000000000000000000000000000000000000000000000000000000000000000000000000000000000000000000000000000000000000000000000000000000000000000000000000000000000000000000000000
310
00000000000000000000000000000000000000000000000000000000000000000000000000000000000000000000000000000700000000000000000000000000000000000000000000000000000000000000000000000000000000000000000000000000000000000000000000000000000000000000000000000000000707
310
070707070700000000000000000000000000000000000000000000000000000000000000001E001E000000001E1E00000000001E1E000000000000000000000000000000000000001E1E00001E1E1E1E001E0000001E001E001E000000001E1E1E001E0000001E001E00000000001E1E1E1E001E1E001E1E1E1E000000001E
310
1E1E1E1E1E1E1E1E0000000000000000000000000000000000000000000000000000000000000000000000000000000000000000000000000000000000000000000000000007070707070700000000000000000000000000000000000000000000000000000000000000000000000000000000000000000000000000000000
310
00000000000000000000000000000000000000000000070000000000000000000000000000000000000000000000000000000000000000000000000000000000000000000000000000000000000000000000000000000000000000000000000000000000000000000000000000000000000000000000000000000000000000
310
00000000000000000000000000000000000000000000000000000000000000000000000000000000000000000000000000000000000007000000000000000000000000000000000000000000000000000000000000000000000000000000000000000000000000000000000000000000000000000000000000000000000000
310
0000070707070707070000000000000000000000000000000000000000000000000000000000000000001E1E00000000001E1E001E1E00001E000000000000000000000000000000000000001E1E000000001E1E1E1E000000001E1E1E1E00000000001E1E001E000000001E1E00000000001E1E1E1E00001E1E1E1E1E1E00
310
0000001E001E1E1E1E1E1E1E00000000000000000000000000000000000000000000000000000000000000000000000000000000000000000000000000000000000000000000000007070707070707000000000000000000000000000000000000000000000000000000000000000000000000000000000000000000000000
310
00000000000000000000000000000000000000000000000000000700000000000000000000000000000000000000000000000000000000000000000000000000000000000000000000000000000000000000000000000000000000000000000000000000000000000000000000000000000000000000000000000000000000
310
00000000000000000000000000000000000000000000000000000000000000000000000000000000000000000000000000000000000000000000070000000000000000000000000000000000000000000000000000000000000000000000000000000000000000000000000000000000000000000000000000000000000000
310
000000000000000707070707070700000000000000000000000000000000000000000000000000000000000000001E1E1E0000001E1E1E0000001E1E1E1E0000000000000000000000000000000000001E1E1E0000001E1E1E1E1E0000001E1E1E1E1E000000001E1E1E1E1E0000001E1E0000000000001E1E00000000001E
310
1E1E001E000000001E1E000000000000000000000000000000000000000000000000000000000000000000000000000000000000000000000000000000000000000000000000000000000007070707070707070000000000000000000000000000000000000000000000000000000000000000000000000000000000000000
310
00000000000000000000000000000000000000000000000000000000000007000000000000000000000000000000000000000000000000000000000000000000000000000000000000000000000000000000000000000000000000000000000000000000000000000000000000000000000000000000000000000000000000
310
00000000000000000000000000000000000000000000000000000000000000000000000000000000000000000000000000000000000000000000000000000700000000000000000000000000000000000000000000000000000000000000000000000000000000000000000000000000000000000000000000000000000000
310
0000000000000000000000070707070707070700000000000000000000000000000000000000000000000000000000000000001E1E1E1E1E1E1E1E00000000001E1E1E0000000000000000000000000000000000001E1E1E1E1E1E1E001E1E1E1E1E1E1E1E1E1E1E1E1E1E1E1E1E1E1E1E1E1E1E1E0000000000001E1E0000
310
000000001E1E1E1E000000001E1E0000000000000000000000000000000000000000000000000000000000000000000000000000000000000000000000000000000000000000000000000000000000070707070707070700000000000000000000000000000000000000000000000000000000000000000000000000000000
310
00000000000000000000000000000000000000000000000000000000000000000000070000000000000000000000000000000000000000000000000000000000000000000000000000000000000000000000000000000000000000000000000000000000000000000000000000000000000000000000000000000000000000
310
00000000000000000000000000000000000000000000000000000000000000000000000000000000000000000000000000000000000000000000000000000000000007000000000000000000000000000000000000000000000000000000000000000000000000000000000000000000000000000000000000000000000000
310
0000000000000000000000000000000007070707070707070000000000000000000000000000000000000000000000000000000000000000001E1E1E1E1E000000000000001E1E00000000000000000000000000000000000000001E1E1E1E000000001E1E1E1E1E0000001E1E1E1E1E0000001E1E1E1E1E00000000000000
310
1E1E0000000000001E1E1E1E000000001E1E00000000000000000000000000000000000000000000000000000000000000000000000000000000000000000000000000000000000000000000000000000000070707070707070707000000000000000000000000000000000000000000000000000000000000000000000000
310
00000000000000000000000000000000000000000000000000000000000000000000000000000700000000000000000000000000000000000000000000000000000000000000000000000000000000000000000000000000000000000000000000000000000000000000000000000000000000000000000000000000000000
310
00000000000000000000000000000000000000000000000000000000000000000000000000000000000000000000000000000000000000000000000000000000000000000000070000000000000000000000000000000000000000000000000000000000000000000000000000000000000000000000000000000000000000
310
00000000000000000000000000000000000000000707070707070707000000000000000000000000000000000000000000000000000000000000000000000000000000000000000000000000000000000000000000000000000000000000000000000000000000000000000000000000000000000000000000000000000000
310
00000000000000000000000000000000000000000000000000000000000000000000000000000000000000000000000000000000000000000000000000000000000000000000000000000000000000000000000000000707070707070707000000000000000000000000000000000000000000000000000000000000000000
310
00000000000000000000000000000000000000000000000000000000000000000000000000000000000007000000000000000000000000000000000000000000000000000000000000000000000000000000000000000000000000000000000000000000000000000000000000000000000000000000000000000000000000
310
00000000000000000000000000000000000000000000000000000000000000000000000000000000000000000000000000000000000000000000000000000000000000000000000000000700000000000000000000000000000000000000000000000000000000000000000000000000000000000000000000000000000000
310
00000000000000000000000000000000000000000000000007070707070707070700000000000000000000000000000000000000000000000000000000000000000000000000000000000000000000000000000000000000000000000000000000000000000000000000000000000000000000000000000000000000000000
310
00000000000000000000000000000000000000000000000000000000000000000000000000000000000000000000000000000000000000000000000000000000000000000000000000000000000000000000000000000000000707070707070707070000000000000000000000000000000000000000000000000000000000
310
00000000000000000000000000000000000000000000000000000000000000000000000000000000000000000000070000000000000000000000000000000000000000000000000000000000000000000000000000000000000000000000000000000000000000000000000000000000000000000000000000000000000000
310
00000000000000000000000000000000000000000000000000000000000000000000000000000000000000000000000000000000000000000000000000000000000000000000000000000000000007000000000000000000000000000000000000000000000000000000000000000000000000000000000000000000000000
310
00000000000000000000000000000000000000000000000000000000000707070707070707070000000000000000000000000000000000000000000000000000000000000000000000000000000000000000000000000000000000000000000000000000000000000000000000000000000000000000000000000000000000
310
00000000000000000000000000000000000000000000000000000000000000000000000000000000000000000000000000000000000000000000000000000000000000000000000000000000000000000000000000000000000000000007070707070707070700000000000000000000000000000000000000000000000000
310
00000000000000000000000000000000000000000000000000000000000000000000000000000000000000000000000000000700000000000000000000000000000000000000000000000000000000000000000000000000000000000000000000000000000000000000000000000000000000000000000000000000000000
310
00000000000000000000000000000000000000000000000000000000000000000000000000000000000000000000000000000000000000000000000000000000000000000000000000000000000000000000070000000000000000000000000000000000000000000000000000000000000000000000000000000000000000
310
0000000000000000000000000000000000000000000000000000000000000000000707070707070707070700000000000000000000000000000000000000000000000000000000000000000000001E1E0000000000001E1E1E0000001E1E1E1E1E1E1E000000000000000000000000000000001E000000000000001E001E00
310
00000000000000001E1E1E0000000000001E000000001E1E0000000000001E1E00000000000000000000001E1E1E1E1E1E1E000000001E1E0000000000000000000000000000000000000000000000000000000000000000000000000000000007070707070707070707000000000000000000000000000000000000000000
310
00000000000000000000000000000000000000000000000000000000000000000000000000000000000000000000000000000000000007000000000000000000000000000000000000000000000000000000000000000000000000000000000000000000000000000000000000000000000000000000000000000000000000
310
00000000000000000000000000000000000000000000000000000000000000000000000000000000000000000000000000000000000000000000000000000000000000000000000000000000000000000000000000000700000000000000000000000000000000000000000000000000000000000000000000000000000000
310
000000000000000000000000000000000000000000000000000000000000000000000000000007070707070707070700000000000000000000000000000000000000000000001E1E0000000000001E1E1E1E1E1E1E1E1E001E1E1E1E1E1E1E001E1E1E1E1E1E1E1E00000000001E1E0000000000001E1E1E00000000000000
310
1E1E1E1E0000000000001E1E1E1E1E1E1E000000001E1E001E1E1E1E1E1E1E001E1E1E1E1E1E1E00000000000000001E1E1E1E1E1E1E1E0000001E1E1E000000000000000000000000000000000000000000000000000000000000000000000000000000070707070707070707070000000000000000000000000000000000
310
00000000000000000000000000000000000000000000000000000000000000000000000000000000000000000000000000000000000000000000070000000000000000000000000000000000000000000000000000000000000000000000000000000000000000000000000000000000000000000000000000000000000000
310
00000000000000000000000000000000000000000000000000000000000000000000000000000000000000000000000000000000000000000000000000000000000000000000000000000000000000000000000000000000000007000000000000000000000000000000000000000000000000000000000000000000000000
310
0000000000000000000000000000000000000000000000000000000000000000000000000000000000000707070707070707070700000000000000000000000000000000000000000000001E1E00000000001E1E1E1E1E00001E1E1E1E1E1E00001E1E1E1E1E1E00000000000000000000001E1E00000000001E1E1E1E0000
310
000000001E1E1E1E0000000000001E1E1E00001E1E1E1E00001E001E1E1E1E00001E1E1E1E1E1E00001E1E1E00000000000000001E1E0000000000000000001E1E0000000000000000000000000000000000000000000000000000000000000000000000000000000707070707070707070700000000000000000000000000
310
00000000000000000000000000000000000000000000000000000000000000000000000000000000000000000000000000000000000000000000000000000700000000000000000000000000000000000000000000000000000000000000000000000000000000000000000000000000000000000000000000000000000000
310
00000000000000000000000000000000000000000000000000000000000000000000000000000000000000000000000000000000000000000000000000000000000000000000000000000000000000000000000000000000000000000000070000000000000000000000000000000000000000000000000000000000000000
310
00000000000000000000000000000000000000000000000000000000000000000000000000000000000000000000070707070707070707070700000000000000000000000000000000000000000000001E1E000000001E1E1E1E000000001E1E1E1E1E000000001E1E00001E00000000000000000000001E1E000000001E1E
310
1E001E00000000001E001E1E0000000000001E1E1E000000001E1E0000001E1E1E1E000000001E1E1E1E000000001E1E1E0000000000000000001E0000000000000000001E00000000000000000000000000000000000000000000000000000000000000000000000000000707070707070707070700000000000000000000
310
00000000000000000000000000000000000000000000000000000000000000000000000000000000000000000000000000000000000000000000000000000000000007000000000000000000000000000000000000000000000000000000000000000000000000000000000000000000000000000000000000000000000000
310
00000000000000000000000000000000000000000000000000000000000000000000000000000000000000000000000000000000000000000000000000000000000000000000000000000000000000000000000000000000000000000000000000000700000000000000000000000000000000000000000000000000000000
310
0000000000000000000000000000000000000000000000000000000000000000000000000000000000000000000000000000000707070707070707070707000000000000000000000000000000000000000000001E001E1E1E1E1E1E1E1E00000000001E1E1E1E000000001E001E00001E1E0000000000000000001E001E1E
310
1E1E1E1E1E001E0000000000001E1E1E1E0000000000001E1E000000001E001E00001E001E1E00000000001E1E1E00000000001E1E1E1E1E1E1E1E1E1E00001E1E00000000000000001E0000000000000000000000000000000000000000000000000000000000000000000000000007070707070707070707000000000000
310
00000000000000000000000000000000000000000000000000000000000000000000000000000000000000000000000000000000000000000000000000000000000000000000070000000000000000000000000000000000000000000000000000000000000000000000000000000000000000000000000000000000000000
310
00000000000000000000000000000000000000000000000000000000000000000000000000000000000000000000000000000000000000000000000000000000000000000000000000000000000000000000000000000000000000000000000000000000000007000000000000000000000000000000000000000000000000
310
00000000000000000000000000000000000000000000000000000000000000000000000000000000000000000000000000000000000000070707070707070707070700000000000000000000000000000000000000000000001E1E1E1E1E1E1E1E001E00000000001E1E001E000000001E1E000000001E0000000000000000
310
001E1E1E1E1E1E1E001E001E00000000001E001E1E0000000000001E001E000000001E1E00001E001E1E1E000000001E1E1E1E00000000001E1E1E1E1E1E1E1E1E0000001E1E000000000000001E1E000000000000000000000000000000000000000000000000000000000000000000000007070707070707070707070000
310
00000000000000000000000000000000000000000000000000000000000000000000000000000000000000000000000000000000000000000000000000000000000000000000000000000700000000000000000000000000000000000000000000000000000000000000000000000000000000000000000000000000000000
310
00000000000000000000000000000000000000000000000000000000000000000000000000000000000000000000000000000000000000000000000000000000000000000000000000000000000000000000000000000000000000000000000000000000000000000000070000000000000000000000000000000000000000
310
000000000000000000000000000000000000000000000000000000000000000000000000000000000000000000000000000000000000000000000000070707070707070707070700000000000000000000000000000000000000000000001E1E00001E1E001E1E00000000001E1E1E1E000000001E001E000000001E000000
310
0000000000001E1E00001E1E001E001E00001E1E00001E1E1E1E1E1E1E1E1E001E1E000000001E001E00001E001E1E1E1E1E1E1E1E1E1E00000000001E1E00000000000000000000001E1E000000000000001E0000000000000000000000000000000000000000000000000000000000000000000000070707070707070707
310
07070000000000000000000000000000000000000000000000000000000000000000000000000000000000000000000000000000000000000000000000000000000000000000000000000000000007000000000000000000000000000000000000000000000000000000000000000000000000000000000000000000000000
310
00000000000000000000000000000000000000000000000000000000000000000000000000000000000000000000000000000000000000000000000000000000000000000000000000000000000000000000000000000000000000000000000000000000000000000000000000000700000000000000000000000000000000
310
00000000000000000000000000000000000000000000000000000000000000000000000000000000000000000000000000000000000000000000000000000000070707070707070707070707000000000000000000000000000000000000000000001E001E001E1E001E001E000000001E1E1E1E00000000001E1E00000000
310
1E1E1E000000000000001E001E001E1E00001E1E00001E1E1E001E001E1E0000001E1E1E1E1E00000000001E1E00001E001E001E1E1E1E1E1E1E001E00000000001E0000000000000000000000001E1E1E0000000000001E000000000000000000000000000000000000000000000000000000000000000000070707070707
310
07070707070700000000000000000000000000000000000000000000000000000000000000000000000000000000000000000000000000000000000000000000000000000000000000000000000000000000070000000000000000000000000000000000000000000000000000000000000000000000000000000000000000
310
00000000000000000000000000000000000000000000000000000000000000000000000000000000000000000000000000000000000000000000000000000000000000000000000000000000000000000000000000000000000000000000000000000000000000000000000000000000000007000000000000000000000000
310
000000000000000000000000000000000000000000000000000000000000000000000000000000000000000000000000000000000000000000000000000000000000000007070707070707070707070700000000000000000000000000000000000000000000001E001E001E00001E1E000000001E001E1E00000000001E00
310
1E000000001E1E1E000000000000001E001E001E00001E001E1E001E1E1E001E1E1E1E000000001E1E1E00000000001E001E00001E001E1E1E00001E1E1E1E1E00000000001E1E0000000000000000000000001E1E1E00000000001E1E00000000000000000000000000000000000000000000000000000000000000000707
310
07070707070707070707000000000000000000000000000000000000000000000000000000000000000000000000000000000000000000000000000000000000000000000000000000000000000000000000000000000700000000000000000000000000000000000000000000000000000000000000000000000000000000
310
00000000000000000000000000000000000000000000000000000000000000000000000000000000000000000000000000000000000000000000000000000000000000000000000000000000000000000000000000000000000000000000000000000000000000000000000000000000000000000000070000000000000000
310
0000000000000000000000000000000000000000000000000000000000000000000000000000000000000000000000000000000000000000000000000000000000000000000000000007070707070707070707070700000000000000000000000000000000000000000000001E001E1E1E001E001E000000001E1E1E1E0000
310
0000001E1E00000000001E1E1E000000000000001E001E1E1E00001E1E1E1E00001E1E1E1E1E1E000000001E1E1E1E00000000001E1E1E1E1E001E1E1E0000001E1E1E001E00000000001E000000000000000000000000001E1E1E00000000001E1E0000000000000000000000000000000000000000000000000000000000
310
00000707070707070707070707000000000000000000000000000000000000000000000000000000000000000000000000000000000000000000000000000000000000000000000000000000000000000000000000000000000007000000000000000000000000000000000000000000000000000000000000000000000000
310
00000000000000000000000000000000000000000000000000000000000000000000000000000000000000000000000000000000000000000000000000000000000000000000000000000000000000000000000000000000000000000000000000000000000000000000000000000000000000000000000000000700000000
310
00000000000000000000000000000000000000000000000000000000000000000000000000000000000000000000000000000000000000000000000000000000000000000000000000000000000707070707070707070707070700000000000000000000000000000000000000000000001E001E1E00001E1E1E0000001E1E
310
1E1E1E000000001E1E1E1E000000001E1E00000000000000001E001E1E00001E1E1E1E000000001E1E1E001E0000001E1E1E1E1E000000001E1E1E1E1E1E1E1E1E1E0000001E1E1E1E1E000000001E1E000000000000001E1E000000001E1E1E1E000000001E00000000000000000000000000000000000000000000000000
310
00000000000707070707070707070707070000000000000000000000000000000000000000000000000000000000000000000000000000000000000000000000000000000000000000000000000000000000000000000000000000000000070000000000000000000000000000000000000000000000000000000000000000
310
00000000000000000000000000000000000000000000000000000000000000000000000000000000000000000000000000000000000000000000000000000000000000000000000000000000000000000000000000000000000000000000000000000000000000000000000000000000000000000000000000000000000007
310
000000000000000000000000000000000000000000000000000000000000000000000000000000000000000000000000000000000000000000000000000000000000000000000000000000000000000000000707070707070707070707070700000000000000000000000000000000000000000000001E001E0000001E1E1E
310
1E1E1E1E1E1E1E1E1E1E1E1E1E1E1E1E1E1E1E1E1E0000000000000000001E001E0000001E1E0000000000001E1E1E1E1E1E1E1E1E1E1E1E1E1E1E1E1E1E00001E1E1E001E1E1E1E1E1E1E001E1E1E1E1E1E1E1E000000000000001E1E1E1E1E1E1E1E1E1E1E1E1E1E1E1E0000000000000000000000000000000000000000
310
00000000000000000007070707070707070707070700000000000000000000000000000000000000000000000000000000000000000000000000000000000000000000000000000000000000000000000000000000000000000000000000000000000700000000000000000000000000000000000000000000000000000000
310
00000000000000000000000000000000000000000000000000000000000000000000000000000000000000000000000000000000000000000000000000000000000000000000000000000000000000000000000000000000000000000000000000000000000000000000000000000000000000000000000000000000000000
310
0000000700000000000000000000000000000000000000000000000000000000000000000000000000000000000000000000000000000000000000000000000000000000000000000000000000000000000000000000070707070707070707070707070000000000000000000000000000000000000000000000001E1E0000
310
00001E1E1E1E1E1E00001E1E1E1E1E1E0000001E1E1E1E1E00000000000000000000001E1E0000001E1E0000000000001E1E1E1E1E1E1E1E1E00001E1E1E1E1E1E00000000001E1E001E1E1E1E1E1E00001E1E1E1E1E1E000000000000000000001E1E1E1E1E00001E1E1E1E1E1E1E1E000000000000000000000000000000
310
00000000000000000000000007070707070707070707070707000000000000000000000000000000000000000000000000000000000000000000000000000000000000000000000000000000000000000000000000000000000000000000000000000000000007000000000000000000000000000000000000000000000000
310
00000000000000000000000000000000000000000000000000000000000000000000000000000000000000000000000000000000000000000000000000000000000000000000000000000000000000000000000000000000000000000000000000000000000000000000000000000000000000000000000000000000000000
310
00000000000000070000000000000000000000000000000000000000000000000000000000000000000000000000000000000000000000000000000000000000000000000000000000000000000000000000000000000000000007070707070707070707070707070000000000000000000000000000000000000000000000
310
00000000000000000000000000000000000000000000000000000000000000000000000000000000000000000000000000000000000000000000000000000000000000000000000000000000000000000000000000000000000000000000000000000000000000000000000000000000000000000000000000000000000000
310
00000000000000000000000000000000070707070707070707070707070000000000000000000000000000000000000000000000000000000000000000000000000000000000000000000000000000000000000000000000000000000000000000000000000000000000070000000000000000000000000000000000000000
310
00000000000000000000000000000000000000000000000000000000000000000000000000000000000000000000000000000000000000000000000000000000000000000000000000000000000000000000000000000000000000000000000000000000000000000000000000000000000000000000000000000000000000
310
00000000000000000000000700000000000000000000000000000000000000000000000000000000000000000000000000000000000000000000000000000000000000000000000000000000000000000000000000000000000000000000000707070707070707070707070707000000000000000000000000000000000000
310
00000000000000000000000000000000000000000000000000000000000000000000000000000000000000000000000000000000000000000000000000000000000000000000000000000000000000000000000000000000000000000000000000000000000000000000000000000000000000000000000000000000000000
310
00000000000000000000000000000000000000000707070707070707070707070700000000000000000000000000000000000000000000000000000000000000000000000000000000000000000000000000000000000000000000000000000000000000000000000000000000000700000000000000000000000000000000
310
00000000000000000000000000000000000000000000000000000000000000000000000000000000000000000000000000000000000000000000000000000000000000000000000000000000000000000000000000000000000000000000000000000000000000000000000000000000000000000000000000000000000000
310
00000000000000000000000000000007000000000000000000000000000000000000000000000000000000000000000000000000000000000000000000000000000000000000000000000000000000000000000000000000000000000000000000000007070707070707070707070000070700000000000000000000000000
310
00000000000000000000000000000000000000000000000000000000000000000000000000000000000000000000000000000000000000000000000000000000000000000000000000000000000000000000000000000000000000000000000000000000000000000000000000000000000000000000000000000000000000
310
00000000000000000000000000000000000000000000000707070707070707070707070700000000000000000000000000000000000000000000000000000000000000000000000000000000000000000000000000000000000000000000000000000000000000000000000000000000000007000000000000000000000000
310
00000000000000000000000000000000000000000000000000000000000000000000000000000000000000000000000000000000000000000000000000000000000000000000000000000000000000000000000000000000000000000000000000000000000000000000000000000000000000000000000000000000000000
310
00000000000000000000000000000000000000070000000000000000000000000000000000000000000000000000000000000000000000000000000000000000000000000000000000000000000000000000000000000000000000000000000000000000000000000707070707070700000007070707000000000000000000
310
00000000000000000000000000000000000000000000000000000000000000000000000000000000000000000000000000000000000000000000000000000000000000000000000000000000000000000000000000000000000000000000000000000000000000000000000000000000000000000000000000000000000000
310
00000000000000000000000000000000000000000000000000000007070707070707070707070707000000000000000000000000000000000000000000000000000000000000000000000000000000000000000000000000000000000000000000000000000000000000000000000000000000000000070000000000000000
310
00000000000000000000000000000000000000000000000000000000000000000000000000000000000000000000000000000000000000000000000000000000000000000000000000000000000000000000000000000000000000000000000000000000000000000000000000000000000000000000000000000000000000
310
00000000000000000000000000000000000000000000000700000000000000000000000000000000000000000000000000000000000000000000000000000000000000000000000000000000000000000000000000000000000000000000000000000000000000000000000007070707070007000000000000000000000000
310
00000000000000000000000000000000000000000000000000000000000000000000000000000000000000000000000000000000000000000000000000000000000000000000000000000000000000000000000000000000000000000000000000000000000000000000000000000000000000000000000000000000000000
310
00000000000000000000000000000000000000000000000000000000000007070707070007070707070707070000000000000000000000000000000000000000000000000000000000000000000000000000000000000000000000000000000000000000000000000000000000000000000000000000000000000700000000
310
00000000000000000000000000000000000000000000000000000000000000000000000000000000000000000000000000000000000000000000000000000000000000000000000000000000000000000000000000000000000000000000000000000000000000000000000000000000000000000000000000000000000000
310
00000000000000000000000000000000000000000000000000000007000000000000000000000000000000000000000000000000000000000000000000000000000000000000000000000000000000000000000000000000000000000000000000000000000000000000000000000000070707070700000700000000000000
310
00000000000000000000000000000000000000000000000000000000000000000000000000000000000000000000000000000000000000000000000000000000000000000000000000000000000000000000000000000000000000000000000000000000000000000000000000000000000000000000000000000000000000
310
00000000000000000000000000000000000000000000000000000000000000000000070707000707000007070707070700000000000000000000000000000000000000000000000000000000000000000000000000000000000000000000000000000000000000000000000000000000000000000000000000000000000007
310
00000000000000000000000000000000000000000000000000000000000000000000000000000000000000000000000000000000000000000000000000000000000000000000000000000000000000000000000000000000000000000000000000000000000000000000000000000000000000000000000000000000000000
310
00000000000000000000000000000000000000000000000000000000000000070000000000000000000000000000000000000000000000000000000000000000000000000000000000000000000000000000000000000000000000000000000000000000000000000000000000000000000000000007070700000000070000
310
00000000000000000000000000000000000000000000000000000000000000000000000000000000000000000000000000000000000000000000000000000000000000000000000000000000000000000000000000000000000000000000000000000000000000000000000000000000000000000000000000000000000000
310
00000000000000000000000000000000000000000000000000000000000000000000000000000700070700000007070707070707000000000000000000000000000000000000000000000000000000000000000000000000000000000000000000000000000000000000000000000000000000000000000000000000000000
310
00000007000000000000000000000000000000000000000000000000000000000000000000000000000000000000000000000000000000000000000000000000000000000000000000000000000000000000000000000000000000000000000000000000000000000000000000000000000000000000000000000000000000
310
00000000000000000000000000000000000000000000000000000000000000000000000700000000000000000000000000000000000000000000000000000000000000000000000000000000000000000000000000000000000000000000000000000000000000000000000000000000000000000000000000070707000000
310
00070000000000000000000000000000000000000000000000000000000000000000000000000000000000000000000000000000000000000000000000000000000000000000000000000000000000000000000000000000000000000000000000000000000000000000000000000000000000000000000000000000000000
310
00000000000000000000000000000000000000000000000000000000000000000000000000000000000007070000000000070007070707070000000000000000000000000000000000000000000000000000000000000000000000000000000000000000000000000000000000000000000000000000000000000000000000
310
00000000000000070000000000000000000000000000000000000000000000000000000000000000000000000000000000000000000000000000000000000000000000000000000000000000000000000000000000000000000000000000000000000000000000000000000000000000000000000000000000000000000000
310
00000000000000000000000000000000000000000000000000000000000000000000000000000007000000000000000000000000000000000000000000000000000000000000000000000000000000000000000000000000000000000000000000000000000000000000000000000000000000000000000000000000000007
310
00000000000007000000000000000000000000000000000000000000000000000000000000000000000000000000000000000000000000000000000000000000000000000000000000000000000000000000000000000000000000000000000000000000000000000000000000000000000000000000000000000000000000
310
00000000000000000000000000000000000000000000000000000000000000000000000000000000000000000000000000000000000700000707070000000000000000000000000000000000000000000000000000000000000000000000000000000000000000000000000000000000000000000000000000000000000000
310
00000000000000000000000700000000000000000000000000000000000000000000000000000000000000000000000000000000000000000000000000000000000000000000000000000000000000000000000000000000000000000000000000000000000000000000000000000000000000000000000000000000000000
310
00000000000000000000000000000000000000000000000000000000000000000000000000000000000000070000000000000000000000000000000000000000000000000000000000000000000000000000000000000000000000000000000000000000000000000000000000000000000000000000000000000000000000
310
00000007000000000000070000000000000000000000000000000000000000000000000000000000000000000000000000000000000000000000000000000000000000000000000000000000000000000000000000000000000000000000000000000000000000000000000000000000000000000000000000000000000000
310
00000000000000000000000000000000000000000000000000000000000000000000000000000000000000000000000000000000000000000700000000070700000000000000000000000000000000000000000000000000000000000000000000000000000000000000000000000000000000000000000000000000000000
310
00000000000000000000000000000007000000000000000000000000000000000000000000000000000000000000000000000000000000000000000000000000000000000000000000000000000000000000000000000000000000000000000000000000000000000000000000000000000000000000000000000000000000
310
00000000000000000000000000000000000000000000000000000000000000000000000000000000000000000000000700000000000000000000000000000000000000000000000000000000000000000000000000000000000000000000000000000000000000000000000000000000000000000000000000000000000000
310
00000000000000000000000000000007000000000000000000000000000000000000000000000000000000000000000000000000000000000000000000000000000000000000000000000000000000000000000000000000000000000000000000000000000000000000000000000000000000000000000000000000000000
310
00000000000000000000000000000000000000000000000000000000000000000000000000000000000000000000000000000000000000000000000007000000000707000000000000000000000000000000000000000000000000000000000000000000000000000000000000000000000000000000000000000000000000
310
00000000000000000000000000000000000000070000000000000000000000000000000000000000000000000000000000000000000000000000000000000000000000000000000000000000000000000000000000000000000000000000000000000000000000000000000000000000000000000000000000000000000000
310
00000000000000000000000000000000000000000000000000000000000000000000000000000000000000000000000000000007000000000000000000000000000000000000000000000000000000000000000000000000000000000000000000000000000000000000000000000000000000000000000000000000000000
310
00000000000000000000000000000000000000070000000000000000000000000000000000000000000000000000000000000000000000000000000000000000000000000000000000000000000000000000000000000000000000000000000000000000000000000000000000000000000000000000000000000000000000
310
00000000000000000000000000000000000000000000000000000000000000000000000000000000000000000000000000000000000000000000000000000000070000000000070000000000000000000000000000000000000000000000000000000000000000000000000000000000000000000000000000000000000000
310
00000000000000000000000000000000000000000000000700000000000000000000000000000000000000000000000000000000000000000000000000000000000000000000000000000000000000000000000000000000000000000000000000000000000000000000000000000000000000000000000000000000000000
310
00000000000000000000000000000000000000000000000000000000000000000000000000000000000000000000000000000000000000070000000000000000000000000000000000000000000000000000000000000000000000000000000000000000000000000000000000000000000000000000000000000000000000
310
00000000000000000000000000000000000000000000000007000000000000000000000000000000000000000000000000000000000000000000000000000000000000000000000000000000000000000000000000000000000000000000000000000000000000000000000000000000000000000000000000000000000000
310
00000000000000000000000000000000000000000000000000000000000000000000000000000000000000000000000000000000000000000000000000000000000000070000000000000000000000000000000000000000000000000000000000000000000000000000000000000000000000000000000000000000000000
310
00000000000000000000000000000000000000000000000000000007000000000000000000000000000000000000000000000000000000000000000000000000000000000000000000000000000000000000000000000000000000000000000000000000000000000000000000000000000000000000000000000000000000
310
00000000000000000000000000000000000000000000000000000000000000000000000000000000000000000000000000000000000000000000000700000000000000000000000000000000000000000000000000000000000000000000000000000000000000000000000000000000000000000000000000000000000000
310
00000000000000000000000000000000000000000000000000000000070000000000000000000000000000000000000000000000000000000000000000000000000000000000000000000000000000000000000000000000000000000000000000000000000000000000000000000000000000000000000000000000000000
310
00000000000000000000000000000000000000000000000000000000000000000000000000000000000000000000000000000000000000000000000000000000000000000000000700000000000000000000000000000000000000000000000000000000000000000000000000000000000000000000000000000000000000
310
00000000000000000000000000000000000000000000000000000000000000070000000000000000000000000000000000000000000000000000000000000000000000000000000000000000000000000000000000000000000000000000000000000000000000000000000000000000000000000000000000000000000000
310
00000000000000000000000000000000000000000000000000000000000000000000000000000000000000000000000000000000000000000000000000000007000000000000000000000000000000000000000000000000000000000000000000000000000000000000000000000000000000000000000000000000000000
310
00000000000000000000000000000000000000000000000000000000000000000007000000000000000000000000000000000000000000000000000000000000000000000000000000000000000000000000000000000000000000000000000000000000000000000000000000000000000000000000000000000000000000
310
00000000000000000000000000000000000000000000000000000000000000000000000000000000000000000000000000000000000000000000000000000000000000000000000000000007000000000000000000000000000000000000000000000000000000000000000000000000000000000000000000000000000000
310
00000000000000000000000000000000000000000000000000000000000000000000000700000000000000000000000000000000000000000000000000000000000000000000000000000000000000000000000000000000000000000000000000000000000000000000000000000000000000000000000000000000000000
310
00000000000000000000000000000000000000000000000000000000000000000000000000000000000000000000000000000000000000000000000000000000000000070000000000000000000000000000000000000000000000000000000000000000000000000000000000000000000000000000000000000000000000
310
00000000000000000000000000000000000000000000000000000000000000000000000000000700000000000000000000000000000000000000000000000000000000000000000000000000000000000000000000000000000000000000000000000000000000000000000000000000000000000000000000000000000000
310
00000000000000000000000000000000000000000000000000000000000000000000000000000000000000000000000000000000000000000000000000000000000000000000000000000000000000070000000000000000000000000000000000000000000000000000000000000000000000000000000000000000000000
310
00000000000000000000000000000000000000000000000000000000000000000000000000000007000000000000000000000000000000000000000000000000000000000000000000000000000000000000000000000000000000000000000000000000000000000000000000000000000000000000000000000000000000
310
00000000000000000000000000000000000000000000000000000000000000000000000000000000000000000000000000000000000000000000000000000000000000000000000700000000000000000000000000000000000000000000000000000000000000000000000000000000000000000000000000000000000000
310
00000000000000000000000000000000000000000000000000000000000000000000000000000000000007000000000000000000000000000000000000000000000000000000000000000000000000000000000000000000000000000000000000000000000000000000000000000000000000000000000000000000000000
310
00000000000000000000000000000000000000000000000000000000000000000000000000000000000000000000000000000000000000000000000000000000000000000000000000000000000000000000070000000000000000000000000000000000000000000000000000000000000000000000000000000000000000
310
00000000000000000000000000000000000000000000000000000000000000000000000000000000000000070000000000000000000000000000000000000000000000000000000000000000000000000000000000000000000000000000000000000000000000000000000000000000000000000000000000000000000000
310
00000000000000000000000000000000000000000000000000000000000000000000000000000000000000000000000000000000000000000000000000000000000000000000000000000007070707070707070707070707070707070707070707070707070707070707070707070707070707070707070707070707070707
310
07070707070707070707070707070707070707070707070707070707070707070707070707070707070707070707070707070707070707070707070707070707070707070707070707070707070707070707070707070707070707070707070707070707070707070707070707070707070707070707070707070707070707
310
07070707070707070707070707070707070707070707070707070707070707070707070707070707070707070707070707070707070707070707070707070707070707070707070707070707070707070707070707070707070707070707070707070707070707070707070707070707070707070707070707070707070707
310
07070707070707070707070707070707070707070707070707070707070707070707070707070707070707070707070700000000000000000000000000000000000000000000000000000000000000000000000000000000000000000000000000000000000000000000000000000000000000000000000000000000000000
310
00000000000000000000000000000000000000000000000000000000000000000000000000000000000000000000000000000000000000000000000000000000000000000000000000000000000000000000000000000000000000000000000000000000000000000000000000000000000000000000000000000000000000
310
00000000000000000000000000000000070707000000000000000000000000000000000000000000000000000000000000000007000000000000000000000000000000000000000000000000000000000000000000000000000000000000000000000000000000000000000000000000000000000000000000000000000000
310
00000000000000000000000000000000000000000000000000000000000000000000000000000000000000000000000000000000000000000000000000000000000000000000000000000000000000000000000000000000000007000000000000000000000000000000000000000000000000000000000000000000000000
310
00000000000000000000000000000000000000000000000000000000000000000000000000000000000000000000000000000000000000000000000000000000000000000000000000000000000000000000000000000000000000000000000000000000000000000000000000000000000000000000000000000000000000
310
00000000000000000000000000000000000000000000000000000000000000000000000000000000000000000000000000000000000000000000000000000000000000000000000000000000000000000000000000000000000000000000000000000000000000000000000000000000000000000000000000000000000000
310
00000000000000000000000000000000000000000007070707000000000000000000000000000000000000000000000000000000000000000700000000000000000000000000000000000000000000000000000000000000000000000000000000000000000000000000000000000000000000000000000000000000000000
310
00000000000000000000000000000000000000000000000000000000000000000000000000000000000000000000000000000000000000000000000000000000000000000000000000000000000000000000000000000000000000000007000000000000000000000000000000000000000000000000000000000000000000
310
00000000000000000000000000000000000000000000000000000000000000000000000000000000000000000000000000000000000000000000000000000000000000000000000000000000000000000000000000000000000000000000000000000000000000000000000000000000000000000000000000000000000000
310
00000000000000000000000000000000000000000000000000000000000000000000000000000000000000000000000000000000000000000000000000000000000000000000000000000000000000000000000000000000000000000000000000000000000000000000000000000000000000000000000000000000000000
310
00000000000000000000000000000000000000000000000000000707070707000000000000000000000000000000000000000000000000000000000007000000000000000000000000000000000000000000000000000000000000000000000000000000000000000000000000000000000000000000000000000000000000
310
00000000000000000000000000000000000000000000000000000000000000000000000000000000000000000000000000000000000000000000000000000000000000000000000000000000000000000000000000000000000000000000000000070000000000000000000000000000000000000000000000000000000000
310
00000000000000000000000000000000000000000000000000000000000000000000000000000000000000000000000000000000000000000000000000000000000000000000000000000000000000000000000000000000000000000000000000000000000000000000000000000000000000000000000000000000000000
310
00000000000000000000000000000000000000000000000000000000000000000000000000000000000000000000000000000000000000000000000000000000000000000000000000000000000000000000000000000000000000000000000000000000000000000000000000000000000000000000000000000000000000
310
00000000000000000000000000000000000000000000000000000000000000070707070700000000000000000000000000000000000000000000000000000000000700000000000000000000000000000000000000000000000000000000000000000000000000000000000000000000000000000000000000000000000000
310
00000000000000000000000000000000000000000000000000000000000000000000000000000000000000000000000000000000000000000000000000000000000000000000000000000000000000000000000000000000000000000000000000000000000700000000000000000000000000000000000000000000000000
310
00000000000000000000000000000000000000000000000000000000000000000000000000000000000000000000000000000000000000000000000000000000000000000000000000000000000000000000000000000000000000000000000000000000000000000000000000000000000000000000000000000000000000
310
00000000000000000000000000000000000000000000000000000000000000000000000000000000000000000000000000000000000000000000000000000000000000000000000000000000000000000000000000000000000000000000000000000000000000000000000000000000000000000000000000000000000000
310
00000000000000000000000000000000000000000000000000000000000000000000000007070707070700000000000000000000000000000000000000000000000000000007000000000000000000000000000000000000000000000000000000000000000000000000000000000000000000000000000000000000000000
310
00000000000000000000000000000000000000000000000000000000000000000000000000000000000000000000000000000000000000000000000000000000000000000000000000000000000000000000000000000000000000000000000000000000000000000700000000000000000000000000000000000000000000
310
00000000000000000000000000000000000000000000000000000000000000000000000000000000000000000000000000000000000000000000000000000000000000000000000000000000000000000000000000000000000000000000000000000000000000000000000000000000000000000000000000000000000000
310
00000000000000000000000000000000000000000000000000000000000000000000000000000000000000000000000000000000000000000000000000000000000000000000000000000000000000000000000000000000000000000000000000000000000000000000000000000000000000000000000000000000000000
310
00000000000000000000000000000000000000000000000000000000000000000000000000000000000707070707070700000000000000000000000000000000000000000000000000000700000000000000000000000000000000000000000000000000000000000000000000000000000000000000000000000000000000
310
00000000000000000000000000000000000000000000000000000000000000000000000000000000000000000000000000000000000000000000000000000000000000000000000000000000000000000000000000000000000000000000000000000000000000000000000007000000000000000000000000000000000000
310
00000000000000000000000000000000000000000000000000000000000000000000000000000000000000000000000000000000000000000000000000000000000000000000000000000000000000000000000000000000000000000000000000000000000000000000000000000000000000000000000000000000000000
310
00000000000000000000000000000000000000000000000000000000000000000000000000000000000000000000000000000000000000000000000000000000000000000000000000000000000000000000000000000000000000000000000000000000000000000000000000000000000000000000000000000000000000
310
00000000000000000000000000000000000000000000000000000000000000000000000000000000000000000000070707070707070700000000000000000000000000000000000000000000000000070000000000000000000000000000000000000000000000000000000000000000000000000000000000000000000000
310
00000000000000000000000000000000000000000000000000000000000000000000000000000000000000000000000000000000000000000000000000000000000000000000000000000000000000000000000000000000000000000000000000000000000000000000000000000000070000000000000000000000000000
310
00000000000000000000000000000000000000000000000000000000000000000000000000000000000000000000000000000000000000000000000000000000000000000000000000000000000000000000000000000000000000000000000000000000000000000000000000000000000000000000000000000000000000
310
00000000000000000000000000000000000000000000000000000000000000000000000000000000000000000000000000000000000000000000000000000000000000000000000000000000000000000000000000000000000000000000000000000000000000000000000000000000000000000000000000000000000000
310
00000000000000000000000000000000000000000000000000000000000000000000000000000000000000000000000000000007070707070707070000000000000000000000000000000000000000000000000700000000000000000000000000000000000000000000000000000000000000000000000000000000000000
310
00000000000000000000000000000000000000000000000000000000000000000000000000000000000000000000000000000000000000000000000000000000000000000000000000000000000000000000000000000000000000000000000000000000000000000000000000000000000000000700000000000000000000
310
00000000000000000000000000000000000000000000000000000000000000000000000000000000000000000000000000000000000000000000000000000000000000000000000000000000000000000000000000000000000000000000000000000000000000000000000000000000000000000000000000000000000000
310
00000000000000000000000000000000000000000000000000000000000000000000000000000000000000000000000000000000000000000000000000000000000000000000000000000000000000000000000000000000000000000000000000000000000000000000000000000000000000000000000000000000000000
310
00000000000000000000000000000000000000000000000000000000000000000000000000000000000000000000000000000000000000000707070707070707070000000000000000000000000000000000000000000000070000000000000000000000000000000000000000000000000000000000000000000000000000
310
00000000000000000000000000000000000000000000000000000000000000000000000000000000000000000000000000000000000000000000000000000000000000000000000000000000000000000000000000000000000000000000000000000000000000000000000000000000000000000000000700000000000000
310
00000000000000000000000000000000000000000000000000000000000000000000000000000000000000000000000000000000000000000000000000000000000000000000000000000000000000000000000000000000000000000000000000000000000000000000000000000000000000000000000000000000000000
310
00000000000000000000000000000000000000000000000000000000000000000000000000000000000000000000000000000000000000000000000000000000000000000000000000000000000000000000000000000000000000000000000000000000000000000000000000000000000000000000000000000000000000
310
00000000000000000000000000000000000000000000000000000000000000000000000000000000000000000000000000000000000000000000000000070707070707070707070000000000000000000000000000000000000000000700000000000000000000000000000000000000000000000000000000000000000000
310
00000000000000000000000000000000000000000000000000000000000000000000000000000000000000000000000000000000000000000000000000000000000000000000000000000000000000000000000000000000000000000000000000000000000000000000000000000000000000000000000000000007000000
310
00000000000000000000000000000000000000000000000000000000000000000000000000000000000000000000000000000000000000000000000000000000000000000000000000000000000000000000000000000000000000000000000000000000000000000000000000000000000000000000000000000000000000
310
00000000000000000000000000000000000000000000000000000000000000000000000000000000000000000000000000000000000000000000000000000000000000000000000000000000000000000000000000000000000000000000000000000000000000000000000000000000000000000000000000000000000000
310
00000000000000000000000000000000000000000000000000000000000000000000000000000000000000000000000000000000000000000000000000000000000007070707070707070707070000000000000000000000000000000000000000070000000000000000000000000000000000000000000000000000000000
310
00000000000000000000000000000000000000000000000000000000000000000000000000000000000000000000000000000000000000000000000000000000000000000000000000000000000000000000000000000000000000000000000000000000000000000000000000000000000000000000000000000000000000
310
07000000000000000000000000000000000000000000000000000000000000000000000000000000000000000000000000000000000000000000000000000000000000000000000000000000000000000000000000000000000000000000000000000000000000000000000000000000000000000000000000000000000000
310
00000000000000000000000000000000000000000000000000000000000000000000000000000000000000000000000000000000000000000000000000000000000000000000000000000000000000000000000000000000000000000000000000000000000000000000000000000000000000000000000000000000000000
310
00000000000000000000000000000000000000000000000000000000000000000000000000000000000000000000000000000000000000000000000000000000000000000000000707070707070707070707000000000000000000000000000000000000000700000000000000000000000000000000000000000000000000
310
00000000000000000000000000000000000000000000000000000000000000000000000000000000000000000000000000000000000000000000000000000000000000000000000000000000000000000000000000000000000000000000000000000000000000000000000000000000000000000000000000000000000000
310
00000007000000000000000000000000000000000000000000000000000000000000000000000000000000000000000000000000000000000000000000000000000000000000000000000000000000000000000000000000000000000000000000000000000000000000000000000000000000000000000000000000000000
310
00000000000000000000000000000000000000000000000000000000000000000000000000000000000000000000000000000000000000000000000000000000000000000000000000000000000000000000000000000000000000000000000000000000000000000000000000000000000000000000000000000000000000
310
00000000000000000000000000000000000000000000000000000000000000000000000000000000000000000000000000000000000000000000000000000000000000000000000000000000070707070707070707070707000000000000000000000000000000000000070000000000000000000000000000000000000000
310
00000000000000000000000000000000000000000000000000000000000000000000000000000000000000000000000000000000000000000000000000000000000000000000000000000000000000000000000000000000000000000000000000000000000000000000000000000000000000000000000000000000000000
310
00000000000000070000000000000000000000000000000000000000000000000000000000000000000000000000000000000000000000000000000000000000000000000000000000000000000000000000000000000000000000000000000000000000000000000000000000000000000000000000000000000000000000
310
00000000000000000000000000000000000000000000000000000000000000000000000000000000000000000000000000000000000000000000000000000000000000000000000000000000000000000000000000000000000000000000000000000000000000000000000000000000000000000000000000000000000000
310
00000000000000000000000000000000000000000000000000000000000000000000000000000000000000000000000000000000000000000000000000000000000000000000000000000000000000000007070707070707070707070707000000000000000000000000000000000007000000000000000000000000000000
310
00000000000000000000000000000000000000000000000000000000000000000000000000000000000000000000000000000000000000000000000000000000000000000000000000000000000000000000000000000000000000000000000000000000000000000000000000000000000000000000000000000000000000
310
00000000000000000000000700000000000000000000000000000000000000000000000000000000000000000000000000000000000000000000000000000000000000000000000000000000000000000000000000000000000000000000000000000000000000000000000000000000000000000000000000000000000000
310
00000000000000000000000000000000000000000000000000000000000000000000000000000000000000000000000000000000000000000000000000000000000000000000000000000000000000000000000000000000000000000000000000000000000000000000000000000000000000000000000000000000000000
310
00000000000000000000000000000000000000000000000000000000000000000000000000000000000000000000000000000000000000000000000000000000000000000000000000000000000000000000000000000707070707070707070707070707000000000000000000000000000000070000000000000000000000
310
00000000000000000000000000000000000000000000000000000000000000000000000000000000000000000000000000000000000000000000000000000000000000000000000000000000000000000000000000000000000000000000000000000000000000000000000000000000000000000000000000000000000000
310
00000000000000000000000000000007000000000000000000000000000000000000000000000000000000000000000000000000000000000000000000000000000000000000000000000000000000000000000000000000000000000000000000000000000000000000000000000000000000000000000000000000000000
310
00000000000000000000000000000000000000000000000000000000000000000000000000000000000000000000000000000000000000000000000000000000000000000000000000000000000000000000000000000000000000000000000000000000000000000000000000000000000000000000000000000000000000
310
00000000000000000000000000000000000000000000000000000000000000000000000000000000000000000000000000000000000000000000000000000000000000000000000000000000000000000000000000000000000000070707070707070707070707070700000000000000000000000000000007000000000000
310
00000000000000000000000000000000000000000000000000000000000000000000000000000000000000000000000000000000000000000000000000000000000000000000000000000000000000000000000000000000000000000000000000000000000000000000000000000000000000000000000000000000000000
310
00000000000000000000000000000000000007000000000000000000000000000000000000000000000000000000000000000000000000000000000000000000000000000000000000000000000000000000000000000000000000000000000000000000000000000000000000000000000000000000000000000000000000
310
00000000000000000000000000000000000000000000000000000000000000000000000000000000000000000000000000000000000000000000000000000000000000000000000000000000000000000000000000000000000000000000000000000000000000000000000000000000000000000000000000000000000000
310
00000000000000000000000000000000000000000000000000000000000000000000000000000000000000000000000000000000000000000000000000000000000000000000000000000000000000000000000000000000000000000000000007070707070707070707070707070700000000000000000000000000070000
310
00000000000000000000000000000000000000000000000000000000000000000000000000000000000000000000000000000000000000000000000000000000000000000000000000000000000000000000000000000000000000000000000000000000000000000000000000000000000000000000000000000000000000
310
00000000000000000000000000000000000000000000070000000000000000000000000000000000000000000000000000000000000000000000000000000000000000000000000000000000000000000000000000000000000000000000000000000000000000000000000000000000000000000000000000000000000000
310
00000000000000000000000000000000000000000000000000000000000000000000000000000000000000000000000000000000000000000000000000000000000000000000000000000000000000000000000000000000000000000000000000000000000000000000000000000000000000000000000000000000000000
310
00000000000000000000000000000000000000000000000000000000000000000000000000000000000000000000000000000000000000000000000000000000000000000000000000000000000000000000000000000000000000000000000000000000000707070707070707070707070707070700000000000000000000
310
00000700000000000000000000000000000000000000000000000000000000000000000000000000000000000000000000000000000000000000000000000000000000000000000000000000000000000000000000000000000000000000000000000000000000000000000000000000000000000000000000000000000000
310
00000000000000000000000000000000000000000000000000000700000000000000000000000000000000000000000000000000000000000000000000000000000000000000000000000000000000000000000000000000000000000000000000000000000000000000000000000000000000000000000000000000000000
310
00000000000000000000000000000000000000000000000000000000000000000000000000000000000000000000000000000000000000000000000000000000000000000000000000000000000000000000000000000000000000000000000000000000000000000000000000000000000000000000000000000000000000
310
00000000000000000000000000000000000000000000000000000000000000000000000000000000000000000000000000000000000000000000000000000000000000000000000000000000000000000000000000000000000000000000000000000000000000000000070707070707070707070707070707070700000000
310
00000000000007000000000000000000000000000000000000000000000000000000000000000000000000000000000000000000000000000000000000000000000000000000000000000000000000000000000000000000000000000000000000000000000000000000000000000000000000000000000000000000000000
310
00000000000000000000000000000000000000000000000000000000000700000000000000000000000000000000000000000000000000000000000000000000000000000000000000000000000000000000000000000000000000000000000000000000000000000000000000000000000000000000000000000000000000
310
00000000000000000000000000000000000000000000000000000000000000000000000000000000000000000000000000000000000000000000000000000000000000000000000000000000000000000000000000000000000000000000000000000000000000000000000000000000000000000000000000000000000000
310
00000000000000000000000000000000000000000000000000000000000000000000000000000000000000000000000000000000000000000000000000000000000000000000000000000000000000000000000000000000000000000000000000000000000000000000000000000007070707070707070707070707070707
310
07000000000000000000000700000000000000000000000000000000000000000000000000000000000000000000000000000000000000000000000000000000000000000000000000000000000000000000000000000000000000000000000000000000000000000000000000000000000000000000000000000000000000
310
00000000000000000000000000000000000000000000000000000000000000000007000000000000000000000000000000000000000000000000000000000000000000000000000000000000000000000000000000000000000000000000000000000000000000000000000000000000000000000000000000000000000000
310
00000000000000000000000000000000000000000000000000000000000000000000000000000000000000000000000000000000000000000000000000000000000000000000000000000000000000000000000000000000000000000000000000000000000000000000000000000000000000000000000000000000000000
310
00000000000000000000000000000000000000000000000000000000000000000000000000000000000000000000000000000000000000000000000000000000000000000000000000000000000000000000000000000000000000000000000000000000000000000000000000000000000000000707070707070707070707
310
07070707070707000000000000000007000000000000000000000000000000000000000000000000000000000000000000000000000000000000000000000000000000000000000000000000000000000000000000000000000000000000000000000000000000000000000000000000000000000000000000000000000000
310
00000000000000000000000000000000000000000000000000000000000000000000000000070000000000000000000000000000000000000000000000000000000000000000000000000000000000000000000000000000000000000000000000000000000000000000000000000000000000000000000000000000000000
310
00000000000000000000000000000000000000000000000000000000000000000000000000000000000000000000000000000000000000000000000000000000000000000000000000000000000000000000000000000000000000000000000000000000000000000000000000000000000000000000000000000000000000
310
00000000000000000000000000000000000000000000000000000000000000000000000000000000000000000000000000000000000000000000000000000000000000000000000000000000000000000000000000000000000000000000000000000000000000000000000000000000000000000000000000070707070707
310
07070707070707070707070707000000000000000700000000000000000000000000000000000000000000000000000000000000000000000000000000000000000000000000000000000000000000000000000000000000000000000000000000000000000000000000000000000000000000000000000000000000000000
310
00000000000000000000000000000000000000000000000000000000000000000000000000000000070000000000000000000000000000000000000000000000000000000000000000000000000000000000000000000000000000000000000000000000000000000000000000000000000000000000000000000000000000
310
00000000000000000000000000000000000000000000000000000000000000000000000000000000000000000000000000000000000000000000000000000000000000000000000000000000000000000000000000000000000000000000000000000000000000000000000000000000000000000000000000000000000000
310
00000000000000000000000000000000000000000000000000000000000000000000000000000000000000000000000000000000000000000000000000000000000000000000000000000000000000000000000000000000000000000000000000000000000000000000000000000000000000000000000000000000000007
310
07070707070707070707070707070707070707000000000000070000000000000000000000000000000000000000000000000000000000000000000000000000000000000000000000000000000000000000000000000000000000000000000000000000000000000000000000000000000000000000000000000000000000
310
00000000000000000000000000000000000000000000000000000000000000000000000000000000000000000700000000000000000000000000000000000000000000000000000000000000000000000000000000000000000000000000000000000000000000000000000000000000000000000000000000000000000000
310
00000000000000000000000000000000000000000000000000000000000000000000000000000000000000000000000000000000000000000000000000000000000000000000000000000000000000000000000000000000000000000000000000000000000000000000000000000000000000000000000000000000000000
310
00000000000000000000000000000000000000000000000000000000000000000000000000000000000000000000000000000000000000000000000000000000000000000000000000000000000000000000000000000000000000000000000000000000000000000000000000000000000000000000000000000000000000
310
00000000070707070707070707070707070707070007070000000000000700000000000000000000000000000000000000000000000000000000000000000000000000000000000000000000000000000000000000000000000000000000000000000000000000000000000000000000000000000000000000000000000000
310
00000000000000000000000000000000000000000000000000000000000000000000000000000000000000000000000007000000000000000000000000000000000000000000000000000000000000000000000000000000000000000000000000000000000000000000000000000000000000000000000000000000000000
310
00000000000000000000000000000000000000000000000000000000000000000000000000000000000000000000000000000000000000000000000000000000000000000000000000000000000000000000000000000000000000000000000000000000000000000000000000000000000000000000000000000000000000
310
00000000000000000000000000000000000000000000000000000000000000000000000000000000000000000000000000000000000000000000000000000000000000000000000000000000000000000000000000000000000000000000000000000000000000000000000000000000000000000000000000000000000000
310
00000000000000000007070707070707070707070707000707000000000000000000070000000000000000000000000000000000000000000000000000000000000000000000000000000000000000000000000000000000000000000000000000000000000000000000000000000000000000000000000000000000000000
310
00000000000000000000000000000000000000000000000000000000000000000000000000000000000000000000000000000000070000000000000000000000000000000000000000000000000000000000000000000000000000000000000000000000000000000000000000000000000000000000000000000000000000
310
00000000000000000000000000000000000000000000000000000000000000000000000000000000000000000000000000000000000000000000000000000000000000000000000000000000000000000000000000000000000000000000000000000000000000000000000000000000000000000000000000000000000000
310
00000000000000000000000000000000000000000000000000000000000000000000000000000000000000000000000000000000000000000000000000000000000000000000000000000000000000000000000000000000000000000000000000000000000000000000000000000000000000000000000000000000000000
310
00000000000000000000000000000707070707070707070700070700000000000000000000000700000000000000000000000000000000000000000000000000000000000000000000000000000000000000000000000000000000000000000000000000000000000000000000000000000000000000000000000000000000
310
00000000000000000000000000000000000000000000000000000000000000000000000000000000000000000000000000000000000000070000000000000000000000000000000000000000000000000000000000000000000000000000000000000000000000000000000000000000000000000000000000000000000000
310
00000000000000000000000000000000000000000000000000000000000000000000000000000000000000000000000000000000000000000000000000000000000000000000000000000000000000000000000000000000000000000000000000000000000000000000000000000000000000000000000000000000000000
310
00000000000000000000000000000000000000000000000000000000000000000000000000000000000000000000000000000000000000000000000000000000000000000000000000000000000000000000000000000000000000000000000000000000000000000000000000000000000000000000000000000000000000
310
00000000000000000000000000000000000000070707070707070707070000000000000000000000000000070000000000000000000000000000000000000000000000000000000000000000000000000000000000000000000000000000000000000000000000000000000000000000000000000000000000000000000000
310
00000000000000000000000000000000000000000000000000000000000000000000000000000000000000000000000000000000000000000000000700000000000000000000000000000000000000000000000000000000000000000000000000000000000000000000000000000000000000000000000000000000000000
310
00000000000000000000000000000000000000000000000000000000000000000000000000000000000000000000000000000000000000000000000000000000000000000000000000000000000000000000000000000000000000000000000000000000000000000000000000000000000000000000000000000000000000
310
00000000000000000000000000000000000000000000000000000000000000000000000000000000000000000000000000000000000000000000000000000000000000000000000000000000000000000000000000000000000000000000000000000000000000000000000000000000000000000000000000000000000000
310
00000000000000000000000000000000000000000000000007070707070707070007000000000000000000000000000700000000000000000000000000000000000000000000000000000000000000000000000000000000000000000000000000000000000000000000000000000000000000000000000000000000000000
310
00000000000000000000000000000000000000000000000000000000000000000000000000000000000000000000000000000000000000000000000000000007000000000000000000000000000000000000000000000000000000000000000000000000000000000000000000000000000000000000000000000000000000
310
00000000000000000000000000000000000000000000000000000000000000000000000000000000000000000000000000000000000000000000000000000000000000000000000000000000000000000000000000000000000000000000000000000000000000000000000000000000000000000000000000000000000000
310
00000000000000000000000000000000000000000000000000000000000000000000000000000000000000000000000000000000000000000000000000000000000000000000000000000000000000000000000000000000000000000000000000000000000000000000000000000000000000000000000000000000000000
310
00000000000000000000000000000000000000000000000000000000000707070707070700000700000000000000000000000000070000000000000000000000000000000000000000000000000000000000000000000000000000000000000000000000000000000000000000000000000000000000000000000000000000
310
00000000000000000000000000000000000000000000000000000000000000000000000000000000000000000000000000000000000000000000000000000000000007000000000000000000000000000000000000000000000000000000000000000000000000000000000000000000000000000000000000000000000000
310
00000000000000000000000000000000000000000000000000000000000000000000000000000000000000000000000000000000000000000000000000000000000000000000000000000000000000000000000000000000000000000000000000000000000000000000000000000000000000000000000000000000000000
310
00000000000000000000000000000000000000000000000000000000000000000000000000000000000000000000000000000000000000000000000000000000000000000000000000000000000000000000000000000000000000000000000000000000000000000000000000000000000000000000000000000000000000
310
00000000000000000000000000000000000000000000000000000000000000000000070707070707000000070700000000000000000000000700000000000000000000000000000000000000000000000000000000000000000000000000000000000000000000000000000000000000000000000000000000000000000000
310
00000000000000000000000000000000000000000000000000000000000000000000000000000000000000000000000000000000000000000000000000000000000000000000070000000000000000000000000000000000000000000000000000000000000000000000000000000000000000000000000000000000000000
310
00000000000000000000000000000000000000000000000000000000000000000000000000000000000000000000000000000000000000000000000000000000000000000000000000000000000000000000000000000000000000000000000000000000000000000000000000000000000000000000000000000000000000
310
00000000000000000000000000000000000000000000000000000000000000000000000000000000000000000000000000000000000000000000000000000000000000000000000000000000000000000000000000000000000000000000000000000000000000000000000000000000000000000000000000000000000000
310
00000000000000000000000000000000000000000000000000000000000000000000000000000007070707070000000000070000000000000000000000070000000000000000000000000000000000000000000000000000000000000000000000000000000000000000000000000000000000000000000000000000000000
310
00000000000000000000000000000000000000000000000000000000000000000000000000000000000000000000000000000000000000000000000000000000000000000000000000000700000000000000000000000000000000000000000000000000000000000000000000000000000000000000000000000000000000
310
00000000000000000000000000000000000000000000000000000000000000000000000000000000000000000000000000000000000000000000000000000000000000000000000000000000000000000000000000000000000000000000000000000000000000000000000000000000000000000000000000000000000000
310
00000000000000000000000000000000000000000000000000000000000000000000000000000000000000000000000000000000000000000000000000000000000000000000000000000000000000000000000000000000000000000000000000000000000000000000000000000000000000000000000000000000000000
310
00000000000000000000000000000000000000000000000000000000000000000000000000000000000000000707070700000000000007000000000000000000000007000000000000000000000000000000000000000000000000000000000000000000000000000000000000000000000000000000000000000000000000
310
00000000000000000000000000000000000000000000000000000000000000000000000000000000000000000000000000000000000000000000000000000000000000000000000000000000000700000000000000000000000000000000000000000000000000000000000000000000000000000000000000000000000000
310
00000000000000000000000000000000000000000000000000000000000000000000000000000000000000000000000000000000000000000000000000000000000000000000000000000000000000000000000000000000000000000000000000000000000000000000000000000000000000000000000000000000000000
310
00000000000000000000000000000000000000000000000000000000000000000000000000000000000000000000000000000000000000000000000000000000000000000000000000000000000000000000000000000000000000000000000000000000000000000000000000000000000000000000000000000000000000
310
00000000000000000000000000000000000000000000000000000000000000000000000000000000000000000000000000070007000000000000000707000000000000000000070000000000000000000000000000000000000000000000000000000000000000000000000000000000000000000000000000000000000000
310
00000000000000000000000000000000000000000000000000000000000000000000000000000000000000000000000000000000000000000000000000000000000000000000000000000000000000000007000000000000000000000000000000000000000000000000000000000000000000000000000000000000000000
310
00000000000000000000000000000000000000000000000000000000000000000000000000000000000000000000000000000000000000000000000000000000000000000000000000000000000000000000000000000000000000000000000000000000000000000000000000000000000000000000000000000000000000
310
00000000000000000000000000000000000000000000000000000000000000000000000000000000000000000000000000000000000000000000000000000000000000000000000000000000000000000000000000000000000000000000000000000000000000000000000000000000000000000000000000000000000000
310
00000000000000000000000000000000000000000000000000000000000000000000000000000000000000000000000000000000000007070000000000000000000700000000000000000007000000000000000000000000000000000000000000000000000000000000000000000000000000000000000000000000000000
310
00000000000000000000000000000000000000000000000000000000000000000000000000000000000000000000000000000000000000000000000000000000000000000000000000000000000000000000000000070000000000000000000000000000000000000000000000000000000000000000000000000000000000
310
00000000000000000000000000000000000000000000000000000000000000000000000000000000000000000000000000000000000000000000000000000000000000000000000000000000000000000000000000000000000000000000000000000000000000000000000000000000000000000000000000000000000000
310
00000000000000000000000000000000000000000000000000000000000000000000000000000000000000000000000000000000000000000000000000000000000000000000000000000000000000000000000000000000000000000000000000000000000000000000000000000000000000000000000000000000000000
310
00000000000000000000000000000000000000000000000000000000000000000000000000000000000000000000000000000000000000000000000700000000000000000000070000000000000000070000000000000000000000000000000000000000000000000000000000000000000000000000000000000000000000
310
00000000000000000000000000000000000000000000000000000000000000000000000000000000000000000000000000000000000000000000000000000000000000000000000000000000000000000000000000000000000700000000000000000000000000000000000000000000000000000000000000000000000000
310
00000000000000000000000000000000000000000000000000000000000000000000000000000000000000000000000000000000000000000000000000000000000000000000000000000000000000000000000000000000000000000000000000000000000000000000000000000000000000000000000000000000000000
310
00000000000000000000000000000000000000000000000000000000000000000000000000000000000000000000000000000000000000000000000000000000000000000000000000000000000000000000000000000000000000000000000000000000000000000000000000000000000000000000000000000000000000
310
00000000000000000000000000000000000000000000000000000000000000000000000000000000000000000000000000000000000000000000000000000000000000000000000000000007070000000000000007000000000000000000000000000000000000000000000000000000000000000000000000000000000000
310
00000000000000000000000000000000000000000000000000000000000000000000000000000000000000000000000000000000000000000000000000000000000000000000000000000000000000000000000000000000000000000700000000000000000000000000000000000000000000000000000000000000000000
310
00000000000000000000000000000000000000000000000000000000000000000000000000000000000000000000000000000000000000000000000000000000000000000000000000000000000000000000000000000000000000000000000000000000000000000000000000000000000000000000000000000000000000
310
00000000000000000000000000000000000000000000000000000000000000000000000000000000000000000000000000000000000000000000000000000000000000000000000000000000000000000000000000000000000000000000000000000000000000000000000000000000000000000000000000000000000000
310
00000000000000000000000000000000000000000000000000000000000000000000000000000000000000000000000000000000000000000000000000000000000000000000000000000000000000000007000000000000070000000000000000000000000000000000000000000000000000000000000000000000000000
310
00000000000000000000000000000000000000000000000000000000000000000000000000000000000000000000000000000000000000000000000000000000000000000000000000000000000000000000000000000000000000000000000007000000000000000000000000000000000000000000000000000000000000
310
00000000000000000000000000000000000000000000000000000000000000000000000000000000000000000000000000000000000000000000000000000000000000000000000000000000000000000000000000000000000000000000000000000000000000000000000000000000000000000000000000000000000000
310
00000000000000000000000000000000000000000000000000000000000000000000000000000000000000000000000000000000000000000000000000000000000000000000000000000000000000000000000000000000000000000000000000000000000000000000000000000000000000000000000000000000000000
310
00000000000000000000000000000000000000000000000000000000000000000000000000000000000000000000000000000000000000000000000000000000000000000000000000000000000000000000000000000700000000000007000000000000000000000000000000000000000000000000000000000000000000
310
00000000000000000000000000000000000000000000000000000000000000000000000000000000000000000000000000000000000000000000000000000000000000000000000000000000000000000000000000000000000000000000000000000000070000000000000000000000000000000000000000000000000000
310
00000000000000000000000000000000000000000000000000000000000000000000000000000000000000000000000000000000000000000000000000000000000000000000000000000000000000000000000000000000000000000000000000000000000000000000000000000000000000000000000000000000000000
310
00000000000000000000000000000000000000000000000000000000000000000000000000000000000000000000000000000000000000000000000000000000000000000000000000000000000000000000000000000000000000000000000000000000000000000000000000000000000000000000000000000000000000
310
00000000000000000000000000000000000000000000000000000000000000000000000000000000000000000000000000000000000000000000000000000000000000000000000000000000000000000000000000000000000000070700000000000700000000000000000000000000000000000000000000000000000000
310
00000000000000000000000000000000000000000000000000000000000000000000000000000000000000000000000000000000000000000000000000000000000000000000000000000000000000000000000000000000000000000000000000000000000000070000000000000000000000000000000000000000000000
310
00000000000000000000000000000000000000000000000000000000000000000000000000000000000000000000000000000000000000000000000000000000000000000000000000000000000000000000000000000000000000000000000000000000000000000000000000000000000000000000000000000000000000
310
00000000000000000000000000000000000000000000000000000000000000000000000000000000000000000000000000000000000000000000000000000000000000000000000000000000000000000000000000000000000000000000000000000000000000000000000000000000000000000000000000000000000000
310
00000000000000000000000000000000000000000000000000000000000000000000000000000000000000000000000000000000000000000000000000000000000000000000000000000000000000000000000000000000000000000000000000070000000007000000000000000000000000000000000000000000000000
310
00000000000000000000000000000000000000000000000000000000000000000000000000000000000000000000000000000000000000000000000000000000000000000000000000000000000000000000000000000000000000000000000000000000000000000000000700000000000000000000000000000000000000
310
00000000000000000000000000000000000000000000000000000000000000000000000000000000000000000000000000000000000000000000000000000000000000000000000000000000000000000000000000000000000000000000000000000000000000000000000000000000000000000000000000000000000000
310
00000000000000000000000000000000000000000000000000000000000000000000000000000000000000000000000000000000000000000000000000000000000000000000000000000000000000000000000000000000000000000000000000000000000000000000000000000000000000000000000000000000000000
310
00000000000000000000000000000000000000000000000000000000000000000000000000000000000000000000000000000000000000000000000000000000000000000000000000000000000000000000000000000000000000000000000000000000000007000000000700000000000000000000000000000000000000
310
00000000000000000000000000000000000000000000000000000000000000000000000000000000000000000000000000000000000000000000000000000000000000000000000000000000000000000000000000000000000000000000000000000000000000000000000000000007000000000000000000000000000000
310
00000000000000000000000000000000000000000000000000000000000000000000000000000000000000000000000000000000000000000000000000000000000000000000000000000000000000000000000000000000000000000000000000000000000000000000000000000000000000000000000000000000000000
310
00000000000000000000000000000000000000000000000000000000000000000000000000000000000000000000000000000000000000000000000000000000000000000000000000000000000000000000000000000000000000000000000000000000000000000000000000000000000000000000000000000000000000
310
00000000000000000000000000000000000000000000000000000000000000000000000000000000000000000000000000000000000000000000000000000000000000000000000000000000000000000000000000000000000000000000000000000000000000000000000707000007000000000000000000000000000000
310
00000000000000000000000000000000000000000000000000000000000000000000000000000000000000000000000000000000000000000000000000000000000000000000000000000000000000000000000000000000000000000000000000000000000000000000000000000000000007000000000000000000000000
310
00000000000000000000000000000000000000000000000000000000000000000000000000000000000000000000000000000000000000000000000000000000000000000000000000000000000000000000000000000000000000000000000000000000000000000000000000000000000000000000000000000000000000
310
00000000000000000000000000000000000000000000000000000000000000000000000000000000000000000000000000000000000000000000000000000000000000000000000000000000000000000000000000000000000000000000000000000000000000000000000000000000000000000000000000000000000000
310
00000000000000000000000000000000000000000000000000000000000000000000000000000000000000000000000000000000000000000000000000000000000000000000000000000000000000000000000000000000000000000000000000000000000000000000000000000000000700000700000000000000000000
310
00000000000000000000000000000000000000000000000000000000000000000000000000000000000000000000000000000000000000000000000000000000000000000000000000000000000000000000000000000000000000000000000000000000000000000000000000000000000000000000070000000000000000
310
00000000000000000000000000000000000000000000000000000000000000000000000000000000000000000000000000000000000000000000000000000000000000000000000000000000000000000000000000000000000000000000000000000000000000000000000000000000000000000000000000000000000000
310
00000000000000000000000000000000000000000000000000000000000000000000000000000000000000000000000000000000000000000000000000000000000000000000000000000000000000000000000000000000000000000000000000000000000000000000000000000000000000000000000000000000000000
310
00000000000000000000000000000000000000000000000000000000000000000000000000000000000000000000000000000000000000000000000000000000000000000000000000000000000000000000000000000000000000000000000000000000000000000000000000000000000000000000070007000000000000
310
00000000000000000000000000000000000000000000000000000000000000000000000000000000000000000000000000000000000000000000000000000000000000000000000000000000000000000000000000000000000000000000000000000000000000000000000000000000000000000000000000000700000000
310
00000000000000000000000000000000000000000000000000000000000000000000000000000000000000000000000000000000000000000000000000000000000000000000000000000000000000000000000000000000000000000000000000000000000000000000000000000000000000000000000000000000000000
310
00000000000000000000000000000000000000000000000000000000000000000000000000000000000000000000000000000000000000000000000000000000000000000000000000000000000000000000000000000000000000000000000000000000000000000000000000000000000000000000000000000000000000
310
00000000000000000000000000000000000000000000000000000000000000000000000000000000000000000000000000000000000000000000000000000000000000000000000000000000000000000000000000000000000000000000000000000000000000000000000000000000000000000000000000000007070700
310
00000000000000000000000000000000000000000000000000000000000000000000000000000000000000000000000000000000000000000000000000000000000000000000000000000000000000000000000000000000000000000000000000000000000000000000000000000000000000000000000000000000000007
310
00000000000000000000000000000000000000000000000000000000000000000000000000000000000000000000000000000000000000000000000000000000000000000000000000000000000000000000000000000000000000000000000000000000000000000000000000000000000000000000000000000000000000
310
00000000000000000000000000000000000000000000000000000000000000000000000000000000000000000000000000000000000000000000000000000000000000000000000000000000000000000000000000000000000000000000000000000000000000000000000000000000000000000000000000000000000000
310
00000000000000000000000000000000000000000000000000000000000000000000000000000000000000000000000000000000000000000000000000000000000000000000000000000000000000000000000000000000000000000000000000000000000000000000000000000000000000000000000000000000000000
310
00000700000000000000000000000000000000000000000000000000000000000000000000000000000000000000000000000000000000000000000000000000000000000000000000000000000000000000000000000000000000000000000000000000000000000000000000000000000000000000000000000000000000
310
00000700000000000000000000000000000000000000000000000000000000000000000000000000000000000000000000000000000000000000000000000000000000000000000000000000000000000000000000000000000000000000000000000000000000000000000000000000000000000000000000000000000000
310
00000000000000000000000000000000000000000000000000000000000000000000000000000000000000000000000000000000000000000000000000000000000000000000000000000000000000000000000000000000000000000000000000000000000000000000000000000000000000000000000000000000000000
310
00000000000000000000000000000000000000000000000000000000000000000000000000000000000000000000000000000000000000000000000000000000000000000000000000000000000000000000000000000000000000000000000000000000000000000000000000000000000000000000000000000000000000
310
00000000000000070707070707070707070707070707070707070707070707070707070707070707070707070707070707070707070707070707070707070707070707070707070707070707070707070707070707070707070707070707070707070707070707070707070707070707070707070707070707070707070707
310
07070707070707070707070707070707070707070707070707070707070707070707070707070707070707070707070707070707070707070707070707070707070707070707070707070707070707070707070707070707070707070707070707070707070707070707070707070707070707070707070707070707070707
310
07070707070707070707070707070707070707070707070707070707000000000000000000000000000000000000000000000000000000000000000000000000000000000000000000000000000000000000000000000000000000000000000000000000000000000000000000000000000000000000000000000000000000
310
00000000000000000000000000000000000000000000000000000000000000000000000000000000000000000000000000000000000000000000000000000000000000000000000000000000000000000000000000000000000000000000000000000000000000000000000000000000000000000000000000000000000000
310
00000000000000000000000000000000000000000000000000000000000000000000000000000000000000000000000000000000000000000000000000000000000000000000000000000000000000000000000000000000000000000000000000000000000000000000000000000000000000000000000000000000000000
310
00000000000000000000000000000000000000000000000000000000000000000000000000000000000000000000000000000000000000000000000000000000000000000000000000000000000000000000000000000000000000000000000000000000000000000000000000000000000000000000000000000000000000
310
00000000000000000000000000000000000000000000000000000000000000000000000000000000000000000000000000000000000000000000000000000000000000000000000000000000000000000000000000000000000000000000000000000000000000000000000000000000000000000000000000000000000000
310
00000000000000000000000000000000000000000000000000000000000000000000000000000000000000000000000000000000000000000000000000000000000000000000000000000000000000000000000000000000000000000000000000000000000000000000000000000000000000000000000000000000000000
310
00000000000000000000000000000000000000000000000000000000000000000000000000000000000000000000000000000000000000000000000000000000000000000000000000000000000000000000000000000000000000000000000000000000000000000000000000000000000000000000000000000000000000
310
00000000000000000000000000000000000000000000000000000000000000000000000000000000000000000000000000000000000000000000000000000000000000000000000000000000000000000000000000000000000000000000000000000000000000000000000000000000000000000000000000000000000000
310
00000000000000000000000000000000000000000000000000000000000000000000000000000000000000000000000000000000000000000000000000000000000000000000000000000000000000000000000000000000000000000000000000000000000000000000000000000000000000000000000000000000000000
310
00000000000000000000000000000000000000000000000000000000000000000000000000000000000000000000000000000000000000000000000000000000000000000000000000000000000000000000000000000000000000000000000000000000000000000000000000000000000000000000000000000000000000
310
00000000000000000000000000000000000000000000000000000000000000000000000000000000000000000000000000000000000000000000000000000000000000000000000000000000000000000000000000000000000000000000000000000000000000000000000000000000000000000000000000000000000000
310
00000000000000000000000000000000000000000000000000000000000000000000000000000000000000000000000000000000000000000000000000000000000000000000000000000000000000000000000000000000000000000000000000000000000000000000000000000000000000000000000000000000000000
310
00000000000000000000000000000000000000000000000000000000000000000000000000000000000000000000000000000000000000000000000000000000000000000000000000000000000000000000000000000000000000000000000000000000000000000000000000000000000000000000000000000000000000
310
00000000000000000000000000000000000000000000000000000000000000000000000000000000000000000000000000000000000000000000000000000000000000000000000000000000000000000000000000000000000000000000000000000000000000000000000000000000000000000000000000000000000000
310
00000000000000000000000000000000000000000000000000000000000000000000000000000000000000000000000000000000000000000000000000000000000000000000000000000000000000000000000000000000000000000000000000000000000000000000000000000000000000000000000000000000000000
310
00000000000000000000000000000000000000000000000000000000000000000000000000000000000000000000000000000000000000000000000000000000000000000000000000000000000000000000000000000000000000000000000000000000000000000000000000000000000000000000000000000000000000
310
00000000000000000000000000000000000000000000000000000000000000000000000000000000000000000000000000000000000000000000000000000000000000000000000000000000000000000000000000000000000000000000000000000000000000000000000000000000000000000000000000000000000000
310
00000000000000000000000000000000000000000000000000000000000000000000000000000000000000000000000000000000000000000000000000000000000000000000000000000000000000000000000000000000000000000000000000000000000000000000000000000000000000000000000000000000000000
310
00000000000000000000000000000000000000000000000000000000000000000000000000000000000000000000000000000000000000000000000000000000000000000000000000000000000000000000000000000000000000000000000000000000000000000000000000000000000000000000000000000000000000
310
00000000000000000000000000000000000000000000000000000000000000000000000000000000000000000000000000000000000000000000000000000000000000000000000000000000000000000000000000000000000000000000000000000000000000000000000000000000000000000000000000000000000000
310
00000000000000000000000000000000000000000000000000000000000000000000000000000000000000000000000000000000000000000000000000000000000000000000000000000000000000000000000000000000000000000000000000000000000000000000000000000000000000000000000000000000000000
310
00000000000000000000000000000000000000000000000000000000000000000000000000000000000000000000000000000000000000000000000000000000000000000000000000000000000000000000000000000000000000000000000000000000000000000000000000000000000000000000000000000000000000
310
00000000000000000000000000000000000000000000000000000000000000000000000000000000000000000000000000000000000000000000000000000000000000000000000000000000000000000000000000000000000000000000000000000000000000000000000000000000000000000000000000000000000000
310
00000000000000000000000000000000000000000000000000000000000000000000000000000000000000000000000000000000000000000000000000000000000000000000000000000000000000000000000000000000000000000000000000000000000000000000000000000000000000000000000000000000000000
310
00000000000000000000000000000000000000000000000000000000000000000000000000000000000000000000000000000000000000000000000000000000000000000000000000000000000000000000000000000000000000000000000000000000000000000000000000000000000000000000000000000000000000
310
00000000000000000000000000000000000000000000000000000000000000000000000000000000000000000000000000000000000000000000000000000000000000000000000000000000000000000000000000000000000000000000000000000000000000000000000000000000000000000000000000000000000000
310
00000000000000000000000000000000000000000000000000000000000000000000000000000000000000000000000000000000000000000000000000000000000000000000000000000000000000000000000000000000000000000000000000000000000000000000000000000000000000000000000000000000000000
310
00000000000000000000000000000000000000000000000000000000000000000000000000000000000000000000000000000000000000000000000000000000000000000000000000000000000000000000000000000000000000000000000000000000000000000000000000000000000000000000000000000000000000
310
00000000000000000000000000000000000000000000000000000000000000000000000000000000000000000000000000000000000000000000000000000000000000000000000000000000000000000000000000000000000000000000000000000000000000000000000000000000000000000000000000000000000000
310
00000000000000000000000000000000000000000000000000000000000000000000000000000000000000000000000000000000000000000000000000000000000000000000000000000000000000000000000000000000000000000000000000000000000000000000000000000000000000000000000000000000000000
310
00000000000000000000000000000000000000000000000000000000000000000000000000000000000000000000000000000000000000000000000000000000000000000000000000000000000000000000000000000000000000000000000000000000000000000000000000000000000000000000000000000000000000
310
00000000000000000000000000000000000000000000000000000000000000000000000000000000000000000000000000000000000000000000000000000000000000000000000000000000000000000000000000000000000000000000000000000000000000000000000000000000000000000000000000000000000000
310
00000000000000000000000000000000000000000000000000000000000000000000000000000000000000000000000000000000000000000000000000000000000000000000000000000000000000000000000000000000000000000000000000000000000000000000000000000000000000000000000000000000000000
310
00000000000000000000000000000000000000000000000000000000000000000000000000000000000000000000000000000000000000000000000000000000000000000000000000000000000000000000000000000000000000000000000000000000000000000000000000000000000000000000000000000000000000
310
00000000000000000000000000000000000000000000000000000000000000000000000000000000000000000000000000000000000000000000000000000000000000000000000000000000000000000000000000000000000000000000000000000000000000000000000000000000000000000000000000000000000000
310
00000000000000000000000000000000000000000000000000000000000000000000000000000000000000000000000000000000000000000000000000000000000000000000000000000000000000000000000000000000000000000000000000000000000000000000000000000000000000000000000000000000000000
310
00000000000000000000000000000000000000000000000000000000000000000000000000000000000000000000000000000000000000000000000000000000000000000000000000000000000000000000000000000000000000000000000000000000000000000000000000000000000000000000000000000000000000
310
00000000000000000000000000000000000000000000000000000000000000000000000000000000000000000000000000000000000000000000000000000000000000000000000000000000000000000000000000000000000000000000000000000000000000000000000000000000000000000000000000000000000000
310
00000000000000000000000000000000000000000000000000000000000000000000000000000000000000000000000000000000000000000000000000000000000000000000000000000000000000000000000000000000000000000000000000000000000000000000000000000000000000000000000000000000000000
310
00000000000000000000000000000000000000000000000000000000000000000000000000000000000000000000000000000000000000000000000000000000000000000000000000000000000000000000000000000000000000000000000000000000000000000000000000000000000000000000000000000000000000
310
00000000000000000000000000000000000000000000000000000000000000000000000000000000000000000000000000000000000000000000000000000000000000000000000000000000000000000000000000000000000000000000000000000000000000000000000000000000000000000000000000000000000000
310
00000000000000000000000000000000000000000000000000000000000000000000000000000000000000000000000000000000000000000000000000000000000000000000000000000000000000000000000000000000000000000000000000000000000000000000000000000000000000000000000000000000000000
310
00000000000000000000000000000000000000000000000000000000000000000000000000000000000000000000000000000000000000000000000000000000000000000000000000000000000000000000000000000000000000000000000000000000000000000000000000000000000000000000000000000000000000
310
00000000000000000000000000000000000000000000000000000000000000000000000000000000000000000000000000000000000000000000000000000000000000000000000000000000000000000000000000000000000000000000000000000000000000000000000000000000000000000000000000000000000000
310
00000000000000000000000000000000000000000000000000000000000000000000000000000000000000000000000000000000000000000000000000000000000000000000000000000000000000000000000000000000000000000000000000000000000000000000000000000000000000000000000000000000000000
310
00000000000000000000000000000000000000000000000000000000000000000000000000000000000000000000000000000000000000000000000000000000000000000000000000000000000000000000000000000000000000000000000000000000000000000000000000000000000000000000000000000000000000
310
00000000000000000000000000000000000000000000000000000000000000000000000000000000000000000000000000000000000000000000000000000000000000000000000000000000000000000000000000000000000000000000000000000000000000000000000000000000000000000000000000000000000000
310
00000000000000000000000000000000000000000000000000000000000000000000000000000000000000000000000000000000000000000000000000000000000000000000000000000000000000000000000000000000000000000000000000000000000000000000000000000000000000000000000000000000000000
310
00000000000000000000000000000000000000000000000000000000000000000000000000000000000000000000000000000000000000000000000000000000000000000000000000000000000000000000000000000000000000000000000000000000000000000000000000000000000000000000000000000000000000
310
00000000000000000000000000000000000000000000000000000000000000000000000000000000000000000000000000000000000000000000000000000000000000000000000000000000000000000000000000000000000000000000000000000000000000000000000000000000000000000000000000000000000000
310
00000000000000000000000000000000000000000000000000000000000000000000000000000000000000000000000000000000000000000000000000000000000000000000000000000000000000000000000000000000000000000000000000000000000000000000000000000000000000000000000000000000000000
310
00000000000000000000000000000000000000000000000000000000000000000000000000000000000000000000000000000000000000000000000000000000000000000000000000000000000000000000000000000000000000000000000000000000000000000000000000000000000000000000000000000000000000
310
00000000000000000000000000000000000000000000000000000000000000000000000000000000000000000000000000000000000000000000000000000000000000000000000000000000000000000000000000000000000000000000000000000000000000000000000000000000000000000000000000000000000000
310
00000000000000000000000000000000000000000000000000000000000000000000000000000000000000000000000000000000000000000000000000000000000000000000000000000000000000000000000000000000000000000000000000000000000000000000000000000000000000000000000000000000000000
310
00000000000000000000000000000000000000000000000000000000000000000000000000000000000000000000000000000000000000000000000000000000000000000000000000000000000000000000000000000000000000000000000000000000000000000000000000000000000000000000000000000000000000
310
00000000000000000000000000000000000000000000000000000000000000000000000000000000000000000000000000000000000000000000000000000000000000000000000000000000000000000000000000000000000000000000000000000000000000000000000000000000000000000000000000000000000000
310
00000000000000000000000000000000000000000000000000000000000000000000000000000000000000000000000000000000000000000000000000000000000000000000000000000000000000000000000000000000000000000000000000000000000000000000000000000000000000000000000000000000000000
310
00000000000000000000000000000000000000000000000000000000000000000000000000000000000000000000000000000000000000000000000000000000000000000000000000000000000000000000000000000000000000000000000000000000000000000000000000000000000000000000000000000000000000
310
00000000000000000000000000000000000000000000000000000000000000000000000000000000000000000000000000000000000000000000000000000000000000000000000000000000000000000000000000000000000000000000000000000000000000000000000000000000000000000000000000000000000000
310
00000000000000000000000000000000000000000000000000000000000000000000000000000000000000000000000000000000000000000000000000000000000000000000000000000000000000000000000000000000000000000000000000000000000000000000000000000000000000000000000000000000000000
310
00000000000000000000000000000000000000000000000000000000000000000000000000000000000000000000000000000000000000000000000000000000000000000000000000000000000000000000000000000000000000000000000000000000000000000000000000000000000000000000000000000000000000
310
00000000000000000000000000000000000000000000000000000000000000000000000000000000000000000000000000000000000000000000000000000000000000000000000000000000000000000000000000000000000000000000000000000000000000000000000000000000000000000000000000000000000000
310
00000000000000000000000000000000000000000000000000000000000000000000000000000000000000000000000000000000000000000000000000000000000000000000000000000000000000000000000000000000000007070707070707070707070700000000000000000000000000000007070707070000000000
310
00000000000000000000000007070707070000070000000000000000070000000000000000000000000000000000000707070707070000070000000000000000000000000000000000000000000000000000000000000000070000000000000000000000000000000707070707070000000000000000000000000700000000
310
00000000000000000000000000000000000000000000000000000000000000000700000000000000000000000000000000000707070707070000000000000000000000000700000000000000000000000000000707070707070000000000000000000000070000000000000000000000000000000000070707070707000000
310
00000000000000070000000000000000000000070000000000000000000000000007070707070000000000000000000000000000070707070707000000000000000000000000000000000000000000000000000000000000000000000000000000000000000000000000000000000000000000000000000000000000000000
310
00000000000000000000000000000000000000000000000000000000000000000000000000000000000000000000000000000000000000000000000000000000000000000000000000000000000000000000000000000000000000000000070000000000000000000000070700000000000000000000000007000000000007
310
07000000000000000000000000000707000000000007070700000000000000000700000000000000000000000000000000070700000000000007000700000000000000000000000000000000000000000000000000000000000000000700000000000000000000000000000700000000000007070000000000000000000007
310
00000000000000000000000000000000000000000000000000000000000000000000000007000000000000000000000000000000000700000000000007070000000000000000000007000000000000000000000000000700000000000007070000000000000000000700000000000000000000000000000000070000000000
310
00070700000000000000000700000000000000000000000700000000000000000000000707000000000007070000000000000000000000070000000000000707000000000000000000000000000000000000000000000000000000000000000000000000000000000000000000000000000000000000000000000000000000
310
00000000000000000000000000000000000000000000000000000000000000000000000000000000000000000000000000000000000000000000000000000000000000000000000000000000000000000000000000000000000000000000000000000700000000000000000000000000070700000000000000000007000000
310
00000000000707000000000000000000000700000000000000000007070000000000000000070000000000000000000000000000070000000000000000000707070000000000000000000000000000000000000000000000000000000000000000070000000000000000000000000700000000000000000007070000000000
310
00000000070000000000000000000000000000000000000000000000000000000000000000000000000700000000000000000000000000000007000000000000000007070000000000000000000700000000000000000000000007000000000000000007070000000000000000070000000000000000000000000000070000
310
00000000000000070000000000000000070000000000000000000000070000000000000000000700000000000000000007000000000000000000070000000000000000000700000000000000000000000000000000000000000000000000000000000000000000000000000000000000000000000000000000000000000000
310
00000000000000000000000000000000000000000000000000000000000000000000000000000000000000000000000000000000000000000000000000000000000000000000000000000000000000000000000000000000000000000000000000000000000000070000000000000000000000000000070000000000000007
310
00000000000000000000000700000000000000000700000000000000000000000700000000000000000700000000000000000000000000000700000000000000000000000700000000000000000000000000000000000000000000000000000000000000000700000000000000000000000700000000000000000000000007
310
00000000000000000700000000000000000000000000000000000000000000000000000000000000000000000007000000000000000000000000000007000000000000000000000007000000000000000007000000000000000000000007000000000000000000000007000000000000000700000000000000000000000000
310
07000000000000000000000007000000000000000700000000000000000000000700000000000000000700000000000000000000000700000000000000070000000000000000000000070000000000000000000000000000000000000000000000000000000000000000000000000000000000000000000000000000000000
310
00000000000000000000000000000000000000000000000000000000000000000000000000000000000000000000000000000000000000000000000000000000000000000000000000000000000000000000000000000000000000000000000000000000000000000000000700000000000000000000000000000007000000
310
00000007000000000000000000000000070000000000000007000000000000000000000007000000000000000007000000000000000000000000000007000000000000000000000007000000000000000000000000000000000000000000000000000000000000000007000000000000000000000007000000000000000000
310
00000000070000000000000007000000000000000000000000000000000000000000000000000000000000000000000000070000000000000000000000000000070000000000000000000000000000000000000000070000000000000000000000070000000000000000000000000000000000000007000000000000000000
310
00000000070000000000000000000000000000000000000007000000000000000000000007000000000000000007000000000000000000000000000000000000000700000000000000000000000000000000000000000000000000000000000000000000000000000000000000000000000000000000000000000000000000
310
00000000000000000000000000000000000000000000000000000000000000000000000000000000000000000000000000000000000000000000000000000000000000000000000000000000000000000000000000000000000000000000000000000000000000000000000000000007000000000000000000000000000000
310
07000000000000070000000000000000000000000700000000000000070000000000000000000000000700000000000000000700000000000000000000000007000000000000000000000000070000000000000000000000000000000000000000000000000000000000000000070000000000000000000000070000000000
310
00000000000000000700000000000000070000000000000000000000000000000000000000000000000000000000000000000000000007000000000000000000000000070000000000000000000000000000000000000000000700000000000000000000000700000000000000000000000000000000000000070000000000
310
00000000000000000700000000000000000000000000000000000000000700000000000000000000000700000000000000070000000000000000000000000000000000000007000000000000000000000000000000000000000000000000000000000000000000000000000000000000000000000000000000000000000000
310
00000000000000000000000000000000000000000000000000000000000000000000000000000000000000000000000000000000000000000000000000000000000000000000000000000000000000000000000000000000000000000000000000000000000000000000000000000000000000070000000000000000000000
310
00000000000700000000000700000000000000000000000000070000000000000700000000000000000000000007000000000000000007000000000000000000000000070000000000000000000000000007000000000000000000000000000000000000000000000000000000000000000007000000000000000000000700
310
00000000000000000000000000070000000000000007000000000000000000000000000000000000000000000000000000000000000000000000070000000000000000000000000700000000000000000000000000000000000000000000070000000000000000000007000000000000000000000000000000000000000007
310
00000000000000000000000007000000000000000000000000000000000000000007000000000000000000000007000000000000000700000000000000000000000000000000000000070000000000000000000000000000000000000000000000000000000000000000000000000000000000000000000000000000000000
310
00000000000000000000000000000000000000000000000000000000000000000000000000000000000000000000000000000000000000000000000000000000000000000000000000000000000000000000000000000000000000000000000000000000000000000000000000000000000000000000000007000000000000
310
00000000000000000007000000000007000000000000000000000000000700000000000007000000000000000000000000070000000000000000070000000000000000000000000700000000000000000000000000070000000000000000000000000000000000000000000000000000000000000000070000000000000000
310
00000700000000000000000000000000000700000000000000070000000000000000000000000000000000000000000000000000000000000000000000000700000000000000000000000007000000000000000000000000000000000000000000000700000000000000000000070000000000000000000000000000000000
310
00000007000000000000000000000000070000000000000000000000000000000000000000070000000000000000000000000700000000000007000000000000000000000000000000000000000700000000000000000000000000000000000000000000000000000000000000000000000000000000000000000000000000
310
00000000000000000000000000000000000000000000000000000000000000000000000000000000000000000000000000000000000000000000000000000000000000000000000000000000000000000000000000000000000000000000000000000000000000000000000000000000000000000000000000000000070000
310
00000000000000000000000000070000000000000700000000000000000000000000070000000000000700000000000000000000000007000000000000000007000000000000000000000000070000000000000000000000000700000000000000000000000000000000000000000000000000000000000000000700000000
310
00000000000000070000000000000000000000000007000000000000000700000000000000000000000000000000000000000000000000000000000000000000000000070000000000000000000000000700000000000000000000000000000000000000000007000000000000000000000700000000000000000000000000
310
00000000000000070000000000000000000000000007000000000000000000000000000000000000000007000000000000000000000007000000000000000700000000000000000000000000000000000000070000000000000000000000000000000000000000000000000000000000000000000000000000000000000000
310
00000000000000000000000000000000000000000000000000000000000000000000000000000000000000000000000000000000000000000000000000000000000000000000000000000000000000000000000000000000000000000000000000000000000000000000000000000000000000000000000000000000000000
310
00070000000000000000000000000000070000000000000007000000000000000000000000000700000000000007000000000000000000000000070000000000000000070000000000000000000000000700000000000000000000000007000000000000000000000000000000000000000000000000000000000000000007
310
00000000000000000000000700000000000000000000000000070000000000000007000000000000000000000000000000000000000000000000000000000000000000000000000700000000000000000000000007070707070707070707070707070000000000000000070000000000000000000007070707070707070707
310
07070707070000000000000700000000000000000000000000070707070707070707070707070700000000000000070000000000000000000000070000000000000007000000000000000000000000000000000000000707070707070707070707070707000000000000000000000000000000000000000000000000000000
310
00000000000000000000000000000000000000000000000000000000000000000000000000000000000000000000000000000000000000000000000000000000000000000000000000000000000000000000000000000000000000000000000000000000000000000000000000000000000000000000000000000000000000
310
00000000000700000000000000000000000000000700000000000000000700000000000000000000000007000000000000000700000000000000000000000700000000000000000707000000000000000000000000070000000000000000000000000700000000000000000000000000000000000000000000000000000000
310
00000000070000000000000000000000070000000000000000000000000700000000000000000700000000000000000000000000000000000000000000000000000000000000000000000007070000000000000000000000000700000000000000000000000007000000000000000007000000000000000000000700000000
310
00000000000000000700000000000000070000000000000000000000000007000000000000000000000000070000000000000700000000000000000000000007000000000000000700000000000000000000000000000000000000070000000000000000000000000700000000000000000000000000000000000000000000
310
00000000000000000000000000000000000000000000000000000000000000000000000000000000000000000000000000000000000000000000000000000000000000000000000000000000000000000000000000000000000000000000000000000000000000000000000000000000000000000000000000000000000000
310
00000000000000000000070000000000000000000000070700000000000000000007000000000000000000000000070000000000000007000000000000000000000007000000000000000007070000000000000000000000000700000000000000000000000007000000000000000000000000000000000000000000000000
310
00000000000000000700000000000000000000000700000000000000000000000007000000000000000007000000000000000000000000000000000000000000000000000000000000000000000000070700000000000000000000000007000000000000000000000000070000000000000000070000000000000000000007
310
00000000000000000000000007000000000000000700000000000000000000000000070000000000000000000000000700000000000007000000000000000000000000070000000000000007000000000000000000000000000000000000000700000000000000000000000007000000000000000000000000000000000000
310
00000000000000000000000000000000000000000000000000000000000000000000000000000000000000000000000000000000000000000000000000000000000000000000000000000000000000000000000000000000000000000000000000000000000000000000000000000000000000000000000000000000000000
310
00000000000000000000000000000707070707070707070707070000000000000000000000000700000000000000000000000700000000000000000700000000000000000000000700000000000000000707000000000000000000000000070000000000000000000000070000000000000000000000000000000000000000
310
00000000000000000000000007000000000000000000000000070000000000000000000000070000000000000000070700000000000000000000000000000000000000000000000000000000000000000000000007070000000000000000000000000700000000000000000000070000000000000000000700000000000000
310
00000000070000000000000000000000070000000000000007070000000000000000000000000007000000000000000000000700000000000000000707000000000000000000000700000000000000000700000000000000000000000700000000000000070000000000000000000007000000000000000000000000000000
310
00000000000000000000000000000000000000000000000000000000000000000000000000000000000000000000000000000000000000000000000000000000000000000000000000000000000000000000000000000000000000000000000000000000000000000000000000000000000000000000000000000000000000
310
00000000000000000000000000000000000007000000000000000000000007070700000000000000000000070000000000000000000700000000000000000000070000000000000000000707000000000000000007000707000000000000000000000007070000000000000000000700000000000000000000000000000000
310
00000000000000000000000000000000070000000000000000000000000007070000000000000000070000000000000000000700070700000000000000000000000000000000000000000000000000000000000000000000070007070000000000000000000000070700000000000000000700000000000000000007000000
310
00000000000000000007070000000000000000000700000000000000070007070000000000000000000000000707000000000000000007000000000000000007000707000000000000000700000000000000000000070700000000000000000700000000000000000007070000000000000000070000000000000000000000
310
00000000000000000000000000000000000000000000000000000000000000000000000000000000000000000000000000000000000000000000000000000000000000000000000000000000000000000000000000000000000000000000000000000000000000000000000000000000000000000000000000000000000000
310
00000000000000000000000000000000000000000000070000000000000000000000000000070000000000000000000007000000000000000700000000000000000000000007000000000000000700070000000000000000070000000700000000000000000000000007000000000000000700070000000000000000000000
310
00000000000000000000000000000000000000000007000000000000000000000000000007000000000000070000000000000000000000070000070000000000000000000000000000000000000000000000000000000000000000000700000007000000000000000000000000070000000000000007000000000000000000
310
00070000000000000000000000000007000000000000000700000000000000000007000007000000000000000000000000000700000000000007000000000000000000070000000700000000000007000000000000000000000000070000000000000700000000000000000000000007000000000000070000000000000000
310
00000000000000000000000000000000000000000000000000000000000000000000000000000000000000000000000000000000000000000000000000000000000000000000000000000000000000000000000000000000000000000000000000000000000000000000000000000000000000000000000000000000000000
310
00000000000000000000000000000000000000000000000000000007000000000000000000000000000007000000000000000000000707000000000700000000000000000000000000000707000000000700000007000000000000000007000000070000000000000000000000000700000000000700000700000000000000
310
00000000000000000000000000000000000000000000000000070000000000000000000000000000000700000000070000000000000000000000000700000007000000000000000000000000000000000000000000000000000000000000000000070000000700000000000000000000000007000000000007000000000000
310
00000000000700000000000000000000000000000707000000000700000000000000000000070000000707000000000000000000000000070000000007000000000000000000000007000000070000000007000000000000000000000000000007000000000700000000000000000000000000000700000000070000000000
310
00000000000000000000000000000000000000000000000000000000000000000000000000000000000000000000000000000000000000000000000000000000000000000000000000000000000000000000000000000000000000000000000000000000000000000000000000000000000000000000000000000000000000
310
00000000000000000000000000000000000000000000000000000000000000070000000000000000000000000000070000000000000000000000000707070700000000000000000000000000000000000707070700000000070000000000000000070000000007070707070000000000000000070707070700000007000000
310
00000000000000000000000000000000000000000000000000000707070707070707070000000000000000000000070707070700000000000000000000000007000000000707070707000000000000000000000000000000000000000000000000000000000700000000070707070000000000000000000707070707000000
310
00000000000007070707070707070000000000000000000000000707070700000000000000000000000700000000000707070700000000000000000007070707000000000000000000000000070000000007070707000000000000000000000000000000000707070700000000000000000000000000000000070707070000
310
00000000000000000000000000000000000000000000000000000000000000000000000000000000000000000000000000000000000000000000000000000000000000000000000000000000000000000000000000000000000000000000000000000000000000000000000000000000000000000000000000000000000000
310
00000000000000000000000000000000000000000000000000000000000000000000000700000000000000000000000000000007000000000000000000000000000000000000000000000000000000000000000000000000000000000000000000000000000000000000000000000000000000000000000000000000000000
310
07000000000000000000000000000000000000000000000000000000000000000007000000000000000000000000000000000000000000000000000000000000000000000000000000000000000000000000000000000000000000000000000000000000000000000000000000000000000000000000000000000000000000
310
00000000000000000000000000070000000000000000000000000000000000000000000000000000000000000000000000000000000000000000000000000000000000000000000000000000000000000000000000000000000000000000000000000000000000000000000000000000000000000000000000000000000000
310
00000000000000000000000000000000000000000000000000000000000000000000000000000000000000000000000000000000000000000000000000000000000000000000000000000000000000000000000000000000000000000000000000000000000000000000000000000000000000000000000000000000000000
310
00000000000000000000000000000000000000000000000000000000000000000000000000000007000000000000000000000000000000000700000000000000000000000000000000000000000000000000000000000000000000000000000000000000000000000000000000000000000000000000000000000000000000
310
00000000000700000000000000000000000000000000000000000000000000000000000000000700000000000000000000000000000000000000000000000000000000000000000000000000000000000000000000000000000000000000000000000000000000000000000000000000000000000000000000000000000000
310
00000000000000000000000000000000000007000000000000000000000000000000000000000000000000000000000000000000000000000000000000000000000000000000000000000000000000000000000000000000000000000000000000000000000000000000000000000000000000000000000000000000000000
310
00000000000000000000000000000000000000000000000000000000000000000000000000000000000000000000000000000000000000000000000000000000000000000000000000000000000000000000000000000000000000000000000000000000000000000000000000000000000000000000000000000000000000
310
00000000000000000000000000000000000000000000000000000000000000000000000000000000000000000700000000000000000000000000000007000000000000000000000000000000000000000000000000000000000000000000000000000000000000000000000000000000000000000000000000000000000000
310
00000000000000000007000000000000000000000000000000000000000000000000000000000000000007000000000000000000000000000000000000000000000000000000000000000000000000000000000000000000000000000000000000000000000000000000000000000000000000000000000000000000000000
310
00000000000000000000000000000000000000000000070000000000000000000000000000000000000000000000000000000000000000000000000000000000000000000000000000000000000000000000000000000000000000000000000000000000000000000000000000000000000000000000000000000000000000
310
00000000000000000000000000000000000000000000000000000000000000000000000000000000000000000000000000000000000000000000000000000000000000000000000000000000000000000000000000000000000000000000000000000000000000000000000000000000000000000000000000000000000000
310
00000000000000000000000000000000000000000000000000000000000000000000000000000000000000000000000007000000000000000000000000000007000000000000000000000000000000000000000000000000000000000000000000000000000000000000000000000000000000000000000000000000000000
310
00000000000000000000000000070000000000000000000000000000000000000000000000000000000000000000000700000000000000000000000000000000000000000000000000000000000000000000000000000000000000000000000000000000000000000000000000000000000000000000000000000000000000
310
00000000000000000000000000000000000000000000000000000007000000000000000000000000000000000000000000000000000000000000000000000000000000000000000000000000000000000000000000000000000000000000000000000000000000000000000000000000000000000000000000000000000000
310
00000000000000000000000000000000000000000000000000000000000000000000000000000000000000000000000000000000000000000000000000000000000000000000000000000000000000000000000000000000000000000000000000000000000000000000000000000000000000000000000000000000000000
310
00000000000000000000000000000000000000000000000000000000000000000000000000000000000000000000000000000000070000000000000000000000000000070000000000000000000000000000000000000000000000000000000000000000000000000000000000000000000000000000000000000000000000
310
00000000000000000000000000000000000700000000000000000000000000000000000000000000000000000000000000000007000000000000000000000000000000000000000000000000000000000000000000000000000000000000000000000000000000000000000000000000000000000000000000000000000000
310
00000000000000000000000000000000000000000000000000000000000000070000000000000000000000000000000000000000000000000000000000000000000000000000000000000000000000000000000000000000000000000000000000000000000000000000000000000000000000000000000000000000000000
310
00000000000000000000000000000000000000000000000000000000000000000000000000000000000000000000000000000000000000000000000000000000000000000000000000000000000000000000000000000000000000000000000000000000000000000000000000000000000000000000000000000000000000
310
00000000000000000000000000000000000000000000000000000000000000000000000000000000000000000000000000000000000000000700000000000000000000000000070000000000000000000000000000000000000000000000000000000000000000000000000000000000000000000000000000000000000000
310
00000000000000000000000000000000000000000000070000000000000000000000000000000000000000000000000000000000000000000700000000000000000000000000000000000000000000000000000000000000000000000000000000000000000000000000000000000000000000000000000000000000000000
310
00000000000000000000000000000000000000000000000000000000000000000000000007000000000000000000000000000000000000000000000000000000000000000000000000000000000000000000000000000000000000000000000000000000000000000000000000000000000000000000000000000000000000
310
00000000000000000000000000000000000000000000000000000000000000000000000000000000000000000000000000000000000000000000000000000000000000000000000000000000000000000000000000000000000000000000000000000000000000000000000000000000000000000000000000000000000000
310
00000000000000000000000000000000000000000000000000000000000000000000000000000000000000000000000000000000000000000000000000070000000000000000000007070000000000000000000000000000000000000000000000000000000000000000000000000000000000000000000000000000000000
310
00000000000000000000000000000000000000000000000000000700000000000000000000000000000000000000000000000000000000000000000000070700000000000000000000000000000000000000000000000000000000000000000000000000000000000000000000000000000000000000000000000000000000
310
00000000000000000000000000000000000000000000000000000000000000000000000000000000000707000000000000000000000000000000000000000000000000000000000000000000000000000000000000000000000000000000000000000000000000000000000000000000000000000000000000000000000000
310
00000000000000000000000000000000000000000000000000000000000000000000000000000000000000000000000000000000000000000000000000000000000000000000000000000000000000000000000000000000000000000000000000000000000000000000000000000000000000000000000000000000000000
310
00000000000000000000000000000000000000000000000000000000000000000000000000000000000000000000000000000000000000000000000000000000000707070707070707070707000000000000000000000000000000000000000000000000000000000000000000000000000000000000000000000000000000
310
00000000000000000000000000000000000000000000000000000000000007000000000000000000000000000000000000000000000000000000000000000000000000070707000000000000000000000000000000000000000000000000000000000000000000000000000000000000000000000000000000000000000000
310
00000000000000000000000000000000000000000000000000000000000000000000000000000000000000000000000707070000000000000000000000000000000000000000000000000000000000000000000000000000000000000000000000000000000000000000000000000000000000000000000000000000000000
310
00000000000000000000000000000000000000000000000000000000000000000000000000000000000000000000000000000000000000000000000000000000000000000000000000000000000000000000000000000000000000000000000000000000000000000000000000000000000000000000000000000000000000
310
00000000000000000000000000000000000000000000000000000000000000000000000000000000000000000000000000000000000000000000000000000000000000000000000000000000000000000000000000000000000000000000000000000000000000000000000000000000000000000000000000000000000000
310
00000000000000000000000000000000000000000000000000000000000000000000000000000000000000000000000000000000000000000000000000000000000000000000000000000000000000000000000000000000000000000000000000000000000000000000000000000000000000000000000000000000000000
310
00000000000000000000000000000000000000000000000000000000000000000000000000000000000000000000000000000000000000000000000000000000000000000000000000000000000000000000000000000000000000000000000000000000000000000000000000000000000000000000000000000000000000
310
00000000000000000000000000000000000000000000000000000000000000000000000000000000000000000000000000000000000000000000000000000000000000000000000000000000000000000000000000000000000000000000000000000000000000000000000000000000000000000000000000000000000000
310
00000000000000000000000000000000000000000000000000000000000000000000000000000000000000000000000000000000000000000000000000000000000000000000000000000000000000000000000000000000000000000000000000000000000000000000000000000000000000000000000000000000000000
310
00000000000000000000000000000000000000000000000000000000000000000000000000000000000000000000000000000000000000000000000000000000000000000000000000000000000000000000000000000000000000000000000000000000000000000000000000000000000000000000000000000000000000
310
00000000000000000000000000000000000000000000000000000000000000000000000000000000000000000000000000000000000000000000000000000000000000000000000000000000000000000000000000000000000000000000000000000000000000000000000000000000000000000000000000000000000000
310
00000000000000000000000000000000000000000000000000000000000000000000000000000000000000000000000000000000000000000000000000000000000000000000000000000000000000000000000000000000000000000000000000000000000000000000000000000000000000000000000000000000000000
310
00000000000000000000000000000000000000000000000000000000000000000000000000000000000000000000000000000000000000000000000000000000000000000000000000000000000000000000000000000000000000000000000000000000000000000000000000000000000000000000000000000000000000
310
00000000000000000000000000000000000000000000000000000000000000000000000000000000000000000000000000000000000000000000000000000000000000000000000000000000000000000000000000000000000000000000000000000000000000000000000000000000000000000000000000000000000000
310
00000000000000000000000000000000000000000000000000000000000000000000000000000000000000000000000000000000000000000000000000000000000000000000000000000000000000000000000000000000000000000000000000000000000000000000000000000000000000000000000000000000000000
310
00000000000000000000000000000000000000000000000000000000000000000000000000000000000000000000000000000000000000000000000000000000000000000000000000000000000000000000000000000000000000000000000000000000000000000000000000000000000000000000000000000000000000
310
00000000000000000000000000000000000000000000000000000000000000000000000000000000000000000000000000000000000000000000000000000000000000000000000000000000000000000000000000000000000000000000000000000000000000000000000000000000000000000000000000000000000000
310
00000000000000000000000000000000000000000000000000000000000000000000000000000000000000000000000000000000000000000000000000000000000000000000000000000000000000000000000000000000000000000000000000000000000000000000000000000000000000000000000000000000000000
310
00000000000000000000000000000000000000000000000000000000000000000000000000000000000000000000000000000000000000000000000000000000000000000000000000000000000000000000000000000000000000000000000000000000000000000000000000000000000000000000000000000000000000
310
00000000000000000000000000000000000000000000000000000000000000000000000000000000000000000000000000000000000000000000000000000000000000000000000000000000000000000000000000000000000000000000000000000000000000000000000000000000000000000000000000000000000000
310
00000000000000000000000000000000000000000000000000000000000000000000000000000000000000000000000000000000000000000000000000000000000000000000000000000000000000000000000000000000000000000000000000000000000000000000000000000000000000000000000000000000000000
310
00000000000000000000000000000000000000000000000000000000000000000000000000000000000000000000000000000000000000000000000000000000000000000000000000000000000000000000000000000000000000000000000000000000000000000000000000000000000000000000000000000000000000
310
00000000000000000000000000000000000000000000000000000000000000000000000000000000000000000000000000000000000000000000000000000000000000000000000000000000000000000000000000000000000000000000000000000000000000000000000000000000000000000000000000000000000000
310
00000000000000000000000000000000000000000000000000000000000000000000000000000000000000000000000000000000000000000000000000000000000000000000000000000000000000000000000000000000000000000000000000000000000000000000000000000000000000000000000000000000000000
310
00000000000000000000000000000000000000000000000000000000000000000000000000000000000000000000000000000000000000000000000000000000000000000000000000000000000000000000000000000000000000000000000000000000000000000000000000000000000000000000000000000000000000
310
00000000000000000000000000000000000000000000000000000000000000000000000000000000000000000000000000000000000000000000000000000000000000000000000000000000000000000000000000000000000000000000000000000000000000000000000000000000000000000000000000000000000000
310
00000000000000000000000000000000000000000000000000000000000000000000000000000000000000000000000000000000000000000000000000000000000000000000000000000000000000000000000000000000000000000000000000000000000000000000000000000000000000000000000000000000000000
310
00000000000000000000000000000000000000000000000000000000000000000000000000000000000000000000000000000000000000000000000000000000000000000000000000000000000000000000000000000000000000000000000000000000000000000000000000000000000000000000000000000000000000
310
00000000000000000000000000000000000000000000000000000000000000000000000000000000000000000000000000000000000000000000000000000000000000000000000000000000000000000000000000000000000000000000000000000000000000000000000000000000000000000000000000000000000000
310
00000000000000000000000000000000000000000000000000000000000000000000000000000000000000000000000000000000000000000000000000000000000000000000000000000000000000000000000000000000000000000000000000000000000000000000000000000000000000000000000000000000000000
310
00000000000000000000000000000000000000000000000000000000000000000000000000000000000000000000000000000000000000000000000000000000000000000000000000000000000000000000000000000000000000000000000000000000000000000000000000000000000000000000000000000000000000
310
00000000000000000000000000000000000000000000000000000000000000000000000000000000000000000000000000000000000000000000000000000000000000000000000000000000000000000000000000000000000000000000000000000000000000000000000000000000000000000000000000000000000000
310
00000000000000000000000000000000000000000000000000000000000000000000000000000000000000000000000000000000000000000000000000000000000000000000000000000000000000000000000000000000000000000000000000000000000000000000000000000000000000000000000000000000000000
310
00000000000000000000000000000000000000000000000000000000000000000000000000000000000000000000000000000000000000000000000000000000000000000000000000000000000000000000000000000000000000000000000000000000000000000000000000000000000000000000000000000000000000
310
00000000000000000000000000000000000000000000000000000000000000000000000000000000000000000000000000000000000000000000000000000000000000000000000000000000000000000000000000000000000000000000000000000000000000000000000000000000000000000000000000000000000000
310
00000000000000000000000000000000000000000000000000000000000000000000000000000000000000000000000000000000000000000000000000000000000000000000000000000000000000000000000000000000000000000000000000000000000000000000000000000000000000000000000000000000000000
310
00000000000000000000000000000000000000000000000000000000000000000000000000000000000000000000000000000000000000000000000000000000000000000000000000000000000000000000000000000000000000000000000000000000000000000000000000000000000000000000000000000000000000
310
00000000000000000000000000000000000000000000000000000000000000000000000000000000000000000000000000000000000000000000000000000000000000000000000000000000000000000000000000000000000000000000000000000000000000000000000000000000000000000000000000000000000000
310
00000000000000000000000000000000000000000000000000000000000000000000000000000000000000000000000000000000000000000000000000000000000000000000000000000000000000000000000000000000000000000000000000000000000000000000000000000000000000000000000000000000000000
310
00000000000000000000000000000000000000000000000000000000000000000000000000000000000000000000000000000000000000000000000000000000000000000000000000000000000000000000000000000000000000000000000000000000000000000000000000000000000000000000000000000000000000
310
00000000000000000000000000000000000000000000000000000000000000000000000000000000000000000000000000000000000000000000000000000000000000000000000000000000000000000000000000000000000000000000000000000000000000000000000000000000000000000000000000000000000000
310
00000000000000000000000000000000000000000000000000000000000000000000000000000000000000000000000000000000000000000000000000000000000000000000000000000000000000000000000000000000000000000000000000000000000000000000000000000000000000000000000000000000000000
310
00000000000000000000000000000000000000000000000000000000000000000000000000000000000000000000000000000000000000000000000000000000000000000000000000000000000000000000000000000000000000000000000000000000000000000000000000000000000000000000000000000000000000
310
00000000000000000000000000000000000000000000000000000000000000000000000000000000000000000000000000000000000000000000000000000000000000000000000000000000000000000000000000000000000000000000000000000000000000000000000000000000000000000000000000000000000000
310
00000000000000000000000000000000000000000000000000000000000000000000000000000000000000000000000000000000000000000000000000000000000000000000000000000000000000000000000000000000000000000000000000000000000000000000000000000000000000000000000000000000000000
310
00000000000000000000000000000000000000000000000000000000000000000000000000000000000000000000000000000000000000000000000000000000000000000000000000000000000000000000000000000000000000000000000000000000000000000000000000000000000000000000000000000000000000
310
00000000000000000000000000000000000000000000000000000000000000000000000000000000000000000000000000000000000000000000000000000000000000000000000000000000000000000000000000000000000000000000000000000000000000000000000000000000000000000000000000000000000000
310
00000000000000000000000000000000000000000000000000000000000000000000000000000000000000000000000000000000000000000000000000000000000000000000000000000000000000000000000000000000000000000000000000000000000000000000000000000000000000000000000000000000000000
310
00000000000000000000000000000000000000000000000000000000000000000000000000000000000000000000000000000000000000000000000000000000000000000000000000000000000000000000000000000000000000000000000000000000000000000000000000000000000000000000000000000000000000
310
00000000000000000000000000000000000000000000000000000000000000000000000000000000000000000000000000000000000000000000000000000000000000000000000000000000000000000000000000000000000000000000000000000000000000000000000000000000000000000000000000000000000000
310
00000000000000000000000000000000000000000000000000000000000000000000000000000000000000000000000000000000000000000000000000000000000000000000000000000000000000000000000000000000000000000000000000000000000000000000000000000000000000000000000000000000000000
310
00000000000000000000000000000000000000000000000000000000000000000000000000000000000000000000000000000000000000000000000000000000000000000000000000000000000000000000000000000000000000000000000000000000000000000000000000000000000000000000000000000000000000
310
00000000000000000000000000000000000000000000000000000000000000000000000000000000000000000000000000000000000000000000000000000000000000000000000000000000000000000000000000000000000000000000000000000000000000000000000000000000000000000000000000000000000000
310
00000000000000000000000000000000000000000000000000000000000000000000000000000000000000000000000000000000000000000000000000000000000000000000000000000000000000000000000000000000000000000000000000000000000000000000000000000000000000000000000000000000000000
310
00000000000000000000000000000000000000000000000000000000000000000000000000000000000000000000000000000000000000000000000000000000000000000000000000000000000000000000000000000000000000000000000000000000000000000000000000000000000000000000000000000000000000
310
00000000000000000000000000000000000000000000000000000000000000000000000000000000000000000000000000000000000000000000000000000000000000000000000000000000000000000000000000000000000000000000000000000000000000000000000000000000000000000000000000000000000000
310
00000000000000000000000000000000000000000000000000000000000000000000000000000000000000000000000000000000000000000000000000000000000000000000000000000000000000000000000000000000000000000000000000000000000000000000000000000000000000000000000000000000000000
310
00000000000000000000000000000000000000000000000000000000000000000000000000000000000000000000000000000000000000000000000000000000000000000000000000000000000000000000000000000000000000000000000000000000000000000000000000000000000000000000000000000000000000
310
00000000000000000000000000000000000000000000000000000000000000000000000000000000000000000000000000000000000000000000000000000000000000000000000000000000000000000000000000000000000000000000000000000000000000000000000000000000000000000000000000000000000000
310
00000000000000000000000000000000000000000000000000000000000000000000000000000000000000000000000000000000000000000000000000000000000000000000000000000000000000000000000000000000000000000000000000000000000000000000000000000000000000000000000000000000000000
310
00000000000000000000000000000000000000000000000000000000000000000000000000000000000000000000000000000000000000000000000000000000000000000000000000000000000000000000000000000000000000000000000000000000000000000000000000000000000000000000000000000000000000
310
00000000000000000000000000000000000000000000000000000000000000000000000000000000000000000000000000000000000000000000000000000000000000000000000000000000000000000000000000000000000000000000000000000000000000000000000000000000000000000000000000000000000000
310
00000000000000000000000000000000000000000000000000000000000000000000000000000000000000000000000000000000000000000000000000000000000000000000000000000000000000000000000000000000000000000000000000000000000000000000000000000000000000000000000000000000000000
310
00000000000000000000000000000000000000000000000000000000000000000000000000000000000000000000000000000000000000000000000000000000000000000000000000000000000000000000000000000000000000000000000000000000000000000000000000000000000000000000000000000000000000
310
00000000000000000000000000000000000000000000000000000000000000000000000000000000000000000000000000000000000000000000000000000000000000000000000000000000000000000000000000000000000000000000000000000000000000000000000000000000000000000000000000000000000000
310
00000000000000000000000000000000000000000000000000000000000000000000000000000000000000000000000000000000000000000000000000000000000000000000000000000000000000000000000000000000000000000000000000000000000000000000000000000000000000000000000000000000000000
310
00000000000000000000000000000000000000000000000000000000000000000000000000000000000000000000000000000000000000000000000000000000000000000000000000000000000000000000000000000000000000000000000000000000000000000000000000000000000000000000000000000000000000
310
00000000000000000000000000000000000000000000000000000000000000000000000000000000000000000000000000000000000000000000000000000000000000000000000000000000000000000000000000000000000000000000000000000000000000000000000000000000000000000000000000000000000000
310
00000000000000000000000000000000000000000000000000000000000000000000000000000000000000000000000000000000000000000000000000000000000000000000000000000000000000000000000000000000000000000000000000000000000000000000000000000000000000000000000000000000000000
310
00000000000000000000000000000000000000000000000000000000000000000000000000000000000000000000000000000000000000000000000000000000000000000000000000000000000000000000000000000000000000000000000000000000000000000000000000000000000000000000000000000000000000
310
00000000000000000000000000000000000000000000000000000000000000000000000000000000000000000000000000000000000000000000000000000000000000000000000000000000000000000000000000000000000000000000000000000000000000000000000000000000000000000000000000000000000000
310
00000000000000000000000000000000000000000000000000000000000000000000000000000000000000000000000000000000000000000000000000000000000000000000000000000000000000000000000000000000000000000000000000000000000000000000000000000000000000000000000000000000000000
310
00000000000000000000000000000000000000000000000000000000000000000000000000000000000000000000000000000000000000000000000000000000000000000000000000000000000000000000000000000000000000000000000000000000000000000000000000000000000000000000000000000000000000
310
00000000000000000000000000000000000000000000000000000000000000000000000000000000000000000000000000000000000000000000000000000000000000000000000000000000000000000000000000000000000000000000000000000000000000000000000000000000000000000000000000000000000000
310
00000000000000000000000000000000000000000000000000000000000000000000000000000000000000000000000000000000000000000000000000000000000000000000000000000000000000000000000000000000000000000000000000000000000000000000000000000000000000000000000000000000000000
310
00000000000000000000000000000000000000000000000000000000000000000000000000000000000000000000000000000000000000000000000000000000000000000000000000000000000000000000000000000000000000000000000000000000000000000000000000000000000000000000000000000000000000
310
00000000000000000000000000000000000000000000000000000000000000000000000000000000000000000000000000000000000000000000000000000000000000000000000000000000000000000000000000000000000000000000000000000000000000000000000000000000000000000000000000000000000000
310
00000000000000000000000000000000000000000000000000000000000000000000000000000000000000000000000000000000000000000000000000000000000000000000000000000000000000000000000000000000000000000000000000000000000000000000000000000000000000000000000000000000000000
310
00000000000000000000000000000000000000000000000000000000000000000000000000000000000000000000000000000000000000000000000000000000000000000000000000000000000000000000000000000000000000000000000000000000000000000000000000000000000000000000000000000000000000
310
00000000000000000000000000000000000000000000000000000000000000000000000000000000000000000000000000000000000000000000000000000000000000000000000000000000000000000000000000000000000000000000000000000000000000000000000000000000000000000000000000000000000000
310
00000000000000000000000000000000000000000000000000000000000000000000000000000000000000000000000000000000000000000000000000000000000000000000000000000000000000000000000000000000000000000000000000000000000000000000000000000000000000000000000000000000000000
310
00000000000000000000000000000000000000000000000000000000000000000000000000000000000000000000000000000000000000000000000000000000000000000000000000000000000000000000000000000000000000000000000000000000000000000000000000000000000000000000000000000000000000
310
00000000000000000000000000000000000000000000000000000000000000000000000000000000000000000000000000000000000000000000000000000000000000000000000000000000000000000000000000000000000000000000000000000000000000000000000000000000000000000000000000000000000000
310
00000000000000000000000000000000000000000000000000000000000000000000000000000000000000000000000000000000000000000000000000000000000000000000000000000000000000000000000000000000000000000000000000000000000000000000000000000000000000000000000000000000000000
310
00000000000000000000000000000000000000000000000000000000000000000000000000000000000000000000000000000000000000000000000000000000000000000000000000000000000000000000000000000000000000000000000000000000000000000000000000000000000000000000000000000000000000
310
00000000000000000000000000000000000000000000000000000000000000000000000000000000000000000000000000000000000000000000000000000000000000000000000000000000000000000000000000000000000000000000000000000000000000000000000000000000000000000000000000000000000000
310
00000000000000000000000000000000000000000000000000000000000000000000000000000000000000000000000000000000000000000000000000000000000000000000000000000000000000000000000000000000000000000000000000000000000000000000000000000000000000000000000000000000000000
310
00000000000000000000000000000000000000000000000000000000000000000000000000000000000000000000000000000000000000000000000000000000000000000000000000000000000000000000000000000000000000000000000000000000000000000000000000000000000000000000000000000000000000
310
00000000000000000000000000000000000000000000000000000000000000000000000000000000000000000000000000000000000000000000000000000000000000000000000000000000000000000000000000000000000000000000000000000000000000000000000000000000000000000000000000000000000000
310
00000000000000000000000000000000000000000000000000000000000000000000000000000000000000000000000000000000000000000000000000000000000000000000000000000000000000000000000000000000000000000000000000000000000000000000000000000000000000000000000000000000000000
310
00000000000000000000000000000000000000000000000000000000000000000000000000000000000000000000000000000000000000000000000000000000000000000000000000000000000000000000000000000000000000000000000000000000000000000000000000000000000000000000000000000000000000
310
00000000000000000000000000000000000000000000000000000000000000000000000000000000000000000000000000000000000000000000000000000000000000000000000000000000000000000000000000000000000000000000000000000000000000000000000000000000000000000000000000000000000000
310
00000000000000000000000000000000000000000000000000000000000000000000000000000000000000000000000000000000000000000000000000000000000000000000000000000000000000000000000000000000000000000000000000000000000000000000000000000000000000000000000000000000000000
310
00000000000000000000000000000000000000000000000000000000000000000000000000000000000000000000000000000000000000000000000000000000000000000000000000000000000000000000000000000000000000000000000000000000000000000000000000000000000000000000000000000000000000
310
00000000000000000000000000000000000000000000000000000000000000000000000000000000000000000000000000000000000000000000000000000000000000000000000000000000000000000000000000000000000000000000000000000000000000000000000000000000000000000000000000000000000000
310
00000000000000000000000000000000000000000000000000000000000000000000000000000000000000000000000000000000000000000000000000000000000000000000000000000000000000000000000000000000000000000000000000000000000000000000000000000000000000000000000000000000000000
310
00000000000000000000000000000000000000000000000000000000000000000000000000000000000000000000000000000000000000000000000000000000000000000000000000000000000000000000000000000000000000000000000000000000000000000000000000000000000000000000000000000000000000
310
00000000000000000000000000000000000000000000000000000000000000000000000000000000000000000000000000000000000000000000000000000000000000000000000000000000000000000000000000000000000000000000000000000000000000000000000000000000000000000000000000000000000000
310
00000000000000000000000000000000000000000000000000000000000000000000000000000000000000000000000000000000000000000000000000000000000000000000000000000000000000000000000000000000000000000000000000000000000000000000000000000000000000000000000000000000000000
310
00000000000000000000000000000000000000000000000000000000000000000000000000000000000000000000000000000000000000000000000000000000000000000000000000000000000000000000000000000000000000000000000000000000000000000000000000000000000000000000000000000000000000
310
00000000000000000000000000000000000000000000000000000000000000000000000000000000000000000000000000000000000000000000000000000000000000000000000000000000000000000000000000000000000000000000000000000000000000000000000000000000000000000000000000000000000000
310
00000000000000000000000000000000000000000000000000000000000000000000000000000000000000000000000000000000000000000000000000000000000000000000000000000000000000000000000000000000000000000000000000000000000000000000000000000000000000000000000000000000000000
310
00000000000000000000000000000000000000000000000000000000000000000000000000000000000000000000000000000000000000000000000000000000000000000000000000000000000000000000000000000000000000000000000000000000000000000000000000000000000000000000000000000000000000
310
00000000000000000000000000000000000000000000000000000000000000000000000000000000000000000000000000000000000000000000000000000000000000000000000000000000000000000000000000000000000000000000000000000000000000000000000000000000000000000000000000000000000000
310
00000000000000000000000000000000000000000000000000000000000000000000000000000000000000000000000000000000000000000000000000000000000000000000000000000000000000000000000000000000000000000000000000000000000000000000000000000000000000000000000000000000000000
310
00000000000000000000000000000000000000000000000000000000000000000000000000000000000000000000000000000000000000000000000000000000000000000000000000000000000000000000000000000000000000000000000000000000000000000000000000000000000000000000000000000000000000
310
00000000000000000000000000000000000000000000000000000000000000000000000000000000000000000000000000000000000000000000000000000000000000000000000000000000000000000000000000000000000000000000000000000000000000000000000000000000000000000000000000000000000000
310
00000000000000000000000000000000000000000000000000000000000000000000000000000000000000000000000000000000000000000000000000000000000000000000000000000000000000000000000000000000000000000000000000000000000000000000000000000000000000000000000000000000000000
310
00000000000000000000000000000000000000000000000000000000000000000000000000000000000000000000000000000000000000000000000000000000000000000000000000000000000000000000000000000000000000000000000000000000000000000000000000000000000000000000000000000000000000
310
00000000000000000000000000000000000000000000000000000000000000000000000000000000000000000000000000000000000000000000000000000000000000000000000000000000000000000000000000000000000000000000000000000000000000000000000000000000000000000000000000000000000000
310
00000000000000000000000000000000000000000000000000000000000000000000000000000000000000000000000000000000000000000000000000000000000000000000000000000000000000000000000000000000000000000000000000000000000000000000000000000000000000000000000000000000000000
310
00000000000000000000000000000000000000000000000000000000000000000000000000000000000000000000000000000000000000000000000000000000000000000000000000000000000000000000000000000000000000000000000000000000000000000000000000000000000000000000000000000000000000
310
00000000000000000000000000000000000000000000000000000000000000000000000000000000000000000000000000000000000000000000000000000000000000000000000000000000000000000000000000000000000000000000000000000000000000000000000000000000000000000000000000000000000000
310
00000000000000000000000000000000000000000000000000000000000000000000000000000000000000000000000000000000000000000000000000000000000000000000000000000000000000000000000000000000000000000000000000000000000000000000000000000000000000000000000000000000000000
310
00000000000000000000000000000000000000000000000000000000000000000000000000000000000000000000000000000000000000000000000000000000000000000000000000000000000000000000000000000000000000000000000000000000000000000000000000000000000000000000000000000000000000
310
00000000000000000000000000000000000000000000000000000000000000000000000000000000000000000000000000000000000000000000000000000000000000000000000000000000000000000000000000000000000000000000000000000000000000000000000000000000000000000000000000000000000000
310
00000000000000000000000000000000000000000000000000000000000000000000000000000000000000000000000000000000000000000000000000000000000000000000000000000000000000000000000000000000000000000000000000000000000000000000000000000000000000000000000000000000000000
310
00000000000000000000000000000000000000000000000000000000000000000000000000000000000000000000000000000000000000000000000000000000000000000000000000000000000000000000000000000000000000000000000000000000000000000000000000000000000000000000000000000000000000
310
00000000000000000000000000000000000000000000000000000000000000000000000000000000000000000000000000000000000000000000000000000000000000000000000000000000000000000000000000000000000000000000000000000000000000000000000000000000000000000000000000000000000000
310
00000000000000000000000000000000000000000000000000000000000000000000000000000000000000000000000000000000000000000000000000000000000000000000000000000000000000000000000000000000000000000000000000000000000000000000000000000000000000000000000000000000000000
310
00000000000000000000000000000000000000000000000000000000000000000000000000000000000000000000000000000000000000000000000000000000000000000000000000000000000000000000000000000000000000000000000000000000000000000000000000000000000000000000000000000000000000
310
00000000000000000000000000000000000000000000000000000000000000000000000000000000000000000000000000000000000000000000000000000000000000000000000000000000000000000000000000000000000000000000000000000000000000000000000000000000000000000000000000000000000000
310
00000000000000000000000000000000000000000000000000000000000000000000000000000000000000000000000000000000000000000000000000000000000000000000000000000000000000000000000000000000000000000000000000000000000000000000000000000000000000000000000000000000000000
310
00000000000000000000000000000000000000000000000000000000000000000000000000000000000000000000000000000000000000000000000000000000000000000000000000000000000000000000000000000000000000000000000000000000000000000000000000000000000000000000000000000000000000
310
00000000000000000000000000000000000000000000000000000000000000000000000000000000000000000000000000000000000000000000000000000000000000000000000000000000000000000000000000000000000000000000000000000000000000000000000000000000000000000000000000000000000000
310
00000000000000000000000000000000000000000000000000000000000000000000000000000000000000000000000000000000000000000000000000000000000000000000000000000000000000000000000000000000000000000000000000000000000000000000000000000000000000000000000000000000000000
310
00000000000000000000000000000000000000000000000000000000000000000000000000000000000000000000000000000000000000000000000000000000000000000000000000000000000000000000000000000000000000000000000000000000000000000000000000000000000000000000000000000000000000
310
00000000000000000000000000000000000000000000000000000000000000000000000000000000000000000000000000000000000000000000000000000000000000000000000000000000000000000000000000000000000000000000000000000000000000000000000000000000000000000000000000000000000000
310
00000000000000000000000000000000000000000000000000000000000000000000000000000000000000000000000000000000000000000000000000000000000000000000000000000000000000000000000000000000000000000000000000000000000000000000000000000000000000000000000000000000000000
310
00000000000000000000000000000000000000000000000000000000000000000000000000000000000000000000000000000000000000000000000000000000000000000000000000000000000000000000000000000000000000000000000000000000000000000000000000000000000000000000000000000000000000
310
00000000000000000000000000000000000000000000000000000000000000000000000000000000000000000000000000000000000000000000000000000000000000000000000000000000000000000000000000000000000000000000000000000000000000000000000000000000000000000000000000000000000000
310
00000000000000000000000000000000000000000000000000000000000000000000000000000000000000000000000000000000000000000000000000000000000000000000000000000000000000000000000000000000000000000000000000000000000000000000000000000000000000000000000000000000000000
310
00000000000000000000000000000000000000000000000000000000000000000000000000000000000000000000000000000000000000000000000000000000000000000000000000000000000000000000000000000000000000000000000000000000000000000000000000000000000000000000000000000000000000
310
00000000000000000000000000000000000000000000000000000000000000000000000000000000000000000000000000000000000000000000000000000000000000000000000000000000000000000000000000000000000000000000000000000000000000000000000000000000000000000000000000000000000000
310
00000000000000000000000000000000000000000000000000000000000000000000000000000000000000000000000000000000000000000000000000000000000000000000000000000000000000000000000000000000000000000000000000000000000000000000000000000000000000000000000000000000000000
310
00000000000000000000000000000000000000000000000000000000000000000000000000000000000000000000000000000000000000000000000000000000000000000000000000000000000000000000000000000000000000000000000000000000000000000000000000000000000000000000000000000000000000
310
00000000000000000000000000000000000000000000000000000000000000000000000000000000000000000000000000000000000000000000000000000000000000000000000000000000000000000000000000000000000000000000000000000000000000000000000000000000000000000000000000000000000000
310
00000000000000000000000000000000000000000000000000000000000000000000000000000000000000000000000000000000000000000000000000000000000000000000000000000000000000000000000000000000000000000000000000000000000000000000000000000000000000000000000000000000000000
310
00000000000000000000000000000000000000000000000000000000000000000000000000000000000000000000000000000000000000000000000000000000000000000000000000000000000000000000000000000000000000000000000000000000000000000000000000000000000000000000000000000000000000
310
00000000000000000000000000000000000000000000000000000000000000000000000000000000000000000000000000000000000000000000000000000000000000000000000000000000000000000000000000000000000000000000000000000000000000000000000000000000000000000000000000000000000000
310
00000000000000000000000000000000000000000000000000000000000000000000000000000000000000000000000000000000000000000000000000000000000000000000000000000000000000000000000000000000000000000000000000000000000000000000000000000000000000000000000000000000000000
310
00000000000000000000000000000000000000000000000000000000000000000000000000000000000000000000000000000000000000000000000000000000000000000000000000000000000000000000000000000000000000000000000000000000000000000000000000000000000000000000000000000000000000
310
00000000000000000000000000000000000000000000000000000000000000000000000000000000000000000000000000000000000000000000000000000000000000000000000000000000000000000000000000000000000000000000000000000000000000000000000000000000000000000000000000000000000000
310
00000000000000000000000000000000000000000000000000000000000000000000000000000000000000000000000000000000000000000000000000000000000000000000000000000000000000000000000000000000000000000000000000000000000000000000000000000000000000000000000000000000000000
310
00000000000000000000000000000000000000000000000000000000000000000000000000000000000000000000000000000000000000000000000000000000000000000000000000000000000000000000000000000000000000000000000000000000000000000000000000000000000000000000000000000000000000
310
00000000000000000000000000000000000000000000000000000000000000000000000000000000000000000000000000000000000000000000000000000000000000000000000000000000000000000000000000000000000000000000000000000000000000000000000000000000000000000000000000000000000000
310
00000000000000000000000000000000000000000000000000000000000000000000000000000000000000000000000000000000000000000000000000000000000000000000000000000000000000000000000000000000000000000000000000000000000000000000000000000000000000000000000000000000000000
310
00000000000000000000000000000000000000000000000000000000000000000000000000000000000000000000000000000000000000000000000000000000000000000000000000000000000000000000000000000000000000000000000000000000000000000000000000000000000000000000000000000000000000
310
00000000000000000000000000000000000000000000000000000000000000000000000000000000000000000000000000000000000000000000000000000000000000000000000000000000000000000000000000000000000000000000000000000000000000000000000000000000000000000000000000000000000000
310
00000000000000000000000000000000000000000000000000000000000000000000000000000000000000000000000000000000000000000000000000000000000000000000000000000000000000000000000000000000000000000000000000000000000000000000000000000000000000000000000000000000000000
310
00000000000000000000000000000000000000000000000000000000000000000000000000000000000000000000000000000000000000000000000000000000000000000000000000000000000000000000000000000000000000000000000000000000000000000000000000000000000000000000000000000000000000
310
00000000000000000000000000000000000000000000000000000000000000000000000000000000000000000000000000000000000000000000000000000000000000000000000000000000000000000000000000000000000000000000000000000000000000000000000000000000000000000000000000000000000000
310
00000000000000000000000000000000000000000000000000000000000000000000000000000000000000000000000000000000000000000000000000000000000000000000000000000000000000000000000000000000000000000000000000000000000000000000000000000000000000000000000000000000000000
310
00000000000000000000000000000000000000000000000000000000000000000000000000000000000000000000000000000000000000000000000000000000000000000000000000000000000000000000000000000000000000000000000000000000000000000000000000000000000000000000000000000000000000
310
00000000000000000000000000000000000000000000000000000000000000000000000000000000000000000000000000000000000000000000000000000000000000000000000000000000000000000000000000000000000000000000000000000000000000000000000000000000000000000000000000000000000000
310
00000000000000000000000000000000000000000000000000000000000000000000000000000000000000000000000000000000000000000000000000000000000000000000000000000000000000000000000000000000000000000000000000000000000000000000000000000000000000000000000000000000000000
310
00000000000000000000000000000000000000000000000000000000000000000000000000000000000000000000000000000000000000000000000000000000000000000000000000000000000000000000000000000000000000000000000000000000000000000000000000000000000000000000000000000000000000
310
00000000000000000000000000000000000000000000000000000000000000000000000000000000000000000000000000000000000000000000000000000000000000000000000000000000000000000000000000000000000000000000000000000000000000000000000000000000000000000000000000000000000000
310
00000000000000000000000000000000000000000000000000000000000000000000000000000000000000000000000000000000000000000000000000000000000000000000000000000000000000000000000000000000000000000000000000000000000000000000000000000000000000000000000000000000000000
310
00000000000000000000000000000000000000000000000000000000000000000000000000000000000000000000000000000000000000000000000000000000000000000000000000000000000000000000000000000000000000000000000000000000000000000000000000000000000000000000000000000000000000
310
00000000000000000000000000000000000000000000000000000000000000000000000000000000000000000000000000000000000000000000000000000000000000000000000000000000000000000000000000000000000000000000000000000000000000000000000000000000000000000000000000000000000000
310
00000000000000000000000000000000000000000000000000000000000000000000000000000000000000000000000000000000000000000000000000000000000000000000000000000000000000000000000000000000000000000000000000000000000000000000000000000000000000000000000000000000000000
310
00000000000000000000000000000000000000000000000000000000000000000000000000000000000000000000000000000000000000000000000000000000000000000000000000000000000000000000000000000000000000000000000000000000000000000000000000000000000000000000000000000000000000
310
00000000000000000000000000000000000000000000000000000000000000000000000000000000000000000000000000000000000000000000000000000000000000000000000000000000000000000000000000000000000000000000000000000000000000000000000000000000000000000000000000000000000000
310
00000000000000000000000000000000000000000000000000000000000000000000000000000000000000000000000000000000000000000000000000000000000000000000000000000000000000000000000000000000000000000000000000000000000000000000000000000000000000000000000000000000000000
310
00000000000000000000000000000000000000000000000000000000000000000000000000000000000000000000000000000000000000000000000000000000000000000000000000000000000000000000000000000000000000000000000000000000000000000000000000000000000000000000000000000000000000
310
00000000000000000000000000000000000000000000000000000000000000000000000000000000000000000000000000000000000000000000000000000000000000000000000000000000000000000000000000000000000000000000000000000000000000000000000000000000000000000000000000000000000000
310
00000000000000000000000000000000000000000000000000000000000000000000000000000000000000000000000000000000000000000000000000000000000000000000000000000000000000000000000000000000000000000000000000000000000000000000000000000000000000000000000000000000000000
310
00000000000000000000000000000000000000000000000000000000000000000000000000000000000000000000000000000000000000000000000000000000000000000000000000000000000000000000000000000000000000000000000000000000000000000000000000000000000000000000000000000000000000
310
00000000000000000000000000000000000000000000000000000000000000000000000000000000000000000000000000000000000000000000000000000000000000000000000000000000000000000000000000000000000000000000000000000000000000000000000000000000000000000000000000000000000000
310
00000000000000000000000000000000000000000000000000000000000000000000000000000000000000000000000000000000000000000000000000000000000000000000000000000000000000000000000000000000000000000000000000000000000000000000000000000000000000000000000000000000000000
310
00000000000000000000000000000000000000000000000000000000000000000000000000000000000000000000000000000000000000000000000000000000000000000000000000000000000000000000000000000000000000000000000000000000000000000000000000000000000000000000000000000000000000
310
00000000000000000000000000000000000000000000000000000000000000000000000000000000000000000000000000000000000000000000000000000000000000000000000000000000000000000000000000000000000000000000000000000000000000000000000000000000000000000000000000000000000000
310
00000000000000000000000000000000000000000000000000000000000000000000000000000000000000000000000000000000000000000000000000000000000000000000000000000000000000000000000000000000000000000000000000000000000000000000000000000000000000000000000000000000000000
310
00000000000000000000000000000000000000000000000000000000000000000000000000000000000000000000000000000000000000000000000000000000000000000000000000000000000000000000000000000000000000000000000000000000000000000000000000000000000000000000000000000000000000
310
00000000000000000000000000000000000000000000000000000000000000000000000000000000000000000000000000000000000000000000000000000000000000000000000000000000000000000000000000000000000000000000000000000000000000000000000000000000000000000000000000000000000000
310
00000000000000000000000000000000000000000000000000000000000000000000000000000000000000000000000000000000000000000000000000000000000000000000000000000000000000000000000000000000000000000000000000000000000000000000000000000000000000000000000000000000000000
310
00000000000000000000000000000000000000000000000000000000000000000000000000000000000000000000000000000000000000000000000000000000000000000000000000000000000000000000000000000000000000000000000000000000000000000000000000000000000000000000000000000000000000
310
00000000000000000000000000000000000000000000000000000000000000000000000000000000000000000000000000000000000000000000000000000000000000000000000000000000000000000000000000000000000000000000000000000000000000000000000000000000000000000000000000000000000000
310
00000000000000000000000000000000000000000000000000000000000000000000000000000000000000000000000000000000000000000000000000000000000000000000000000000000000000000000000000000000000000000000000000000000000000000000000000000000000000000000000000000000000000
310
00000000000000000000000000000000000000000000000000000000000000000000000000000000000000000000000000000000000000000000000000000000000000000000000000000000000000000000000000000000000000000000000000000000000000000000000000000000000000000000000000000000000000
310
00000000000000000000000000000000000000000000000000000000000000000000000000000000000000000000000000000000000000000000000000000000000000000000000000000000000000000000000000000000000000000000000000000000000000000000000000000000000000000000000000000000000000
310
00000000000000000000000000000000000000000000000000000000000000000000000000000000000000000000000000000000000000000000000000000000000000000000000000000000000000000000000000000000000000000000000000000000000000000000000000000000000000000000000000000000000000
310
00000000000000000000000000000000000000000000000000000000000000000000000000000000000000000000000000000000000000000000000000000000000000000000000000000000000000000000000000000000000000000000000000000000000000000000000000000000000000000000000000000000000000
310
00000000000000000000000000000000000000000000000000000000000000000000000000000000000000000000000000000000000000000000000000000000000000000000000000000000000000000000000000000000000000000000000000000000000000000000000000000000000000000000000000000000000000
310
00000000000000000000000000000000000000000000000000000000000000000000000000000000000000000000000000000000000000000000000000000000000000000000000000000000000000000000000000000000000000000000000000000000000000000000000000000000000000000000000000000000000000
310
00000000000000000000000000000000000000000000000000000000000000000000000000000000000000000000000000000000000000000000000000000000000000000000000000000000000000000000000000000000000000000000000000000000000000000000000000000000000000000000000000000000000000
310
00000000000000000000000000000000000000000000000000000000000000000000000000000000000000000000000000000000000000000000000000000000000000000000000000000000000000000000000000000000000000000000000000000000000000000000000000000000000000000000000000000000000000
310
00000000000000000000000000000000000000000000000000000000000000000000000000000000000000000000000000000000000000000000000000000000000000000000000000000000000000000000000000000000000000000000000000000000000000000000000000000000000000000000000000000000000000
310
00000000000000000000000000000000000000000000000000000000000000000000000000000000000000000000000000000000000000000000000000000000000000000000000000000000000000000000000000000000000000000000000000000000000000000000000000000000000000000000000000000000000000
310
00000000000000000000000000000000000000000000000000000000000000000000000000000000000000000000000000000000000000000000000000000000000000000000000000000000000000000000000000000000000000000000000000000000000000000000000000000000000000000000000000000000000000
310
00000000000000000000000000000000000000000000000000000000000000000000000000000000000000000000000000000000000000000000000000000000000000000000000000000000000000000000000000000000000000000000000000000000000000000000000000000000000000000000000000000000000000
310
00000000000000000000000000000000000000000000000000000000000000000000000000000000000000000000000000000000000000000000000000000000000000000000000000000000000000000000000000000000000000000000000000000000000000000000000000000000000000000000000000000000000000
310
00000000000000000000000000000000000000000000000000000000000000000000000000000000000000000000000000000000000000000000000000000000000000000000000000000000000000000000000000000000000000000000000000000000000000000000000000000000000000000000000000000000000000
310
00000000000000000000000000000000000000000000000000000000000000000000000000000000000000000000000000000000000000000000000000000000000000000000000000000000000000000000000000000000000000000000000000000000000000000000000000000000000000000000000000000000000000
310
00000000000000000000000000000000000000000000000000000000000000000000000000000000000000000000000000000000000000000000000000000000000000000000000000000000000000000000000000000000000000000000000000000000000000000000000000000000000000000000000000000000000000
310
00000000000000000000000000000000000000000000000000000000000000000000000000000000000000000000000000000000000000000000000000000000000000000000000000000000000000000000000000000000000000000000000000000000000000000000000000000000000000000000000000000000000000
310
00000000000000000000000000000000000000000000000000000000000000000000000000000000000000000000000000000000000000000000000000000000000000000000000000000000000000000000000000000000000000000000000000000000000000000000000000000000000000000000000000000000000000
310
00000000000000000000000000000000000000000000000000000000000000000000000000000000000000000000000000000000000000000000000000000000000000000000000000000000000000000000000000000000000000000000000000000000000000000000000000000000000000000000000000000000000000
310
00000000000000000000000000000000000000000000000000000000000000000000000000000000000000000000000000000000000000000000000000000000000000000000000000000000000000000000000000000000000000000000000000000000000000000000000000000000000000000000000000000000000000
310
00000000000000000000000000000000000000000000000000000000000000000000000000000000000000000000000000000000000000000000000000000000000000000000000000000000000000000000000000000000000000000000000000000000000000000000000000000000000000000000000000000000000000
310
00000000000000000000000000000000000000000000000000000000000000000000000000000000000000000000000000000000000000000000000000000000000000000000000000000000000000000000000000000000000000000000000000000000000000000000000000000000000000000000000000000000000000
310
00000000000000000000000000000000000000000000000000000000000000000000000000000000000000000000000000000000000000000000000000000000000000000000000000000000000000000000000000000000000000000000000000000000000000000000000000000000000000000000000000000000000000
310
00000000000000000000000000000000000000000000000000000000000000000000000000000000000000000000000000000000000000000000000000000000000000000000000000000000000000000000000000000000000000000000000000000000000000000000000000000000000000000000000000000000000000
310
00000000000000000000000000000000000000000000000000000000000000000000000000000000000000000000000000000000000000000000000000000000000000000000000000000000000000000000000000000000000000000000000000000000000000000000000000000000000000000000000000000000000000
310
00000000000000000000000000000000000000000000000000000000000000000000000000000000000000000000000000000000000000000000000000000000000000000000000000000000000000000000000000000000000000000000000000000000000000000000000000000000000000000000000000000000000000
310
00000000000000000000000000000000000000000000000000000000000000000000000000000000000000000000000000000000000000000000000000000000000000000000000000000000000000000000000000000000000000000000000000000000000000000000000000000000000000000000000000000000000000
310
00000000000000000000000000000000000000000000000000000000000000000000000000000000000000000000000000000000000000000000000000000000000000000000000000000000000000000000000000000000000000000000000000000000000000000000000000000000000000000000000000000000000000
310
00000000000000000000000000000000000000000000000000000000000000000000000000000000000000000000000000000000000000000000000000000000000000000000000000000000000000000000000000000000000000000000000000000000000000000000000000000000000000000000000000000000000000
310
00000000000000000000000000000000000000000000000000000000000000000000000000000000000000000000000000000000000000000000000000000000000000000000000000000000000000000000000000000000000000000000000000000000000000000000000000000000000000000000000000000000000000
310
00000000000000000000000000000000000000000000000000000000000000000000000000000000000000000000000000000000000000000000000000000000000000000000000000000000000000000000000000000000000000000000000000000000000000000000000000000000000000000000000000000000000000
310
00000000000000000000000000000000000000000000000000000000000000000000000000000000000000000000000000000000000000000000000000000000000000000000000000000000000000000000000000000000000000000000000000000000000000000000000000000000000000000000000000000000000000
310
00000000000000000000000000000000000000000000000000000000000000000000000000000000000000000000000000000000000000000000000000000000000000000000000000000000000000000000000000000000000000000000000000000000000000000000000000000000000000000000000000000000000000
310
00000000000000000000000000000000000000000000000000000000000000000000000000000000000000000000000000000000000000000000000000000000000000000000000000000000000000000000000000000000000000000000000000000000000000000000000000000000000000000000000000000000000000
310
00000000000000000000000000000000000000000000000000000000000000000000000000000000000000000000000000000000000000000000000000000000000000000000000000000000000000000000000000000000000000000000000000000000000000000000000000000000000000000000000000000000000000
310
00000000000000000000000000000000000000000000000000000000000000000000000000000000000000000000000000000000000000000000000000000000000000000000000000000000000000000000000000000000000000000000000000000000000000000000000000000000000000000000000000000000000000
310
00000000000000000000000000000000000000000000000000000000000000000000000000000000000000000000000000000000000000000000000000000000000000000000000000000000000000000000000000000000000000000000000000000000000000000000000000000000000000000000000000000000000000
310
00000000000000000000000000000000000000000000000000000000000000000000000000000000000000000000000000000000000000000000000000000000000000000000000000000000000000000000000000000000000000000000000000000000000000000000000000000000000000000000000000000000000000
310
00000000000000000000000000000000000000000000000000000000000000000000000000000000000000000000000000000000000000000000000000000000000000000000000000000000000000000000000000000000000000000000000000000000000000000000000000000000000000000000000000000000000000
310
00000000000000000000000000000000000000000000000000000000000000000000000000000000000000000000000000000000000000000000000000000000000000000000000000000000000000000000000000000000000000000000000000000000000000000000000000000000000000000000000000000000000000
310
00000000000000000000000000000000000000000000000000000000000000000000000000000000000000000000000000000000000000000000000000000000000000000000000000000000000000000000000000000000000000000000000000000000000000000000000000000000000000000000000000000000000000
310
00000000000000000000000000000000000000000000000000000000000000000000000000000000000000000000000000000000000000000000000000000000000000000000000000000000000000000000000000000000000000000000000000000000000000000000000000000000000000000000000000000000000000
310
00000000000000000000000000000000000000000000000000000000000000000000000000000000000000000000000000000000000000000000000000000000000000000000000000000000000000000000000000000000000000000000000000000000000000000000000000000000000000000000000000000000000000
310
00000000000000000000000000000000000000000000000000000000000000000000000000000000000000000000000000000000000000000000000000000000000000000000000000000000000000000000000000000000000000000000000000000000000000000000000000000000000000000000000000000000000000
310
00000000000000000000000000000000000000000000000000000000000000000000000000000000000000000000000000000000000000000000000000000000000000000000000000000000000000000000000000000000000000000000000000000000000000000000000000000000000000000000000000000000000000
310
00000000000000000000000000000000000000000000000000000000000000000000000000000000000000000000000000000000000000000000000000000000000000000000000000000000000000000000000000000000000000000000000000000000000000000000000000000000000000000000000000000000000000
310
00000000000000000000000000000000000000000000000000000000000000000000000000000000000000000000000000000000000000000000000000000000000000000000000000000000000000000000000000000000000000000000000000000000000000000000000000000000000000000000000000000000000000
310
00000000000000000000000000000000000000000000000000000000000000000000000000000000000000000000000000000000000000000000000000000000000000000000000000000000000000000000000000000000000000000000000000000000000000000000000000000000000000000000000000000000000000
310
00000000000000000000000000000000000000000000000000000000000000000000000000000000000000000000000000000000000000000000000000000000000000000000000000000000000000000000000000000000000000000000000000000000000000000000000000000000000000000000000000000000000000
310
00000000000000000000000000000000000000000000000000000000000000000000000000000000000000000000000000000000000000000000000000000000000000000000000000000000000000000000000000000000000000000000000000000000000000000000000000000000000000000000000000000000000000
310
00000000000000000000000000000000000000000000000000000000000000000000000000000000000000000000000000000000000000000000000000000000000000000000000000000000000000000000000000000000000000000000000000000000000000000000000000000000000000000000000000000000000000
310
00000000000000000000000000000000000000000000000000000000000000000000000000000000000000000000000000000000000000000000000000000000000000000000000000000000000000000000000000000000000000000000000000000000000000000000000000000000000000000000000000000000000000
310
00000000000000000000000000000000000000000000000000000000000000000000000000000000000000000000000000000000000000000000000000000000000000000000000000000000000000000000000000000000000000000000000000000000000000000000000000000000000000000000000000000000000000
310
00000000000000000000000000000000000000000000000000000000000000000000000000000000000000000000000000000000000000000000000000000000000000000000000000000000000000000000000000000000000000000000000000000000000000000000000000000000000000000000000000000000000000
310
00000000000000000000000000000000000000000000000000000000000000000000000000000000000000000000000000000000000000000000000000000000000000000000000000000000000000000000000000000000000000000000000000000000000000000000000000000000000000000000000000000000000000
310
00000000000000000000000000000000000000000000000000000000000000000000000000000000000000000000000000000000000000000000000000000000000000000000000000000000000000000000000000000000000000000000000000000000000000000000000000000000000000000000000000000000000000
310
00000000000000000000000000000000000000000000000000000000000000000000000000000000000000000000000000000000000000000000000000000000000000000000000000000000000000000000000000000000000000000000000000000000000000000000000000000000000000000000000000000000000000
310
00000000000000000000000000000000000000000000000000000000000000000000000000000000000000000000000000000000000000000000000000000000000000000000000000000000000000000000000000000000000000000000000000000000000000000000000000000000000000000000000000000000000000
310
00000000000000000000000000000000000000000000000000000000000000000000000000000000000000000000000000000000000000000000000000000000000000000000000000000000000000000000000000000000000000000000000000000000000000000000000000000000000000000000000000000000000000
310
00000000000000000000000000000000000000000000000000000000000000000000000000000000000000000000000000000000000000000000000000000000000000000000000000000000000000000000000000000000000000000000000000000000000000000000000000000000000000000000000000000000000000
310
00000000000000000000000000000000000000000000000000000000000000000000000000000000000000000000000000000000000000000000000000000000000000000000000000000000000000000000000000000000000000000000000000000000000000000000000000000000000000000000000000000000000000
310
00000000000000000000000000000000000000000000000000000000000000000000000000000000000000000000000000000000000000000000000000000000000000000000000000000000000000000000000000000000000000000000000000000000000000000000000000000000000000000000000000000000000000
310
00000000000000000000000000000000000000000000000000000000000000000000000000000000000000000000000000000000000000000000000000000000000000000000000000000000000000000000000000000000000000000000000000000000000000000000000000000000000000000000000000000000000000
310
00000000000000000000000000000000000000000000000000000000000000000000000000000000000000000000000000000000000000000000000000000000000000000000000000000000000000000000000000000000000000000000000000000000000000000000000000000000000000000000000000000000000000
310
00000000000000000000000000000000000000000000000000000000000000000000000000000000000000000000000000000000000000000000000000000000000000000000000000000000000000000000000000000000000000000000000000000000000000000000000000000000000000000000000000000000000000
310
00000000000000000000000000000000000000000000000000000000000000000000000000000000000000000000000000000000000000000000000000000000000000000000000000000000000000000000000000000000000000000000000000000000000000000000000000000000000000000000000000000000000000
310
00000000000000000000000000000000000000000000000000000000000000000000000000000000000000000000000000000000000000000000000000000000000000000000000000000000000000000000000000000000000000000000000000000000000000000000000000000000000000000000000000000000000000
310
00000000000000000000000000000000000000000000000000000000000000000000000000000000000000000000000000000000000000000000000000000000000000000000000000000000000000000000000000000000000000000000000000000000000000000000000000000000000000000000000000000000000000
310
00000000000000000000000000000000000000000000000000000000000000000000000000000000000000000000000000000000000000000000000000000000000000000000000000000000000000000000000000000000000000000000000000000000000000000000000000000000000000000000000000000000000000
310
00000000000000000000000000000000000000000000000000000000000000000000000000000000000000000000000000000000000000000000000000000000000000000000000000000000000000000000000000000000000000000000000000000000000000000000000000000000000000000000000000000000000000
310
00000000000000000000000000000000000000000000000000000000000000000000000000000000000000000000000000000000000000000000000000000000000000000000000000000000000000000000000000000000000000000000000000000000000000000000000000000000000000000000000000000000000000
310
00000000000000000000000000000000000000000000000000000000000000000000000000000000000000000000000000000000000000000000000000000000000000000000000000000000000000000000000000000000000000000000000000000000000000000000000000000000000000000000000000000000000000
310
00000000000000000000000000000000000000000000000000000000000000000000000000000000000000000000000000000000000000000000000000000000000000000000000000000000000000000000000000000000000000000000000000000000000000000000000000000000000000000000000000000000000000
310
00000000000000000000000000000000000000000000000000000000000000000000000000000000000000000000000000000000000000000000000000000000000000000000000000000000000000000000000000000000000000000000000000000000000000000000000000000000000000000000000000000000000000
310
00000000000000000000000000000000000000000000000000000000000000000000000000000000000000000000000000000000000000000000000000000000000000000000000000000000000000000000000000000000000000000000000000000000000000000000000000000000000000000000000000000000000000
310
00000000000000000000000000000000000000000000000000000000000000000000000000000000000000000000000000000000000000000000000000000000000000000000000000000000000000000000000000000000000000000000000000000000000000000000000000000000000000000000000000000000000000
310
00000000000000000000000000000000000000000000000000000000000000000000000000000000000000000000000000000000000000000000000000000000000000000000000000000000000000000000000000000000000000000000000000000000000000000000000000000000000000000000000000000000000000
310
00000000000000000000000000000000000000000000000000000000000000000000000000000000000000000000000000000000000000000000000000000000000000000000000000000000000000000000000000000000000000000000000000000000000000000000000000000000000000000000000000000000000000
310
00000000000000000000000000000000000000000000000000000000000000000000000000000000000000000000000000000000000000000000000000000000000000000000000000000000000000000000000000000000000000000000000000000000000000000000000000000000000000000000000000000000000000
310
00000000000000000000000000000000000000000000000000000000000000000000000000000000000000000000000000000000000000000000000000000000000000000000000000000000000000000000000000000000000000000000000000000000000000000000000000000000000000000000000000000000000000
310
00000000000000000000000000000000000000000000000000000000000000000000000000000000000000000000000000000000000000000000000000000000000000000000000000000000000000000000000000000000000000000000000000000000000000000000000000000000000000000000000000000000000000
310
00000000000000000000000000000000000000000000000000000000000000000000000000000000000000000000000000000000000000000000000000000000000000000000000000000000000000000000000000000000000000000000000000000000000000000000000000000000000000000000000000000000000000
310
00000000000000000000000000000000000000000000000000000000000000000000000000000000000000000000000000000000000000000000000000000000000000000000000000000000000000000000000000000000000000000000000000000000000000000000000000000000000000000000000000000000000000
310
00000000000000000000000000000000000000000000000000000000000000000000000000000000000000000000000000000000000000000000000000000000000000000000000000000000000000000000000000000000000000000000000000000000000000000000000000000000000000000000000000000000000000
310
00000000000000000000000000000000000000000000000000000000000000000000000000000000000000000000000000000000000000000000000000000000000000000000000000000000000000000000000000000000000000000000000000000000000000000000000000000000000000000000000000000000000000
310
00000000000000000000000000000000000000000000000000000000000000000000000000000000000000000000000000000000000000000000000000000000000000000000000000000000000000000000000000000000000000000000000000000000000000000000000000000000000000000000000000000000000000
310
00000000000000000000000000000000000000000000000000000000000000000000000000000000000000000000000000000000000000000000000000000000000000000000000000000000000000000000000000000000000000000000000000000000000000000000000000000000000000000000000000000000000000
310
00000000000000000000000000000000000000000000000000000000000000000000000000000000000000000000000000000000000000000000000000000000000000000000000000000000000000000000000000000000000000000000000000000000000000000000000000000000000000000000000000000000000000
310
00000000000000000000000000000000000000000000000000000000000000000000000000000000000000000000000000000000000000000000000000000000000000000000000000000000000000000000000000000000000000000000000000000000000000000000000000000000000000000000000000000000000000
310
00000000000000000000000000000000000000000000000000000000000000000000000000000000000000000000000000000000000000000000000000000000000000000000000000000000000000000000000000000000000000000000000000000000000000000000000000000000000000000000000000000000000000
310
00000000000000000000000000000000000000000000000000000000000000000000000000000000000000000000000000000000000000000000000000000000000000000000000000000000000000000000000000000000000000000000000000000000000000000000000000000000000000000000000000000000000000
310
00000000000000000000000000000000000000000000000000000000000000000000000000000000000000000000000000000000000000000000000000000000000000000000000000000000000000000000000000000000000000000000000000000000000000000000000000000000000000000000000000000000000000
310
00000000000000000000000000000000000000000000000000000000000000000000000000000000000000000000000000000000000000000000000000000000000000000000000000000000000000000000000000000000000000000000000000000000000000000000000000000000000000000000000000000000000000
310
00000000000000000000000000000000000000000000000000000000000000000000000000000000000000000000000000000000000000000000000000000000000000000000000000000000000000000000000000000000000000000000000000000000000000000000000000000000000000000000000000000000000000
310
00000000000000000000000000000000000000000000000000000000000000000000000000000000000000000000000000000000000000000000000000000000000000000000000000000000000000000000000000000000000000000000000000000000000000000000000000000000000000000000000000000000000000
310
00000000000000000000000000000000000000000000000000000000000000000000000000000000000000000000000000000000000000000000000000000000000000000000000000000000000000000000000000000000000000000000000000000000000000000000000000000000000000000000000000000000000000
310
00000000000000000000000000000000000000000000000000000000000000000000000000000000000000000000000000000000000000000000000000000000000000000000000000000000000000000000000000000000000000000000000000000000000000000000000000000000000000000000000000000000000000
310
00000000000000000000000000000000000000000000000000000000000000000000000000000000000000000000000000000000000000000000000000000000000000000000000000000000000000000000000000000000000000000000000000000000000000000000000000000000000000000000000000000000000000
310
00000000000000000000000000000000000000000000000000000000000000000000000000000000000000000000000000000000000000000000000000000000000000000000000000000000000000000000000000000000000000000000000000000000000000000000000000000000000000000000000000000000000000
310
00000000000000000000000000000000000000000000000000000000000000000000000000000000000000000000000000000000000000000000000000000000000000000000000000000000000000000000000000000000000000000000000000000000000000000000000000000000000000000000000000000000000000
310
00000000000000000000000000000000000000000000000000000000000000000000000000000000000000000000000000000000000000000000000000000000000000000000000000000000000000000000000000000000000000000000000000000000000000000000000000000000000000000000000000000000000000
310
00000000000000000000000000000000000000000000000000000000000000000000000000000000000000000000000000000000000000000000000000000000000000000000000000000000000000000000000000000000000000000000000000000000000000000000000000000000000000000000000000000000000000
310
00000000000000000000000000000000000000000000000000000000000000000000000000000000000000000000000000000000000000000000000000000000000000000000000000000000000000000000000000000000000000000000000000000000000000000000000000000000000000000000000000000000000000
310
00000000000000000000000000000000000000000000000000000000000000000000000000000000000000000000000000000000000000000000000000000000000000000000000000000000000000000000000000000000000000000000000000000000000000000000000000000000000000000000000000000000000000
310
00000000000000000000000000000000000000000000000000000000000000000000000000000000000000000000000000000000000000000000000000000000000000000000000000000000000000000000000000000000000000000000000000000000000000000000000000000000000000000000000000000000000000
310
00000000000000000000000000000000000000000000000000000000000000000000000000000000000000000000000000000000000000000000000000000000000000000000000000000000000000000000000000000000000000000000000000000000000000000000000000000000000000000000000000000000000000
310
00000000000000000000000000000000000000000000000000000000000000000000000000000000000000000000000000000000000000000000000000000000000000000000000000000000000000000000000000000000000000000000000000000000000000000000000000000000000000000000000000000000000000
310
00000000000000000000000000000000000000000000000000000000000000000000000000000000000000000000000000000000000000000000000000000000000000000000000000000000000000000000000000000000000000000000000000000000000000000000000000000000000000000000000000000000000000
310
00000000000000000000000000000000000000000000000000000000000000000000000000000000000000000000000000000000000000000000000000000000000000000000000000000000000000000000000000000000000000000000000000000000000000000000000000000000000000000000000000000000000000
310
00000000000000000000000000000000000000000000000000000000000000000000000000000000000000000000000000000000000000000000000000000000000000000000000000000000000000000000000000000000000000000000000000000000000000000000000000000000000000000000000000000000000000
310
00000000000000000000000000000000000000000000000000000000000000000000000000000000000000000000000000000000000000000000000000000000000000000000000000000000000000000000000000000000000000000000000000000000000000000000000000000000000000000000000000000000000000
310
00000000000000000000000000000000000000000000000000000000000000000000000000000000000000000000000000000000000000000000000000000000000000000000000000000000000000000000000000000000000000000000000000000000000000000000000000000000000000000000000000000000000000
310
00000000000000000000000000000000000000000000000000000000000000000000000000000000000000000000000000000000000000000000000000000000000000000000000000000000000000000000000000000000000000000000000000000000000000000000000000000000000000000000000000000000000000
310
00000000000000000000000000000000000000000000000000000000000000000000000000000000000000000000000000000000000000000000000000000000000000000000000000000000000000000000000000000000000000000000000000000000000000000000000000000000000000000000000000000000000000
310
00000000000000000000000000000000000000000000000000000000000000000000000000000000000000000000000000000000000000000000000000000000000000000000000000000000000000000000000000000000000000000000000000000000000000000000000000000000000000000000000000000000000000
310
00000000000000000000000000000000000000000000000000000000000000000000000000000000000000000000000000000000000000000000000000000000000000000000000000000000000000000000000000000000000000000000000000000000000000000000000000000000000000000000000000000000000000
310
00000000000000000000000000000000000000000000000000000000000000000000000000000000000000000000000000000000000000000000000000000000000000000000000000000000000000000000000000000000000000000000000000000000000000000000000000000000000000000000000000000000000000
310
00000000000000000000000000000000000000000000000000000000000000000000000000000000000000000000000000000000000000000000000000000000000000000000000000000000000000000000000000000000000000000000000000000000000000000000000000000000000000000000000000000000000000
310
00000000000000000000000000000000000000000000000000000000000000000000000000000000000000000000000000000000000000000000000000000000000000000000000000000000000000000000000000000000000000000000000000000000000000000000000000000000000000000000000000000000000000
310
00000000000000000000000000000000000000000000000000000000000000000000000000000000000000000000000000000000000000000000000000000000000000000000000000000000000000000000000000000000000000000000000000000000000000000000000000000000000000000000000000000000000000
310
00000000000000000000000000000000000000000000000000000000000000000000000000000000000000000000000000000000000000000000000000000000000000000000000000000000000000000000000000000000000000000000000000000000000000000000000000000000000000000000000000000000000000
310
00000000000000000000000000000000000000000000000000000000000000000000000000000000000000000000000000000000000000000000000000000000000000000000000000000000000000000000000000000000000000000000000000000000000000000000000000000000000000000000000000000000000000
310
00000000000000000000000000000000000000000000000000000000000000000000000000000000000000000000000000000000000000000000000000000000000000000000000000000000000000000000000000000000000000000000000000000000000000000000000000000000000000000000000000000000000000
310
00000000000000000000000000000000000000000000000000000000000000000000000000000000000000000000000000000000000000000000000000000000000000000000000000000000000000000000000000000000000000000000000000000000000000000000000000000000000000000000000000000000000000
310
00000000000000000000000000000000000000000000000000000000000000000000000000000000000000000000000000000000000000000000000000000000000000000000000000000000000000000000000000000000000000000000000000000000000000000000000000000000000000000000000000000000000000
310
00000000000000000000000000000000000000000000000000000000000000000000000000000000000000000000000000000000000000000000000000000000000000000000000000000000000000000000000000000000000000000000000000000000000000000000000000000000000000000000000000000000000000
310
00000000000000000000000000000000000000000000000000000000000000000000000000000000000000000000000000000000000000000000000000000000000000000000000000000000000000000000000000000000000000000000000000000000000000000000000000000000000000000000000000000000000000
310
00000000000000000000000000000000000000000000000000000000000000000000000000000000000000000000000000000000000000000000000000000000000000000000000000000000000000000000000000000000000000000000000000000000000000000000000000000000000000000000000000000000000000
310
00000000000000000000000000000000000000000000000000000000000000000000000000000000000000000000000000000000000000000000000000000000000000000000000000000000000000000000000000000000000000000000000000000000000000000000000000000000000000000000000000000000000000
310
00000000000000000000000000000000000000000000000000000000000000000000000000000000000000000000000000000000000000000000000000000000000000000000000000000000000000000000000000000000000000000000000000000000000000000000000000000000000000000000000000000000000000
310
00000000000000000000000000000000000000000000000000000000000000000000000000000000000000000000000000000000000000000000000000000000000000000000000000000000000000000000000000000000000000000000000000000000000000000000000000000000000000000000000000000000000000
310
00000000000000000000000000000000000000000000000000000000000000000000000000000000000000000000000000000000000000000000000000000000000000000000000000000000000000000000000000000000000000000000000000000000000000000000000000000000000000000000000000000000000000
310
00000000000000000000000000000000000000000000000000000000000000000000000000000000000000000000000000000000000000000000000000000000000000000000000000000000000000000000000000000000000000000000000000000000000000000000000000000000000000000000000000000000000000
310
00000000000000000000000000000000000000000000000000000000000000000000000000000000000000000000000000000000000000000000000000000000000000000000000000000000000000000000000000000000000000000000000000000000000000000000000000000000000000000000000000000000000000
310
00000000000000000000000000000000000000000000000000000000000000000000000000000000000000000000000000000000000000000000000000000000000000000000000000000000000000000000000000000000000000000000000000000000000000000000000000000000000000000000000000000000000000
310
00000000000000000000000000000000000000000000000000000000000000000000000000000000000000000000000000000000000000000000000000000000000000000000000000000000000000000000000000000000000000000000000000000000000000000000000000000000000000000000000000000000000000
310
00000000000000000000000000000000000000000000000000000000000000000000000000000000000000000000000000000000000000000000000000000000000000000000000000000000000000000000000000000000000000000000000000000000000000000000000000000000000000000000000000000000000000
310
00000000000000000000000000000000000000000000000000000000000000000000000000000000000000000000000000000000000000000000000000000000000000000000000000000000000000000000000000000000000000000000000000000000000000000000000000000000000000000000000000000000000000
310
00000000000000000000000000000000000000000000000000000000000000000000000000000000000000000000000000000000000000000000000000000000000000000000000000000000000000000000000000000000000000000000000000000000000000000000000000000000000000000000000000000000000000
310
00000000000000000000000000000000000000000000000000000000000000000000000000000000000000000000000000000000000000000000000000000000000000000000000000000000000000000000000000000000000000000000000000000000000000000000000000000000000000000000000000000000000000
310
00000000000000000000000000000000000000000000000000000000000000000000000000000000000000000000000000000000000000000000000000000000000000000000000000000000000000000000000000000000000000000000000000000000000000000000000000000000000000000000000000000000000000
310
00000000000000000000000000000000000000000000000000000000000000000000000000000000000000000000000000000000000000000000000000000000000000000000000000000000000000000000000000000000000000000000000000000000000000000000000000000000000000000000000000000000000000
310
00000000000000000000000000000000000000000000000000000000000000000000000000000000000000000000000000000000000000000000000000000000000000000000000000000000000000000000000000000000000000000000000000000000000000000000000000000000000000000000000000000000000000
310
00000000000000000000000000000000000000000000000000000000000000000000000000000000000000000000000000000000000000000000000000000000000000000000000000000000000000000000000000000000000000000000000000000000000000000000000000000000000000000000000000000000000000
310
00000000000000000000000000000000000000000000000000000000000000000000000000000000000000000000000000000000000000000000000000000000000000000000000000000000000000000000000000000000000000000000000000000000000000000000000000000000000000000000000000000000000000
310
00000000000000000000000000000000000000000000000000000000000000000000000000000000000000000000000000000000000000000000000000000000000000000000000000000000000000000000000000000000000000000000000000000000000000000000000000000000000000000000000000000000000000
310
00000000000000000000000000000000000000000000000000000000000000000000000000000000000000000000000000000000000000000000000000000000000000000000000000000000000000000000000000000000000000000000000000000000000000000000000000000000000000000000000000000000000000
310
00000000000000000000000000000000000000000000000000000000000000000000000000000000000000000000000000000000000000000000000000000000000000000000000000000000000000000000000000000000000000000000000000000000000000000000000000000000000000000000000000000000000000
310
00000000000000000000000000000000000000000000000000000000000000000000000000000000000000000000000000000000000000000000000000000000000000000000000000000000000000000000000000000000000000000000000000000000000000000000000000000000000000000000000000000000000000
310
00000000000000000000000000000000000000000000000000000000000000000000000000000000000000000000000000000000000000000000000000000000000000000000000000000000000000000000000000000000000000000000000000000000000000000000000000000000000000000000000000000000000000
310
00000000000000000000000000000000000000000000000000000000000000000000000000000000000000000000000000000000000000000000000000000000000000000000000000000000000000000000000000000000000000000000000000000000000000000000000000000000000000000000000000000000000000
310
00000000000000000000000000000000000000000000000000000000000000000000000000000000000000000000000000000000000000000000000000000000000000000000000000000000000000000000000000000000000000000000000000000000000000000000000000000000000000000000000000000000000000
310
00000000000000000000000000000000000000000000000000000000000000000000000000000000000000000000000000000000000000000000000000000000000000000000000000000000000000000000000000000000000000000000000000000000000000000000000000000000000000000000000000000000000000
310
00000000000000000000000000000000000000000000000000000000000000000000000000000000000000000000000000000000000000000000000000000000000000000000000000000000000000000000000000000000000000000000000000000000000000000000000000000000000000000000000000000000000000
310
00000000000000000000000000000000000000000000000000000000000000000000000000000000000000000000000000000000000000000000000000000000000000000000000000000000000000000000000000000000000000000000000000000000000000000000000000000000000000000000000000000000000000
310
00000000000000000000000000000000000000000000000000000000000000000000000000000000000000000000000000000000000000000000000000000000000000000000000000000000000000000000000000000000000000000000000000000000000000000000000000000000000000000000000000000000000000
310
00000000000000000000000000000000000000000000000000000000000000000000000000000000000000000000000000000000000000000000000000000000000000000000000000000000000000000000000000000000000000000000000000000000000000000000000000000000000000000000000000000000000000
310
00000000000000000000000000000000000000000000000000000000000000000000000000000000000000000000000000000000000000000000000000000000000000000000000000000000000000000000000000000000000000000000000000000000000000000000000000000000000000000000000000000000000000
310
00000000000000000000000000000000000000000000000000000000000000000000000000000000000000000000000000000000000000000000000000000000000000000000000000000000000000000000000000000000000000000000000000000000000000000000000000000000000000000000000000000000000000
310
00000000000000000000000000000000000000000000000000000000000000000000000000000000000000000000000000000000000000000000000000000000000000000000000000000000000000000000000000000000000000000000000000000000000000000000000000000000000000000000000000000000000000
310
00000000000000000000000000000000000000000000000000000000000000000000000000000000000000000000000000000000000000000000000000000000000000000000000000000000000000000000000000000000000000000000000000000000000000000000000000000000000000000000000000000000000000
310
00000000000000000000000000000000000000000000000000000000000000000000000000000000000000000000000000000000000000000000000000000000000000000000000000000000000000000000000000000000000000000000000000000000000000000000000000000000000000000000000000000000000000
310
00000000000000000000000000000000000000000000000000000000000000000000000000000000000000000000000000000000000000000000000000000000000000000000000000000000000000000000000000000000000000000000000000000000000000000000000000000000000000000000000000000000000000
310
00000000000000000000000000000000000000000000000000000000000000000000000000000000000000000000000000000000000000000000000000000000000000000000000000000000000000000000000000000000000000000000000000000000000000000000000000000000000000000000000000000000000000
310
00000000000000000000000000000000000000000000000000000000000000000000000000000000000000000000000000000000000000000000000000000000000000000000000000000000000000000000000000000000000000000000000000000000000000000000000000000000000000000000000000000000000000
310
00000000000000000000000000000000000000000000000000000000000000000000000000000000000000000000000000000000000000000000000000000000000000000000000000000000000000000000000000000000000000000000000000000000000000000000000000000000000000000000000000000000000000
310
00000000000000000000000000000000000000000000000000000000000000000000000000000000000000000000000000000000000000000000000000000000000000000000000000000000000000000000000000000000000000000000000000000000000000000000000000000000000000000000000000000000000000
310
00000000000000000000000000000000000000000000000000000000000000000000000000000000000000000000000000000000000000000000000000000000000000000000000000000000000000000000000000000000000000000000000000000000000000000000000000000000000000000000000000000000000000
310
00000000000000000000000000000000000000000000000000000000000000000000000000000000000000000000000000000000000000000000000000000000000000000000000000000000000000000000000000000000000000000000000000000000000000000000000000000000000000000000000000000000000000
310
00000000000000000000000000000000000000000000000000000000000000000000000000000000000000000000000000000000000000000000000000000000000000000000000000000000000000000000000000000000000000000000000000000000000000000000000000000000000000000000000000000000000000
310
00000000000000000000000000000000000000000000000000000000000000000000000000000000000000000000000000000000000000000000000000000000000000000000000000000000000000000000000000000000000000000000000000000000000000000000000000000000000000000000000000000000000000
310
00000000000000000000000000000000000000000000000000000000000000000000000000000000000000000000000000000000000000000000000000000000000000000000000000000000000000000000000000000000000000000000000000000000000000000000000000000000000000000000000000000000000000
310
00000000000000000000000000000000000000000000000000000000000000000000000000000000000000000000000000000000000000000000000000000000000000000000000000000000000000000000000000000000000000000000000000000000000000000000000000000000000000000000000000000000000000
310
00000000000000000000000000000000000000000000000000000000000000000000000000000000000000000000000000000000000000000000000000000000000000000000000000000000000000000000000000000000000000000000000000000000000000000000000000000000000000000000000000000000000000
310
00000000000000000000000000000000000000000000000000000000000000000000000000000000000000000000000000000000000000000000000000000000000000000000000000000000000000000000000000000000000000000000000000000000000000000000000000000000000000000000000000000000000000
310
00000000000000000000000000000000000000000000000000000000000000000000000000000000000000000000000000000000000000000000000000000000000000000000000000000000000000000000000000000000000000000000000000000000000000000000000000000000000000000000000000000000000000
310
00000000000000000000000000000000000000000000000000000000000000000000000000000000000000000000000000000000000000000000000000000000000000000000000000000000000000000000000000000000000000000000000000000000000000000000000000000000000000000000000000000000000000
310
00000000000000000000000000000000000000000000000000000000000000000000000000000000000000000000000000000000000000000000000000000000000000000000000000000000000000000000000000000000000000000000000000000000000000000000000000000000000000000000000000000000000000
310
00000000000000000000000000000000000000000000000000000000000000000000000000000000000000000000000000000000000000000000000000000000000000000000000000000000000000000000000000000000000000000000000000000000000000000000000000000000000000000000000000000000000000
310
00000000000000000000000000000000000000000000000000000000000000000000000000000000000000000000000000000000000000000000000000000000000000000000000000000000000000000000000000000000000000000000000000000000000000000000000000000000000000000000000000000000000000
310
00000000000000000000000000000000000000000000000000000000000000000000000000000000000000000000000000000000000000000000000000000000000000000000000000000000000000000000000000000000000000000000000000000000000000000000000000000000000000000000000000000000000000
310
00000000000000000000000000000000000000000000000000000000000000000000000000000000000000000000000000000000000000000000000000000000000000000000000000000000000000000000000000000000000000000000000000000000000000000000000000000000000000000000000000000000000000
310
00000000000000000000000000000000000000000000000000000000000000000000000000000000000000000000000000000000000000000000000000000000000000000000000000000000000000000000000000000000000000000000000000000000000000000000000000000000000000000000000000000000000000
310
00000000000000000000000000000000000000000000000000000000000000000000000000000000000000000000000000000000000000000000000000000000000000000000000000000000000000000000000000000000000000000000000000000000000000000000000000000000000000000000000000000000000000
310
00000000000000000000000000000000000000000000000000000000000000000000000000000000000000000000000000000000000000000000000000000000000000000000000000000000000000000000000000000000000000000000000000000000000000000000000000000000000000000000000000000000000000
310
00000000000000000000000000000000000000000000000000000000000000000000000000000000000000000000000000000000000000000000000000000000000000000000000000000000000000000000000000000000000000000000000000000000000000000000000000000000000000000000000000000000000000
310
00000000000000000000000000000000000000000000000000000000000000000000000000000000000000000000000000000000000000000000000000000000000000000000000000000000000000000000000000000000000000000000000000000000000000000000000000000000000000000000000000000000000000
310
00000000000000000000000000000000000000000000000000000000000000000000000000000000000000000000000000000000000000000000000000000000000000000000000000000000000000000000000000000000000000000000000000000000000000000000000000000000000000000000000000000000000000
310
00000000000000000000000000000000000000000000000000000000000000000000000000000000000000000000000000000000000000000000000000000000000000000000000000000000000000000000000000000000000000000000000000000000000000000000000000000000000000000000000000000000000000
310
00000000000000000000000000000000000000000000000000000000000000000000000000000000000000000000000000000000000000000000000000000000000000000000000000000000000000000000000000000000000000000000000000000000000000000000000000000000000000000000000000000000000000
310
00000000000000000000000000000000000000000000000000000000000000000000000000000000000000000000000000000000000000000000000000000000000000000000000000000000000000000000000000000000000000000000000000000000000000000000000000000000000000000000000000000000000000
310
00000000000000000000000000000000000000000000000000000000000000000000000000000000000000000000000000000000000000000000000000000000000000000000000000000000000000000000000000000000000000000000000000000000000000000000000000000000000000000000000000000000000000
310
00000000000000000000000000000000000000000000000000000000000000000000000000000000000000000000000000000000000000000000000000000000000000000000000000000000000000000000000000000000000000000000000000000000000000000000000000000000000000000000000000000000000000
310
00000000000000000000000000000000000000000000000000000000000000000000000000000000000000000000000000000000000000000000000000000000000000000000000000000000000000000000000000000000000000000000000000000000000000000000000000000000000000000000000000000000000000
310
00000000000000000000000000000000000000000000000000000000000000000000000000000000000000000000000000000000000000000000000000000000000000000000000000000000000000000000000000000000000000000000000000000000000000000000000000000000000000000000000000000000000000
310
00000000000000000000000000000000000000000000000000000000000000000000000000000000000000000000000000000000000000000000000000000000000000000000000000000000000000000000000000000000000000000000000000000000000000000000000000000000000000000000000000000000000000
310
00000000000000000000000000000000000000000000000000000000000000000000000000000000000000000000000000000000000000000000000000000000000000000000000000000000000000000000000000000000000000000000000000000000000000000000000000000000000000000000000000000000000000
310
00000000000000000000000000000000000000000000000000000000000000000000000000000000000000000000000000000000000000000000000000000000000000000000000000000000000000000000000000000000000000000000000000000000000000000000000000000000000000000000000000000000000000
310
00000000000000000000000000000000000000000000000000000000000000000000000000000000000000000000000000000000000000000000000000000000000000000000000000000000000000000000000000000000000000000000000000000000000000000000000000000000000000000000000000000000000000
310
00000000000000000000000000000000000000000000000000000000000000000000000000000000000000000000000000000000000000000000000000000000000000000000000000000000000000000000000000000000000000000000000000000000000000000000000000000000000000000000000000000000000000
310
00000000000000000000000000000000000000000000000000000000000000000000000000000000000000000000000000000000000000000000000000000000000000000000000000000000000000000000000000000000000000000000000000000000000000000000000000000000000000000000000000000000000000
310
00000000000000000000000000000000000000000000000000000000000000000000000000000000000000000000000000000000000000000000000000000000000000000000000000000000000000000000000000000000000000000000000000000000000000000000000000000000000000000000000000000000000000
310
00000000000000000000000000000000000000000000000000000000000000000000000000000000000000000000000000000000000000000000000000000000000000000000000000000000000000000000000000000000000000000000000000000000000000000000000000000000000000000000000000000000000000
310
00000000000000000000000000000000000000000000000000000000000000000000000000000000000000000000000000000000000000000000000000000000000000000000000000000000000000000000000000000000000000000000000000000000000000000000000000000000000000000000000000000000000000
310
00000000000000000000000000000000000000000000000000000000000000000000000000000000000000000000000000000000000000000000000000000000000000000000000000000000000000000000000000000000000000000000000000000000000000000000000000000000000000000000000000000000000000
310
00000000000000000000000000000000000000000000000000000000000000000000000000000000000000000000000000000000000000000000000000000000000000000000000000000000000000000000000000000000000000000000000000000000000000000000000000000000000000000000000000000000000000
310
00000000000000000000000000000000000000000000000000000000000000000000000000000000000000000000000000000000000000000000000000000000000000000000000000000000000000000000000000000000000000000000000000000000000000000000000000000000000000000000000000000000000000
310
00000000000000000000000000000000000000000000000000000000000000000000000000000000000000000000000000000000000000000000000000000000000000000000000000000000000000000000000000000000000000000000000000000000000000000000000000000000000000000000000000000000000000
310
00000000000000000000000000000000000000000000000000000000000000000000000000000000000000000000000000000000000000000000000000000000000000000000000000000000000000000000000000000000000000000000000000000000000000000000000000000000000000000000000000000000000000
310
00000000000000000000000000000000000000000000000000000000000000000000000000000000000000000000000000000000000000000000000000000000000000000000000000000000000000000000000000000000000000000000000000000000000000000000000000000000000000000000000000000000000000
310
00000000000000000000000000000000000000000000000000000000000000000000000000000000000000000000000000000000000000000000000000000000000000000000000000000000000000000000000000000000000000000000000000000000000000000000000000000000000000000000000000000000000000
310
00000000000000000000000000000000000000000000000000000000000000000000000000000000000000000000000000000000000000000000000000000000000000000000000000000000000000000000000000000000000000000000000000000000000000000000000000000000000000000000000000000000000000
310
00000000000000000000000000000000000000000000000000000000000000000000000000000000000000000000000000000000000000000000000000000000000000000000000000000000000000000000000000000000000000000000000000000000000000000000000000000000000000000000000000000000000000
310
00000000000000000000000000000000000000000000000000000000000000000000000000000000000000000000000000000000000000000000000000000000000000000000000000000000000000000000000000000000000000000000000000000000000000000000000000000000000000000000000000000000000000
310
00000000000000000000000000000000000000000000000000000000000000000000000000000000000000000000000000000000000000000000000000000000000000000000000000000000000000000000000000000000000000000000000000000000000000000000000000000000000000000000000000000000000000
310
00000000000000000000000000000000000000000000000000000000000000000000000000000000000000000000000000000000000000000000000000000000000000000000000000000000000000000000000000000000000000000000000000000000000000000000000000000000000000000000000000000000000000
310
00000000000000000000000000000000000000000000000000000000000000000000000000000000000000000000000000000000000000000000000000000000000000000000000000000000000000000000000000000000000000000000000000000000000000000000000000000000000000000000000000000000000000
310
00000000000000000000000000000000000000000000000000000000000000000000000000000000000000000000000000000000000000000000000000000000000000000000000000000000000000000000000000000000000000000000000000000000000000000000000000000000000000000000000000000000000000
310
00000000000000000000000000000000000000000000000000000000000000000000000000000000000000000000000000000000000000000000000000000000000000000000000000000000000000000000000000000000000000000000000000000000000000000000000000000000000000000000000000000000000000
310
00000000000000000000000000000000000000000000000000000000000000000000000000000000000000000000000000000000000000000000000000000000000000000000000000000000000000000000000000000000000000000000000000000000000000000000000000000000000000000000000000000000000000
310
00000000000000000000000000000000000000000000000000000000000000000000000000000000000000000000000000000000000000000000000000000000000000000000000000000000000000000000000000000000000000000000000000000000000000000000000000000000000000000000000000000000000000
310
00000000000000000000000000000000000000000000000000000000000000000000000000000000000000000000000000000000000000000000000000000000000000000000000000000000000000000000000000000000000000000000000000000000000000000000000000000000000000000000000000000000000000
310
00000000000000000000000000000000000000000000000000000000000000000000000000000000000000000000000000000000000000000000000000000000000000000000000000000000000000000000000000000000000000000000000000000000000000000000000000000000000000000000000000000000000000
310
00000000000000000000000000000000000000000000000000000000000000000000000000000000000000000000000000000000000000000000000000000000000000000000000000000000000000000000000000000000000000000000000000000000000000000000000000000000000000000000000000000000000000
310
00000000000000000000000000000000000000000000000000000000000000000000000000000000000000000000000000000000000000000000000000000000000000000000000000000000000000000000000000000000000000000000000000000000000000000000000000000000000000000000000000000000000000
310
00000000000000000000000000000000000000000000000000000000000000000000000000000000000000000000000000000000000000000000000000000000000000000000000000000000000000000000000000000000000000000000000000000000000000000000000000000000000000000000000000000000000000
310
00000000000000000000000000000000000000000000000000000000000000000000000000000000000000000000000000000000000000000000000000000000000000000000000000000000000000000000000000000000000000000000000000000000000000000000000000000000000000000000000000000000000000
310
00000000000000000000000000000000000000000000000000000000000000000000000000000000000000000000000000000000000000000000000000000000000000000000000000000000000000000000000000000000000000000000000000000000000000000000000000000000000000000000000000000000000000
310
00000000000000000000000000000000000000000000000000000000000000000000000000000000000000000000000000000000000000000000000000000000000000000000000000000000000000000000000000000000000000000000000000000000000000000000000000000000000000000000000000000000000000
310
00000000000000000000000000000000000000000000000000000000000000000000000000000000000000000000000000000000000000000000000000000000000000000000000000000000000000000000000000000000000000000000000000000000000000000000000000000000000000000000000000000000000000
310
00000000000000000000000000000000000000000000000000000000000000000000000000000000000000000000000000000000000000000000000000000000
  0
ENDSEC
  0
EOF
